Year,Month,City_encoded,avg_PM25,avg_PM10,avg_NO2,avg_SO2,avg_CO,avg_O3,avg_AQI_lag1,avg_AQI_lag2,avg_AQI_lag3,avg_PM25_lag1,avg_PM25_lag2,avg_PM25_lag3,avg_PM10_lag1,avg_PM10_lag2,avg_AQI_roll3,avg_AQI_roll6,avg_PM25_roll3,avg_PM25_roll6,avg_AQI
2015,1,0,30.07,73.44,19.537419354838708,23.75887096774193,9.05,26.06870967741936,83.0,83.0,83.0,30.07,30.07,30.07,73.44,73.44,83.0,83.0,30.07,30.07,83.0
2015,1,0,30.07,73.44,19.537419354838708,23.75887096774193,9.05,26.06870967741936,83.0,83.0,83.0,30.07,30.07,30.07,73.44,73.44,83.0,83.0,30.07,30.07,83.0
2015,1,0,30.07,73.44,19.537419354838708,23.75887096774193,9.05,26.06870967741936,83.0,83.0,83.0,30.07,30.07,30.07,73.44,73.44,83.0,83.0,30.07,30.07,83.0
2015,1,0,30.07,73.44,19.537419354838708,23.75887096774193,9.05,26.06870967741936,83.0,83.0,83.0,30.07,30.07,30.07,73.44,73.44,83.0,83.0,30.07,30.07,83.0
2015,1,0,30.07,73.44,19.537419354838708,23.75887096774193,9.05,26.06870967741936,83.0,83.0,83.0,30.07,30.07,30.07,73.44,73.44,83.0,83.0,30.07,30.07,83.0
2015,2,0,30.07,73.43999999999998,22.62446428571429,13.547321428571427,3.75875,33.746428571428574,83.0,83.0,83.0,30.07,30.07,30.07,73.44,73.44,83.0,83.0,30.07,30.07,83.0
2015,2,0,30.07,73.43999999999998,22.62446428571429,13.547321428571427,3.75875,33.746428571428574,83.0,83.0,83.0,30.07,30.07,30.07,73.43999999999998,73.44,83.0,83.0,30.07,30.07,83.0
2015,2,0,30.07,73.43999999999998,22.62446428571429,13.547321428571427,3.75875,33.746428571428574,83.0,83.0,83.0,30.07,30.07,30.07,73.43999999999998,73.43999999999998,83.0,83.0,30.07,30.07,83.0
2015,2,0,30.07,73.43999999999998,22.62446428571429,13.547321428571427,3.75875,33.746428571428574,83.0,83.0,83.0,30.07,30.07,30.07,73.43999999999998,73.43999999999998,83.0,83.0,30.07,30.07,83.0
2015,2,0,30.07,73.43999999999998,22.62446428571429,13.547321428571427,3.75875,33.746428571428574,83.0,83.0,83.0,30.07,30.07,30.07,73.43999999999998,73.43999999999998,83.0,83.0,30.07,30.07,83.0
2015,2,0,30.07,73.43999999999998,22.62446428571429,13.547321428571427,3.75875,33.746428571428574,83.0,83.0,83.0,30.07,30.07,30.07,73.43999999999998,73.43999999999998,83.0,83.0,30.07,30.07,83.0
2015,2,0,30.07,73.43999999999998,22.62446428571429,13.547321428571427,3.75875,33.746428571428574,83.0,83.0,83.0,30.07,30.07,30.07,73.43999999999998,73.43999999999998,83.0,83.0,30.07,30.07,83.0
2015,2,0,30.07,73.43999999999998,22.62446428571429,13.547321428571427,3.75875,33.746428571428574,83.0,83.0,83.0,30.07,30.07,30.07,73.43999999999998,73.43999999999998,83.0,83.0,30.07,30.07,83.0
2015,2,0,30.07,73.43999999999998,22.62446428571429,13.547321428571427,3.75875,33.746428571428574,83.0,83.0,83.0,30.07,30.07,30.07,73.43999999999998,73.43999999999998,83.0,83.0,30.07,30.07,83.0
2015,2,0,30.07,73.43999999999998,22.62446428571429,13.547321428571427,3.75875,33.746428571428574,83.0,83.0,83.0,30.07,30.07,30.07,73.43999999999998,73.43999999999998,83.0,83.0,30.07,30.07,83.0
2015,3,0,35.4641935483871,73.44,21.46548387096774,19.383064516129032,7.702903225806451,40.64387096774194,83.0,83.0,83.0,30.07,30.07,30.07,73.43999999999998,73.43999999999998,87.74193548387098,85.37096774193549,31.868064516129035,30.969032258064516,97.2258064516129
2015,3,0,35.4641935483871,73.44,21.46548387096774,19.383064516129032,7.702903225806451,40.64387096774194,97.2258064516129,83.0,83.0,35.4641935483871,30.07,30.07,73.44,73.43999999999998,92.48387096774194,87.74193548387098,33.66612903225806,31.868064516129035,97.2258064516129
2015,3,0,35.4641935483871,73.44,21.46548387096774,19.383064516129032,7.702903225806451,40.64387096774194,97.2258064516129,97.2258064516129,83.0,35.4641935483871,35.4641935483871,30.07,73.44,73.44,97.2258064516129,90.11290322580645,35.4641935483871,32.767096774193554,97.2258064516129
2015,3,0,35.4641935483871,73.44,21.46548387096774,19.383064516129032,7.702903225806451,40.64387096774194,97.2258064516129,97.2258064516129,97.2258064516129,35.4641935483871,35.4641935483871,35.4641935483871,73.44,73.44,97.2258064516129,92.48387096774194,35.4641935483871,33.66612903225807,97.2258064516129
2015,3,0,35.4641935483871,73.44,21.46548387096774,19.383064516129032,7.702903225806451,40.64387096774194,97.2258064516129,97.2258064516129,97.2258064516129,35.4641935483871,35.4641935483871,35.4641935483871,73.44,73.44,97.2258064516129,94.85483870967742,35.4641935483871,34.565161290322585,97.2258064516129
2015,3,0,35.4641935483871,73.44,21.46548387096774,19.383064516129032,7.702903225806451,40.64387096774194,97.2258064516129,97.2258064516129,97.2258064516129,35.4641935483871,35.4641935483871,35.4641935483871,73.44,73.44,97.2258064516129,97.2258064516129,35.4641935483871,35.4641935483871,97.2258064516129
2015,3,0,35.4641935483871,73.44,21.46548387096774,19.383064516129032,7.702903225806451,40.64387096774194,97.2258064516129,97.2258064516129,97.2258064516129,35.4641935483871,35.4641935483871,35.4641935483871,73.44,73.44,97.2258064516129,97.2258064516129,35.4641935483871,35.4641935483871,97.2258064516129
2015,3,0,35.4641935483871,73.44,21.46548387096774,19.383064516129032,7.702903225806451,40.64387096774194,97.2258064516129,97.2258064516129,97.2258064516129,35.4641935483871,35.4641935483871,35.4641935483871,73.44,73.44,97.2258064516129,97.2258064516129,35.4641935483871,35.4641935483871,97.2258064516129
2015,3,0,35.4641935483871,73.44,21.46548387096774,19.383064516129032,7.702903225806451,40.64387096774194,97.2258064516129,97.2258064516129,97.2258064516129,35.4641935483871,35.4641935483871,35.4641935483871,73.44,73.44,97.2258064516129,97.2258064516129,35.4641935483871,35.4641935483871,97.2258064516129
2015,3,0,35.4641935483871,73.44,21.46548387096774,19.383064516129032,7.702903225806451,40.64387096774194,97.2258064516129,97.2258064516129,97.2258064516129,35.4641935483871,35.4641935483871,35.4641935483871,73.44,73.44,97.2258064516129,97.2258064516129,35.4641935483871,35.4641935483871,97.2258064516129
2015,4,0,29.907,73.44,8.877166666666666,12.142,3.2431666666666668,47.13483333333333,97.2258064516129,97.2258064516129,97.2258064516129,35.4641935483871,35.4641935483871,35.4641935483871,73.44,73.44,102.71720430107526,99.97150537634407,33.61179569892473,34.53799462365592,113.7
2015,4,0,29.907,73.44,8.877166666666666,12.142,3.2431666666666668,47.13483333333333,113.7,97.2258064516129,97.2258064516129,29.907,35.4641935483871,35.4641935483871,73.44,73.44,108.20860215053763,102.71720430107526,31.759397849462363,33.61179569892473,113.7
2015,4,0,29.907,73.44,8.877166666666666,12.142,3.2431666666666668,47.13483333333333,113.7,113.7,97.2258064516129,29.907,29.907,35.4641935483871,73.44,73.44,113.7,105.46290322580644,29.907,32.68559677419355,113.7
2015,4,0,29.907,73.44,8.877166666666666,12.142,3.2431666666666668,47.13483333333333,113.7,113.7,113.7,29.907,29.907,29.907,73.44,73.44,113.7,108.20860215053763,29.907,31.759397849462363,113.7
2015,4,0,29.907,73.44,8.877166666666666,12.142,3.2431666666666668,47.13483333333333,113.7,113.7,113.7,29.907,29.907,29.907,73.44,73.44,113.7,110.95430107526882,29.907,30.83319892473118,113.7
2015,4,0,29.907,73.44,8.877166666666666,12.142,3.2431666666666668,47.13483333333333,113.7,113.7,113.7,29.907,29.907,29.907,73.44,73.44,113.7,113.7,29.907,29.907,113.7
2015,4,0,29.907,73.44,8.877166666666666,12.142,3.2431666666666668,47.13483333333333,113.7,113.7,113.7,29.907,29.907,29.907,73.44,73.44,113.7,113.7,29.907,29.907,113.7
2015,4,0,29.907,73.44,8.877166666666666,12.142,3.2431666666666668,47.13483333333333,113.7,113.7,113.7,29.907,29.907,29.907,73.44,73.44,113.7,113.7,29.907,29.907,113.7
2015,4,0,29.907,73.44,8.877166666666666,12.142,3.2431666666666668,47.13483333333333,113.7,113.7,113.7,29.907,29.907,29.907,73.44,73.44,113.7,113.7,29.907,29.907,113.7
2015,4,0,29.907,73.44,8.877166666666666,12.142,3.2431666666666668,47.13483333333333,113.7,113.7,113.7,29.907,29.907,29.907,73.44,73.44,113.7,113.7,29.907,29.907,113.7
2015,5,0,34.58693548387097,73.44,22.28516129032258,6.0720967741935485,5.042258064516129,29.940806451612907,113.7,113.7,113.7,29.907,29.907,29.907,73.44,73.44,109.88064516129032,111.79032258064517,31.466978494623657,30.68698924731183,102.24193548387096
2015,5,0,34.58693548387097,73.44,22.28516129032258,6.0720967741935485,5.042258064516129,29.940806451612907,102.24193548387096,113.7,113.7,34.58693548387097,29.907,29.907,73.44,73.44,106.06129032258065,109.88064516129032,33.02695698924731,31.466978494623657,102.24193548387096
2015,5,0,34.58693548387097,73.44,22.28516129032258,6.0720967741935485,5.042258064516129,29.940806451612907,102.24193548387096,102.24193548387096,113.7,34.58693548387097,34.58693548387097,29.907,73.44,73.44,102.24193548387096,107.9709677419355,34.58693548387097,32.246967741935485,102.24193548387096
2015,5,0,34.58693548387097,73.44,22.28516129032258,6.0720967741935485,5.042258064516129,29.940806451612907,102.24193548387096,102.24193548387096,102.24193548387096,34.58693548387097,34.58693548387097,34.58693548387097,73.44,73.44,102.24193548387096,106.06129032258065,34.58693548387097,33.02695698924731,102.24193548387096
2015,5,0,34.58693548387097,73.44,22.28516129032258,6.0720967741935485,5.042258064516129,29.940806451612907,102.24193548387096,102.24193548387096,102.24193548387096,34.58693548387097,34.58693548387097,34.58693548387097,73.44,73.44,102.24193548387096,104.1516129032258,34.58693548387097,33.806946236559135,102.24193548387096
2015,5,0,34.58693548387097,73.44,22.28516129032258,6.0720967741935485,5.042258064516129,29.940806451612907,102.24193548387096,102.24193548387096,102.24193548387096,34.58693548387097,34.58693548387097,34.58693548387097,73.44,73.44,102.24193548387096,102.24193548387096,34.58693548387097,34.58693548387097,102.24193548387096
2015,5,0,34.58693548387097,73.44,22.28516129032258,6.0720967741935485,5.042258064516129,29.940806451612907,102.24193548387096,102.24193548387096,102.24193548387096,34.58693548387097,34.58693548387097,34.58693548387097,73.44,73.44,102.24193548387096,102.24193548387096,34.58693548387097,34.58693548387097,102.24193548387096
2015,5,0,34.58693548387097,73.44,22.28516129032258,6.0720967741935485,5.042258064516129,29.940806451612907,102.24193548387096,102.24193548387096,102.24193548387096,34.58693548387097,34.58693548387097,34.58693548387097,73.44,73.44,102.24193548387096,102.24193548387096,34.58693548387097,34.58693548387097,102.24193548387096
2015,5,0,34.58693548387097,73.44,22.28516129032258,6.0720967741935485,5.042258064516129,29.940806451612907,102.24193548387096,102.24193548387096,102.24193548387096,34.58693548387097,34.58693548387097,34.58693548387097,73.44,73.44,102.24193548387096,102.24193548387096,34.58693548387097,34.58693548387097,102.24193548387096
2015,5,0,34.58693548387097,73.44,22.28516129032258,6.0720967741935485,5.042258064516129,29.940806451612907,102.24193548387096,102.24193548387096,102.24193548387096,34.58693548387097,34.58693548387097,34.58693548387097,73.44,73.44,102.24193548387096,102.24193548387096,34.58693548387097,34.58693548387097,102.24193548387096
2015,6,0,18.3425,73.44,14.384333333333334,6.658,4.972,25.706000000000003,102.24193548387096,102.24193548387096,102.24193548387096,34.58693548387097,34.58693548387097,34.58693548387097,73.44,73.44,103.85573476702507,103.04883512544802,29.172123655913975,31.879529569892473,107.08333333333331
2015,6,0,18.3425,73.44,14.384333333333334,6.658,4.972,25.706000000000003,107.08333333333331,102.24193548387096,102.24193548387096,18.3425,34.58693548387097,34.58693548387097,73.44,73.44,105.4695340501792,103.85573476702507,23.757311827956993,29.17212365591398,107.08333333333331
2015,6,0,18.3425,73.44,14.384333333333334,6.658,4.972,25.706000000000003,107.08333333333331,107.08333333333331,102.24193548387096,18.3425,18.3425,34.58693548387097,73.44,73.44,107.08333333333331,104.66263440860213,18.3425,26.464717741935484,107.08333333333331
2015,6,0,18.3425,73.44,14.384333333333334,6.658,4.972,25.706000000000003,107.08333333333331,107.08333333333331,107.08333333333331,18.3425,18.3425,18.3425,73.44,73.44,107.08333333333331,105.4695340501792,18.3425,23.757311827956993,107.08333333333331
2015,6,0,18.3425,73.44,14.384333333333334,6.658,4.972,25.706000000000003,107.08333333333331,107.08333333333331,107.08333333333331,18.3425,18.3425,18.3425,73.44,73.44,107.08333333333331,106.27643369175625,18.3425,21.049905913978495,107.08333333333331
2015,6,0,18.3425,73.44,14.384333333333334,6.658,4.972,25.706000000000003,107.08333333333331,107.08333333333331,107.08333333333331,18.3425,18.3425,18.3425,73.44,73.44,107.08333333333331,107.08333333333331,18.3425,18.3425,107.08333333333331
2015,6,0,18.3425,73.44,14.384333333333334,6.658,4.972,25.706000000000003,107.08333333333331,107.08333333333331,107.08333333333331,18.3425,18.3425,18.3425,73.44,73.44,107.08333333333331,107.08333333333331,18.3425,18.3425,107.08333333333331
2015,6,0,18.3425,73.44,14.384333333333334,6.658,4.972,25.706000000000003,107.08333333333331,107.08333333333331,107.08333333333331,18.3425,18.3425,18.3425,73.44,73.44,107.08333333333331,107.08333333333331,18.3425,18.3425,107.08333333333331
2015,6,0,18.3425,73.44,14.384333333333334,6.658,4.972,25.706000000000003,107.08333333333331,107.08333333333331,107.08333333333331,18.3425,18.3425,18.3425,73.44,73.44,107.08333333333331,107.08333333333331,18.3425,18.3425,107.08333333333331
2015,6,0,18.3425,73.44,14.384333333333334,6.658,4.972,25.706000000000003,107.08333333333331,107.08333333333331,107.08333333333331,18.3425,18.3425,18.3425,73.44,73.44,107.08333333333331,107.08333333333331,18.3425,18.3425,107.08333333333331
2015,7,0,21.048870967741934,73.44,10.378225806451614,3.94258064516129,11.203870967741937,18.98774193548387,107.08333333333331,107.08333333333331,107.08333333333331,18.3425,18.3425,18.3425,73.44,73.44,122.49103942652329,114.7871863799283,19.24462365591398,18.79356182795699,153.30645161290323
2015,7,0,21.048870967741934,73.44,10.378225806451614,3.94258064516129,11.203870967741937,18.98774193548387,153.30645161290323,107.08333333333331,107.08333333333331,21.048870967741934,18.3425,18.3425,73.44,73.44,137.89874551971326,122.49103942652327,20.146747311827955,19.24462365591398,153.30645161290323
2015,7,0,21.048870967741934,73.44,10.378225806451614,3.94258064516129,11.203870967741937,18.98774193548387,153.30645161290323,153.30645161290323,107.08333333333331,21.048870967741934,21.048870967741934,18.3425,73.44,73.44,153.30645161290323,130.19489247311827,21.048870967741934,19.695685483870964,153.30645161290323
2015,7,0,21.048870967741934,73.44,10.378225806451614,3.94258064516129,11.203870967741937,18.98774193548387,153.30645161290323,153.30645161290323,153.30645161290323,21.048870967741934,21.048870967741934,21.048870967741934,73.44,73.44,153.30645161290323,137.89874551971323,21.048870967741934,20.146747311827955,153.30645161290323
2015,7,0,21.048870967741934,73.44,10.378225806451614,3.94258064516129,11.203870967741937,18.98774193548387,153.30645161290323,153.30645161290323,153.30645161290323,21.048870967741934,21.048870967741934,21.048870967741934,73.44,73.44,153.30645161290323,145.60259856630825,21.048870967741934,20.597809139784943,153.30645161290323
2015,7,0,21.048870967741934,73.44,10.378225806451614,3.94258064516129,11.203870967741937,18.98774193548387,153.30645161290323,153.30645161290323,153.30645161290323,21.048870967741934,21.048870967741934,21.048870967741934,73.44,73.44,153.30645161290323,153.30645161290323,21.048870967741934,21.048870967741934,153.30645161290323
2015,7,0,21.048870967741934,73.44,10.378225806451614,3.94258064516129,11.203870967741937,18.98774193548387,153.30645161290323,153.30645161290323,153.30645161290323,21.048870967741934,21.048870967741934,21.048870967741934,73.44,73.44,153.30645161290323,153.30645161290323,21.048870967741934,21.048870967741934,153.30645161290323
2015,7,0,21.048870967741934,73.44,10.378225806451614,3.94258064516129,11.203870967741937,18.98774193548387,153.30645161290323,153.30645161290323,153.30645161290323,21.048870967741934,21.048870967741934,21.048870967741934,73.44,73.44,153.30645161290323,153.30645161290323,21.048870967741934,21.048870967741934,153.30645161290323
2015,7,0,21.048870967741934,73.44,10.378225806451614,3.94258064516129,11.203870967741937,18.98774193548387,153.30645161290323,153.30645161290323,153.30645161290323,21.048870967741934,21.048870967741934,21.048870967741934,73.44,73.44,153.30645161290323,153.30645161290323,21.048870967741934,21.048870967741934,153.30645161290323
2015,7,0,21.048870967741934,73.44,10.378225806451614,3.94258064516129,11.203870967741937,18.98774193548387,153.30645161290323,153.30645161290323,153.30645161290323,21.048870967741934,21.048870967741934,21.048870967741934,73.44,73.44,153.30645161290323,153.30645161290323,21.048870967741934,21.048870967741934,153.30645161290323
2015,8,0,20.996935483870967,73.44,13.901774193548386,3.025483870967742,11.811612903225807,18.320967741935487,153.30645161290323,153.30645161290323,153.30645161290323,21.048870967741934,21.048870967741934,21.048870967741934,73.44,73.44,146.8978494623656,150.1021505376344,21.031559139784946,21.04021505376344,134.0806451612903
2015,8,0,20.996935483870967,73.44,13.901774193548386,3.025483870967742,11.811612903225807,18.320967741935487,134.0806451612903,153.30645161290323,153.30645161290323,20.996935483870967,21.048870967741934,21.048870967741934,73.44,73.44,140.48924731182794,146.89784946236557,21.014247311827955,21.031559139784946,134.0806451612903
2015,8,0,20.996935483870967,73.44,13.901774193548386,3.025483870967742,11.811612903225807,18.320967741935487,134.0806451612903,134.0806451612903,153.30645161290323,20.996935483870967,20.996935483870967,21.048870967741934,73.44,73.44,134.0806451612903,143.69354838709677,20.996935483870967,21.02290322580645,134.0806451612903
2015,8,0,20.996935483870967,73.44,13.901774193548386,3.025483870967742,11.811612903225807,18.320967741935487,134.0806451612903,134.0806451612903,134.0806451612903,20.996935483870967,20.996935483870967,20.996935483870967,73.44,73.44,134.0806451612903,140.48924731182794,20.996935483870967,21.01424731182796,134.0806451612903
2015,8,0,20.996935483870967,73.44,13.901774193548386,3.025483870967742,11.811612903225807,18.320967741935487,134.0806451612903,134.0806451612903,134.0806451612903,20.996935483870967,20.996935483870967,20.996935483870967,73.44,73.44,134.0806451612903,137.28494623655914,20.996935483870967,21.00559139784946,134.0806451612903
2015,8,0,20.996935483870967,73.44,13.901774193548386,3.025483870967742,11.811612903225807,18.320967741935487,134.0806451612903,134.0806451612903,134.0806451612903,20.996935483870967,20.996935483870967,20.996935483870967,73.44,73.44,134.0806451612903,134.0806451612903,20.996935483870967,20.996935483870967,134.0806451612903
2015,8,0,20.996935483870967,73.44,13.901774193548386,3.025483870967742,11.811612903225807,18.320967741935487,134.0806451612903,134.0806451612903,134.0806451612903,20.996935483870967,20.996935483870967,20.996935483870967,73.44,73.44,134.0806451612903,134.0806451612903,20.996935483870967,20.996935483870967,134.0806451612903
2015,8,0,20.996935483870967,73.44,13.901774193548386,3.025483870967742,11.811612903225807,18.320967741935487,134.0806451612903,134.0806451612903,134.0806451612903,20.996935483870967,20.996935483870967,20.996935483870967,73.44,73.44,134.0806451612903,134.0806451612903,20.996935483870967,20.996935483870967,134.0806451612903
2015,8,0,20.996935483870967,73.44,13.901774193548386,3.025483870967742,11.811612903225807,18.320967741935487,134.0806451612903,134.0806451612903,134.0806451612903,20.996935483870967,20.996935483870967,20.996935483870967,73.44,73.44,134.0806451612903,134.0806451612903,20.996935483870967,20.996935483870967,134.0806451612903
2015,8,0,20.996935483870967,73.44,13.901774193548386,3.025483870967742,11.811612903225807,18.320967741935487,134.0806451612903,134.0806451612903,134.0806451612903,20.996935483870967,20.996935483870967,20.996935483870967,73.44,73.44,134.0806451612903,134.0806451612903,20.996935483870967,20.996935483870967,134.0806451612903
2015,9,0,19.93220338983051,73.44,17.715762711864407,2.4271186440677965,6.08593220338983,23.175762711864408,134.0806451612903,134.0806451612903,134.0806451612903,20.996935483870967,20.996935483870967,20.996935483870967,73.44,73.44,121.60743575724439,127.84404045926733,20.642024785857483,20.819480134864225,96.66101694915254
2015,9,0,19.93220338983051,73.44,17.715762711864407,2.4271186440677965,6.08593220338983,23.175762711864408,96.66101694915254,134.0806451612903,134.0806451612903,19.93220338983051,20.996935483870967,20.996935483870967,73.44,73.44,109.13422635319846,121.60743575724439,20.287114087843992,20.642024785857483,96.66101694915254
2015,9,0,19.93220338983051,73.44,17.715762711864407,2.4271186440677965,6.08593220338983,23.175762711864408,96.66101694915254,96.66101694915254,134.0806451612903,19.93220338983051,19.93220338983051,20.996935483870967,73.44,73.44,96.66101694915254,115.37083105522142,19.93220338983051,20.464569436850738,96.66101694915254
2015,9,0,19.93220338983051,73.44,17.715762711864407,2.4271186440677965,6.08593220338983,23.175762711864408,96.66101694915254,96.66101694915254,96.66101694915254,19.93220338983051,19.93220338983051,19.93220338983051,73.44,73.44,96.66101694915254,109.13422635319846,19.93220338983051,20.287114087843992,96.66101694915254
2015,9,0,19.93220338983051,73.44,17.715762711864407,2.4271186440677965,6.08593220338983,23.175762711864408,96.66101694915254,96.66101694915254,96.66101694915254,19.93220338983051,19.93220338983051,19.93220338983051,73.44,73.44,96.66101694915254,102.8976216511755,19.93220338983051,20.10965873883725,96.66101694915254
2015,9,0,19.93220338983051,73.44,17.715762711864407,2.4271186440677965,6.08593220338983,23.175762711864408,96.66101694915254,96.66101694915254,96.66101694915254,19.93220338983051,19.93220338983051,19.93220338983051,73.44,73.44,96.66101694915254,96.66101694915254,19.93220338983051,19.93220338983051,96.66101694915254
2015,9,0,19.93220338983051,73.44,17.715762711864407,2.4271186440677965,6.08593220338983,23.175762711864408,96.66101694915254,96.66101694915254,96.66101694915254,19.93220338983051,19.93220338983051,19.93220338983051,73.44,73.44,96.66101694915254,96.66101694915254,19.93220338983051,19.93220338983051,96.66101694915254
2015,9,0,19.93220338983051,73.44,17.715762711864407,2.4271186440677965,6.08593220338983,23.175762711864408,96.66101694915254,96.66101694915254,96.66101694915254,19.93220338983051,19.93220338983051,19.93220338983051,73.44,73.44,96.66101694915254,96.66101694915254,19.93220338983051,19.93220338983051,96.66101694915254
2015,9,0,19.93220338983051,73.44,17.715762711864407,2.4271186440677965,6.08593220338983,23.175762711864408,96.66101694915254,96.66101694915254,96.66101694915254,19.93220338983051,19.93220338983051,19.93220338983051,73.44,73.44,96.66101694915254,96.66101694915254,19.93220338983051,19.93220338983051,96.66101694915254
2015,9,0,19.93220338983051,73.44,17.715762711864407,2.4271186440677965,6.08593220338983,23.175762711864408,96.66101694915254,96.66101694915254,96.66101694915254,19.93220338983051,19.93220338983051,19.93220338983051,73.44,73.44,96.66101694915254,96.66101694915254,19.93220338983051,19.93220338983051,96.66101694915254
2015,10,0,31.71983870967742,73.44,26.809516129032257,3.11983870967742,2.654677419354839,24.380483870967744,96.66101694915254,96.66101694915254,96.66101694915254,19.93220338983051,19.93220338983051,19.93220338983051,73.44,73.44,98.73637689083289,97.6986969199927,23.86141516311281,21.89680927647166,102.88709677419357
2015,10,0,31.71983870967742,73.44,26.809516129032257,3.11983870967742,2.654677419354839,24.380483870967744,102.88709677419357,96.66101694915254,96.66101694915254,31.71983870967742,19.93220338983051,19.93220338983051,73.44,73.44,100.8117368325132,98.73637689083289,27.790626936395114,23.861415163112813,102.88709677419357
2015,10,0,31.71983870967742,73.44,26.809516129032257,3.11983870967742,2.654677419354839,24.380483870967744,102.88709677419357,102.88709677419357,96.66101694915254,31.71983870967742,31.71983870967742,19.93220338983051,73.44,73.44,102.88709677419357,99.77405686167306,31.71983870967742,25.82602104975396,102.88709677419357
2015,10,0,31.71983870967742,73.44,26.809516129032257,3.11983870967742,2.654677419354839,24.380483870967744,102.88709677419357,102.88709677419357,102.88709677419357,31.71983870967742,31.71983870967742,31.71983870967742,73.44,73.44,102.88709677419357,100.81173683251323,31.71983870967742,27.790626936395114,102.88709677419357
2015,10,0,31.71983870967742,73.44,26.809516129032257,3.11983870967742,2.654677419354839,24.380483870967744,102.88709677419357,102.88709677419357,102.88709677419357,31.71983870967742,31.71983870967742,31.71983870967742,73.44,73.44,102.88709677419357,101.84941680335339,31.71983870967742,29.755232823036266,102.88709677419357
2015,10,0,31.71983870967742,73.44,26.809516129032257,3.11983870967742,2.654677419354839,24.380483870967744,102.88709677419357,102.88709677419357,102.88709677419357,31.71983870967742,31.71983870967742,31.71983870967742,73.44,73.44,102.88709677419357,102.88709677419357,31.71983870967742,31.71983870967742,102.88709677419357
2015,10,0,31.71983870967742,73.44,26.809516129032257,3.11983870967742,2.654677419354839,24.380483870967744,102.88709677419357,102.88709677419357,102.88709677419357,31.71983870967742,31.71983870967742,31.71983870967742,73.44,73.44,102.88709677419357,102.88709677419357,31.71983870967742,31.71983870967742,102.88709677419357
2015,10,0,31.71983870967742,73.44,26.809516129032257,3.11983870967742,2.654677419354839,24.380483870967744,102.88709677419357,102.88709677419357,102.88709677419357,31.71983870967742,31.71983870967742,31.71983870967742,73.44,73.44,102.88709677419357,102.88709677419357,31.71983870967742,31.71983870967742,102.88709677419357
2015,10,0,31.71983870967742,73.44,26.809516129032257,3.11983870967742,2.654677419354839,24.380483870967744,102.88709677419357,102.88709677419357,102.88709677419357,31.71983870967742,31.71983870967742,31.71983870967742,73.44,73.44,102.88709677419357,102.88709677419357,31.71983870967742,31.71983870967742,102.88709677419357
2015,10,0,31.71983870967742,73.44,26.809516129032257,3.11983870967742,2.654677419354839,24.380483870967744,102.88709677419357,102.88709677419357,102.88709677419357,31.71983870967742,31.71983870967742,31.71983870967742,73.44,73.44,102.88709677419357,102.88709677419357,31.71983870967742,31.71983870967742,102.88709677419357
2015,11,0,31.482325581395347,72.93488372093023,20.36593023255814,3.016395348837209,3.0219767441860466,27.25325581395349,102.88709677419357,102.88709677419357,102.88709677419357,31.71983870967742,31.71983870967742,31.71983870967742,73.44,73.44,97.90922730682672,100.39816204051014,31.640667666916727,31.680253188297073,87.95348837209302
2015,11,0,31.482325581395347,72.93488372093023,20.36593023255814,3.016395348837209,3.0219767441860466,27.25325581395349,87.95348837209302,102.88709677419357,102.88709677419357,31.482325581395347,31.71983870967742,31.71983870967742,72.93488372093023,73.44,92.93135783945986,97.90922730682672,31.561496624156035,31.640667666916727,87.95348837209302
2015,11,0,31.482325581395347,72.93488372093023,20.36593023255814,3.016395348837209,3.0219767441860466,27.25325581395349,87.95348837209302,87.95348837209302,102.88709677419357,31.482325581395347,31.482325581395347,31.71983870967742,72.93488372093023,72.93488372093023,87.95348837209302,95.42029257314329,31.482325581395347,31.601082145536385,87.95348837209302
2015,11,0,31.482325581395347,72.93488372093023,20.36593023255814,3.016395348837209,3.0219767441860466,27.25325581395349,87.95348837209302,87.95348837209302,87.95348837209302,31.482325581395347,31.482325581395347,31.482325581395347,72.93488372093023,72.93488372093023,87.95348837209302,92.93135783945986,31.482325581395347,31.56149662415604,87.95348837209302
2015,11,0,31.482325581395347,72.93488372093023,20.36593023255814,3.016395348837209,3.0219767441860466,27.25325581395349,87.95348837209302,87.95348837209302,87.95348837209302,31.482325581395347,31.482325581395347,31.482325581395347,72.93488372093023,72.93488372093023,87.95348837209302,90.44242310577646,31.482325581395347,31.521911102775693,87.95348837209302
2015,11,0,31.482325581395347,72.93488372093023,20.36593023255814,3.016395348837209,3.0219767441860466,27.25325581395349,87.95348837209302,87.95348837209302,87.95348837209302,31.482325581395347,31.482325581395347,31.482325581395347,72.93488372093023,72.93488372093023,87.95348837209302,87.95348837209302,31.482325581395347,31.482325581395347,87.95348837209302
2015,11,0,31.482325581395347,72.93488372093023,20.36593023255814,3.016395348837209,3.0219767441860466,27.25325581395349,87.95348837209302,87.95348837209302,87.95348837209302,31.482325581395347,31.482325581395347,31.482325581395347,72.93488372093023,72.93488372093023,87.95348837209302,87.95348837209302,31.482325581395347,31.482325581395347,87.95348837209302
2015,11,0,31.482325581395347,72.93488372093023,20.36593023255814,3.016395348837209,3.0219767441860466,27.25325581395349,87.95348837209302,87.95348837209302,87.95348837209302,31.482325581395347,31.482325581395347,31.482325581395347,72.93488372093023,72.93488372093023,87.95348837209302,87.95348837209302,31.482325581395347,31.482325581395347,87.95348837209302
2015,11,0,31.482325581395347,72.93488372093023,20.36593023255814,3.016395348837209,3.0219767441860466,27.25325581395349,87.95348837209302,87.95348837209302,87.95348837209302,31.482325581395347,31.482325581395347,31.482325581395347,72.93488372093023,72.93488372093023,87.95348837209302,87.95348837209302,31.482325581395347,31.482325581395347,87.95348837209302
2015,11,0,31.482325581395347,72.93488372093023,20.36593023255814,3.016395348837209,3.0219767441860466,27.25325581395349,87.95348837209302,87.95348837209302,87.95348837209302,31.482325581395347,31.482325581395347,31.482325581395347,72.93488372093023,72.93488372093023,87.95348837209302,87.95348837209302,31.482325581395347,31.482325581395347,87.95348837209302
2015,12,0,38.373333333333335,73.74130081300814,44.84373983739837,5.7593495934959344,1.93479674796748,28.19934959349594,87.95348837209302,87.95348837209302,87.95348837209302,31.482325581395347,31.482325581395347,31.482325581395347,72.93488372093023,72.93488372093023,91.6329488876284,89.7932186298607,33.77932816537467,32.63082687338501,98.99186991869918
2015,12,0,38.373333333333335,73.74130081300814,44.84373983739837,5.7593495934959344,1.93479674796748,28.19934959349594,98.99186991869918,87.95348837209302,87.95348837209302,38.373333333333335,31.482325581395347,31.482325581395347,73.74130081300814,72.93488372093023,95.31240940316378,91.6329488876284,36.07633074935401,33.77932816537467,98.99186991869918
2015,12,0,38.373333333333335,73.74130081300814,44.84373983739837,5.7593495934959344,1.93479674796748,28.19934959349594,98.99186991869918,98.99186991869918,87.95348837209302,38.373333333333335,38.373333333333335,31.482325581395347,73.74130081300814,73.74130081300814,98.99186991869918,93.4726791453961,38.373333333333335,34.92782945736434,98.99186991869918
2015,12,0,38.373333333333335,73.74130081300814,44.84373983739837,5.7593495934959344,1.93479674796748,28.19934959349594,98.99186991869918,98.99186991869918,98.99186991869918,38.373333333333335,38.373333333333335,38.373333333333335,73.74130081300814,73.74130081300814,98.99186991869918,95.31240940316378,38.373333333333335,36.07633074935401,98.99186991869918
2015,12,0,38.373333333333335,73.74130081300814,44.84373983739837,5.7593495934959344,1.93479674796748,28.19934959349594,98.99186991869918,98.99186991869918,98.99186991869918,38.373333333333335,38.373333333333335,38.373333333333335,73.74130081300814,73.74130081300814,98.99186991869918,97.15213966093148,38.373333333333335,37.22483204134367,98.99186991869918
2015,12,0,38.373333333333335,73.74130081300814,44.84373983739837,5.7593495934959344,1.93479674796748,28.19934959349594,98.99186991869918,98.99186991869918,98.99186991869918,38.373333333333335,38.373333333333335,38.373333333333335,73.74130081300814,73.74130081300814,98.99186991869918,98.99186991869918,38.373333333333335,38.373333333333335,98.99186991869918
2015,12,0,38.373333333333335,73.74130081300814,44.84373983739837,5.7593495934959344,1.93479674796748,28.19934959349594,98.99186991869918,98.99186991869918,98.99186991869918,38.373333333333335,38.373333333333335,38.373333333333335,73.74130081300814,73.74130081300814,98.99186991869918,98.99186991869918,38.373333333333335,38.373333333333335,98.99186991869918
2015,12,0,38.373333333333335,73.74130081300814,44.84373983739837,5.7593495934959344,1.93479674796748,28.19934959349594,98.99186991869918,98.99186991869918,98.99186991869918,38.373333333333335,38.373333333333335,38.373333333333335,73.74130081300814,73.74130081300814,98.99186991869918,98.99186991869918,38.373333333333335,38.373333333333335,98.99186991869918
2015,12,0,38.373333333333335,73.74130081300814,44.84373983739837,5.7593495934959344,1.93479674796748,28.19934959349594,98.99186991869918,98.99186991869918,98.99186991869918,38.373333333333335,38.373333333333335,38.373333333333335,73.74130081300814,73.74130081300814,98.99186991869918,98.99186991869918,38.373333333333335,38.373333333333335,98.99186991869918
2015,12,0,38.373333333333335,73.74130081300814,44.84373983739837,5.7593495934959344,1.93479674796748,28.19934959349594,98.99186991869918,98.99186991869918,98.99186991869918,38.373333333333335,38.373333333333335,38.373333333333335,73.74130081300814,73.74130081300814,98.99186991869918,98.99186991869918,38.373333333333335,38.373333333333335,98.99186991869918
2016,1,0,51.418392857142855,90.92455357142856,55.77616071428572,11.636696428571428,1.116607142857143,28.86116071428572,98.99186991869918,98.99186991869918,98.99186991869918,38.373333333333335,38.373333333333335,38.373333333333335,73.74130081300814,73.74130081300814,109.48862756484708,104.24024874177313,42.72168650793651,40.54750992063492,130.48214285714286
2016,1,0,51.418392857142855,90.92455357142856,55.77616071428572,11.636696428571428,1.116607142857143,28.86116071428572,130.48214285714286,98.99186991869918,98.99186991869918,51.418392857142855,38.373333333333335,38.373333333333335,90.92455357142856,73.74130081300814,119.98538521099495,109.48862756484708,47.07003968253969,42.72168650793651,130.48214285714286
2016,1,0,51.418392857142855,90.92455357142856,55.77616071428572,11.636696428571428,1.116607142857143,28.86116071428572,130.48214285714286,130.48214285714286,98.99186991869918,51.418392857142855,51.418392857142855,38.373333333333335,90.92455357142856,90.92455357142856,130.48214285714286,114.737006387921,51.418392857142855,44.8958630952381,130.48214285714286
2016,1,0,51.418392857142855,90.92455357142856,55.77616071428572,11.636696428571428,1.116607142857143,28.86116071428572,130.48214285714286,130.48214285714286,130.48214285714286,51.418392857142855,51.418392857142855,51.418392857142855,90.92455357142856,90.92455357142856,130.48214285714286,119.98538521099495,51.418392857142855,47.07003968253969,130.48214285714286
2016,1,0,51.418392857142855,90.92455357142856,55.77616071428572,11.636696428571428,1.116607142857143,28.86116071428572,130.48214285714286,130.48214285714286,130.48214285714286,51.418392857142855,51.418392857142855,51.418392857142855,90.92455357142856,90.92455357142856,130.48214285714286,125.23376403406893,51.418392857142855,49.244216269841274,130.48214285714286
2016,1,0,51.418392857142855,90.92455357142856,55.77616071428572,11.636696428571428,1.116607142857143,28.86116071428572,130.48214285714286,130.48214285714286,130.48214285714286,51.418392857142855,51.418392857142855,51.418392857142855,90.92455357142856,90.92455357142856,130.48214285714286,130.48214285714286,51.418392857142855,51.418392857142855,130.48214285714286
2016,1,0,51.418392857142855,90.92455357142856,55.77616071428572,11.636696428571428,1.116607142857143,28.86116071428572,130.48214285714286,130.48214285714286,130.48214285714286,51.418392857142855,51.418392857142855,51.418392857142855,90.92455357142856,90.92455357142856,130.48214285714286,130.48214285714286,51.418392857142855,51.418392857142855,130.48214285714286
2016,1,0,51.418392857142855,90.92455357142856,55.77616071428572,11.636696428571428,1.116607142857143,28.86116071428572,130.48214285714286,130.48214285714286,130.48214285714286,51.418392857142855,51.418392857142855,51.418392857142855,90.92455357142856,90.92455357142856,130.48214285714286,130.48214285714286,51.418392857142855,51.418392857142855,130.48214285714286
2016,1,0,51.418392857142855,90.92455357142856,55.77616071428572,11.636696428571428,1.116607142857143,28.86116071428572,130.48214285714286,130.48214285714286,130.48214285714286,51.418392857142855,51.418392857142855,51.418392857142855,90.92455357142856,90.92455357142856,130.48214285714286,130.48214285714286,51.418392857142855,51.418392857142855,130.48214285714286
2016,1,0,51.418392857142855,90.92455357142856,55.77616071428572,11.636696428571428,1.116607142857143,28.86116071428572,130.48214285714286,130.48214285714286,130.48214285714286,51.418392857142855,51.418392857142855,51.418392857142855,90.92455357142856,90.92455357142856,130.48214285714286,130.48214285714286,51.418392857142855,51.418392857142855,130.48214285714286
2016,2,0,50.60794642857143,108.36875,42.67741071428571,6.853660714285715,1.6814285714285713,32.78214285714286,130.48214285714286,130.48214285714286,130.48214285714286,51.418392857142855,51.418392857142855,51.418392857142855,90.92455357142856,90.92455357142856,131.96130952380952,131.22172619047618,51.148244047619045,51.283318452380946,134.91964285714286
2016,2,0,50.60794642857143,108.36875,42.67741071428571,6.853660714285715,1.6814285714285713,32.78214285714286,134.91964285714286,130.48214285714286,130.48214285714286,50.60794642857143,51.418392857142855,51.418392857142855,108.36875,90.92455357142856,133.44047619047618,131.96130952380952,50.878095238095234,51.148244047619045,134.91964285714286
2016,2,0,50.60794642857143,108.36875,42.67741071428571,6.853660714285715,1.6814285714285713,32.78214285714286,134.91964285714286,134.91964285714286,130.48214285714286,50.60794642857143,50.60794642857143,51.418392857142855,108.36875,108.36875,134.91964285714286,132.70089285714286,50.60794642857143,51.01316964285714,134.91964285714286
2016,2,0,50.60794642857143,108.36875,42.67741071428571,6.853660714285715,1.6814285714285713,32.78214285714286,134.91964285714286,134.91964285714286,134.91964285714286,50.60794642857143,50.60794642857143,50.60794642857143,108.36875,108.36875,134.91964285714286,133.4404761904762,50.60794642857143,50.878095238095234,134.91964285714286
2016,2,0,50.60794642857143,108.36875,42.67741071428571,6.853660714285715,1.6814285714285713,32.78214285714286,134.91964285714286,134.91964285714286,134.91964285714286,50.60794642857143,50.60794642857143,50.60794642857143,108.36875,108.36875,134.91964285714286,134.18005952380952,50.60794642857143,50.74302083333333,134.91964285714286
2016,2,0,50.60794642857143,108.36875,42.67741071428571,6.853660714285715,1.6814285714285713,32.78214285714286,134.91964285714286,134.91964285714286,134.91964285714286,50.60794642857143,50.60794642857143,50.60794642857143,108.36875,108.36875,134.91964285714286,134.91964285714286,50.60794642857143,50.60794642857143,134.91964285714286
2016,2,0,50.60794642857143,108.36875,42.67741071428571,6.853660714285715,1.6814285714285713,32.78214285714286,134.91964285714286,134.91964285714286,134.91964285714286,50.60794642857143,50.60794642857143,50.60794642857143,108.36875,108.36875,134.91964285714286,134.91964285714286,50.60794642857143,50.60794642857143,134.91964285714286
2016,2,0,50.60794642857143,108.36875,42.67741071428571,6.853660714285715,1.6814285714285713,32.78214285714286,134.91964285714286,134.91964285714286,134.91964285714286,50.60794642857143,50.60794642857143,50.60794642857143,108.36875,108.36875,134.91964285714286,134.91964285714286,50.60794642857143,50.60794642857143,134.91964285714286
2016,2,0,50.60794642857143,108.36875,42.67741071428571,6.853660714285715,1.6814285714285713,32.78214285714286,134.91964285714286,134.91964285714286,134.91964285714286,50.60794642857143,50.60794642857143,50.60794642857143,108.36875,108.36875,134.91964285714286,134.91964285714286,50.60794642857143,50.60794642857143,134.91964285714286
2016,2,0,50.60794642857143,108.36875,42.67741071428571,6.853660714285715,1.6814285714285713,32.78214285714286,134.91964285714286,134.91964285714286,134.91964285714286,50.60794642857143,50.60794642857143,50.60794642857143,108.36875,108.36875,134.91964285714286,134.91964285714286,50.60794642857143,50.60794642857143,134.91964285714286
2016,3,0,45.17353448275862,111.46129310344828,35.06836206896551,3.3978448275862068,1.709310344827586,35.372844827586206,134.91964285714286,134.91964285714286,134.91964285714286,50.60794642857143,50.60794642857143,50.60794642857143,108.36875,108.36875,136.21941707717568,135.56952996715927,48.79647577996716,49.70221110426929,138.81896551724137
2016,3,0,45.17353448275862,111.46129310344828,35.06836206896551,3.3978448275862068,1.709310344827586,35.372844827586206,138.81896551724137,134.91964285714286,134.91964285714286,45.17353448275862,50.60794642857143,50.60794642857143,111.46129310344828,108.36875,137.51919129720852,136.2194170771757,46.98500513136289,48.79647577996716,138.81896551724137
2016,3,0,45.17353448275862,111.46129310344828,35.06836206896551,3.3978448275862068,1.709310344827586,35.372844827586206,138.81896551724137,138.81896551724137,134.91964285714286,45.17353448275862,45.17353448275862,50.60794642857143,111.46129310344828,111.46129310344828,138.81896551724137,136.8693041871921,45.17353448275862,47.890740455665025,138.81896551724137
2016,3,0,45.17353448275862,111.46129310344828,35.06836206896551,3.3978448275862068,1.709310344827586,35.372844827586206,138.81896551724137,138.81896551724137,138.81896551724137,45.17353448275862,45.17353448275862,45.17353448275862,111.46129310344828,111.46129310344828,138.81896551724137,137.51919129720852,45.17353448275862,46.98500513136289,138.81896551724137
2016,3,0,45.17353448275862,111.46129310344828,35.06836206896551,3.3978448275862068,1.709310344827586,35.372844827586206,138.81896551724137,138.81896551724137,138.81896551724137,45.17353448275862,45.17353448275862,45.17353448275862,111.46129310344828,111.46129310344828,138.81896551724137,138.16907840722493,45.17353448275862,46.07926980706075,138.81896551724137
2016,3,0,45.17353448275862,111.46129310344828,35.06836206896551,3.3978448275862068,1.709310344827586,35.372844827586206,138.81896551724137,138.81896551724137,138.81896551724137,45.17353448275862,45.17353448275862,45.17353448275862,111.46129310344828,111.46129310344828,138.81896551724137,138.81896551724137,45.17353448275862,45.17353448275862,138.81896551724137
2016,3,0,45.17353448275862,111.46129310344828,35.06836206896551,3.3978448275862068,1.709310344827586,35.372844827586206,138.81896551724137,138.81896551724137,138.81896551724137,45.17353448275862,45.17353448275862,45.17353448275862,111.46129310344828,111.46129310344828,138.81896551724137,138.81896551724137,45.17353448275862,45.17353448275862,138.81896551724137
2016,3,0,45.17353448275862,111.46129310344828,35.06836206896551,3.3978448275862068,1.709310344827586,35.372844827586206,138.81896551724137,138.81896551724137,138.81896551724137,45.17353448275862,45.17353448275862,45.17353448275862,111.46129310344828,111.46129310344828,138.81896551724137,138.81896551724137,45.17353448275862,45.17353448275862,138.81896551724137
2016,3,0,45.17353448275862,111.46129310344828,35.06836206896551,3.3978448275862068,1.709310344827586,35.372844827586206,138.81896551724137,138.81896551724137,138.81896551724137,45.17353448275862,45.17353448275862,45.17353448275862,111.46129310344828,111.46129310344828,138.81896551724137,138.81896551724137,45.17353448275862,45.17353448275862,138.81896551724137
2016,3,0,45.17353448275862,111.46129310344828,35.06836206896551,3.3978448275862068,1.709310344827586,35.372844827586206,138.81896551724137,138.81896551724137,138.81896551724137,45.17353448275862,45.17353448275862,45.17353448275862,111.46129310344828,111.46129310344828,138.81896551724137,138.81896551724137,45.17353448275862,45.17353448275862,138.81896551724137
2016,4,0,35.50709401709402,115.98914529914528,23.13547008547009,3.9338461538461535,2.746495726495726,36.65025641025641,138.81896551724137,138.81896551724137,138.81896551724137,45.17353448275862,45.17353448275862,45.17353448275862,111.46129310344828,111.46129310344828,132.79953826505547,135.80925189114842,41.95138766087042,43.56246107181452,120.76068376068376
2016,4,0,35.50709401709402,115.98914529914528,23.13547008547009,3.9338461538461535,2.746495726495726,36.65025641025641,120.76068376068376,138.81896551724137,138.81896551724137,35.50709401709402,45.17353448275862,45.17353448275862,115.98914529914528,111.46129310344828,126.78011101286963,132.7995382650555,38.729240838982214,41.95138766087042,120.76068376068376
2016,4,0,35.50709401709402,115.98914529914528,23.13547008547009,3.9338461538461535,2.746495726495726,36.65025641025641,120.76068376068376,120.76068376068376,138.81896551724137,35.50709401709402,35.50709401709402,45.17353448275862,115.98914529914528,115.98914529914528,120.76068376068376,129.78982463896256,35.50709401709402,40.340314249926315,120.76068376068376
2016,4,0,35.50709401709402,115.98914529914528,23.13547008547009,3.9338461538461535,2.746495726495726,36.65025641025641,120.76068376068376,120.76068376068376,120.76068376068376,35.50709401709402,35.50709401709402,35.50709401709402,115.98914529914528,115.98914529914528,120.76068376068376,126.78011101286963,35.50709401709402,38.72924083898222,120.76068376068376
2016,4,0,35.50709401709402,115.98914529914528,23.13547008547009,3.9338461538461535,2.746495726495726,36.65025641025641,120.76068376068376,120.76068376068376,120.76068376068376,35.50709401709402,35.50709401709402,35.50709401709402,115.98914529914528,115.98914529914528,120.76068376068376,123.77039738677671,35.50709401709402,37.11816742803811,120.76068376068376
2016,4,0,35.50709401709402,115.98914529914528,23.13547008547009,3.9338461538461535,2.746495726495726,36.65025641025641,120.76068376068376,120.76068376068376,120.76068376068376,35.50709401709402,35.50709401709402,35.50709401709402,115.98914529914528,115.98914529914528,120.76068376068376,120.76068376068376,35.50709401709402,35.50709401709402,120.76068376068376
2016,4,0,35.50709401709402,115.98914529914528,23.13547008547009,3.9338461538461535,2.746495726495726,36.65025641025641,120.76068376068376,120.76068376068376,120.76068376068376,35.50709401709402,35.50709401709402,35.50709401709402,115.98914529914528,115.98914529914528,120.76068376068376,120.76068376068376,35.50709401709402,35.50709401709402,120.76068376068376
2016,4,0,35.50709401709402,115.98914529914528,23.13547008547009,3.9338461538461535,2.746495726495726,36.65025641025641,120.76068376068376,120.76068376068376,120.76068376068376,35.50709401709402,35.50709401709402,35.50709401709402,115.98914529914528,115.98914529914528,120.76068376068376,120.76068376068376,35.50709401709402,35.50709401709402,120.76068376068376
2016,4,0,35.50709401709402,115.98914529914528,23.13547008547009,3.9338461538461535,2.746495726495726,36.65025641025641,120.76068376068376,120.76068376068376,120.76068376068376,35.50709401709402,35.50709401709402,35.50709401709402,115.98914529914528,115.98914529914528,120.76068376068376,120.76068376068376,35.50709401709402,35.50709401709402,120.76068376068376
2016,4,0,35.50709401709402,115.98914529914528,23.13547008547009,3.9338461538461535,2.746495726495726,36.65025641025641,120.76068376068376,120.76068376068376,120.76068376068376,35.50709401709402,35.50709401709402,35.50709401709402,115.98914529914528,115.98914529914528,120.76068376068376,120.76068376068376,35.50709401709402,35.50709401709402,120.76068376068376
2016,5,0,33.20895348837209,64.77372093023256,20.884186046511623,4.05953488372093,1.237093023255814,34.75046511627907,120.76068376068376,120.76068376068376,120.76068376068376,35.50709401709402,35.50709401709402,35.50709401709402,115.98914529914528,115.98914529914528,105.36371165440933,113.06219770754655,34.74104717418671,35.12407059564036,74.56976744186046
2016,5,0,33.20895348837209,64.77372093023256,20.884186046511623,4.05953488372093,1.237093023255814,34.75046511627907,74.56976744186046,120.76068376068376,120.76068376068376,33.20895348837209,35.50709401709402,35.50709401709402,64.77372093023256,115.98914529914528,89.9667395481349,105.36371165440933,33.9750003312794,34.74104717418671,74.56976744186046
2016,5,0,33.20895348837209,64.77372093023256,20.884186046511623,4.05953488372093,1.237093023255814,34.75046511627907,74.56976744186046,74.56976744186046,120.76068376068376,33.20895348837209,33.20895348837209,35.50709401709402,64.77372093023256,64.77372093023256,74.56976744186046,97.6652256012721,33.20895348837209,34.358023752733054,74.56976744186046
2016,5,0,33.20895348837209,64.77372093023256,20.884186046511623,4.05953488372093,1.237093023255814,34.75046511627907,74.56976744186046,74.56976744186046,74.56976744186046,33.20895348837209,33.20895348837209,33.20895348837209,64.77372093023256,64.77372093023256,74.56976744186046,89.96673954813491,33.20895348837209,33.9750003312794,74.56976744186046
2016,5,0,33.20895348837209,64.77372093023256,20.884186046511623,4.05953488372093,1.237093023255814,34.75046511627907,74.56976744186046,74.56976744186046,74.56976744186046,33.20895348837209,33.20895348837209,33.20895348837209,64.77372093023256,64.77372093023256,74.56976744186046,82.26825349499768,33.20895348837209,33.59197690982574,74.56976744186046
2016,5,0,33.20895348837209,64.77372093023256,20.884186046511623,4.05953488372093,1.237093023255814,34.75046511627907,74.56976744186046,74.56976744186046,74.56976744186046,33.20895348837209,33.20895348837209,33.20895348837209,64.77372093023256,64.77372093023256,74.56976744186046,74.56976744186046,33.20895348837209,33.20895348837209,74.56976744186046
2016,5,0,33.20895348837209,64.77372093023256,20.884186046511623,4.05953488372093,1.237093023255814,34.75046511627907,74.56976744186046,74.56976744186046,74.56976744186046,33.20895348837209,33.20895348837209,33.20895348837209,64.77372093023256,64.77372093023256,74.56976744186046,74.56976744186046,33.20895348837209,33.20895348837209,74.56976744186046
2016,5,0,33.20895348837209,64.77372093023256,20.884186046511623,4.05953488372093,1.237093023255814,34.75046511627907,74.56976744186046,74.56976744186046,74.56976744186046,33.20895348837209,33.20895348837209,33.20895348837209,64.77372093023256,64.77372093023256,74.56976744186046,74.56976744186046,33.20895348837209,33.20895348837209,74.56976744186046
2016,5,0,33.20895348837209,64.77372093023256,20.884186046511623,4.05953488372093,1.237093023255814,34.75046511627907,74.56976744186046,74.56976744186046,74.56976744186046,33.20895348837209,33.20895348837209,33.20895348837209,64.77372093023256,64.77372093023256,74.56976744186046,74.56976744186046,33.20895348837209,33.20895348837209,74.56976744186046
2016,5,0,33.20895348837209,64.77372093023256,20.884186046511623,4.05953488372093,1.237093023255814,34.75046511627907,74.56976744186046,74.56976744186046,74.56976744186046,33.20895348837209,33.20895348837209,33.20895348837209,64.77372093023256,64.77372093023256,74.56976744186046,74.56976744186046,33.20895348837209,33.20895348837209,74.56976744186046
2016,6,0,32.14060606060606,58.874848484848485,19.725454545454543,3.027121212121212,6.08060606060606,30.84,74.56976744186046,74.56976744186046,74.56976744186046,33.20895348837209,33.20895348837209,33.20895348837209,64.77372093023256,64.77372093023256,83.22327930467465,78.89652337326756,32.85283767911675,33.03089558374442,100.53030303030305
2016,6,0,32.14060606060606,58.874848484848485,19.725454545454543,3.027121212121212,6.08060606060606,30.84,100.53030303030305,74.56976744186046,74.56976744186046,32.14060606060606,33.20895348837209,33.20895348837209,58.874848484848485,64.77372093023256,91.87679116748886,83.22327930467466,32.4967218698614,32.852837679116746,100.53030303030305
2016,6,0,32.14060606060606,58.874848484848485,19.725454545454543,3.027121212121212,6.08060606060606,30.84,100.53030303030305,100.53030303030305,74.56976744186046,32.14060606060606,32.14060606060606,33.20895348837209,58.874848484848485,58.874848484848485,100.53030303030305,87.55003523608174,32.14060606060606,32.674779774489075,100.53030303030305
2016,6,0,32.14060606060606,58.874848484848485,19.725454545454543,3.027121212121212,6.08060606060606,30.84,100.53030303030305,100.53030303030305,100.53030303030305,32.14060606060606,32.14060606060606,32.14060606060606,58.874848484848485,58.874848484848485,100.53030303030305,91.87679116748886,32.14060606060606,32.4967218698614,100.53030303030305
2016,6,0,32.14060606060606,58.874848484848485,19.725454545454543,3.027121212121212,6.08060606060606,30.84,100.53030303030305,100.53030303030305,100.53030303030305,32.14060606060606,32.14060606060606,32.14060606060606,58.874848484848485,58.874848484848485,100.53030303030305,96.20354709889595,32.14060606060606,32.31866396523373,100.53030303030305
2016,6,0,32.14060606060606,58.874848484848485,19.725454545454543,3.027121212121212,6.08060606060606,30.84,100.53030303030305,100.53030303030305,100.53030303030305,32.14060606060606,32.14060606060606,32.14060606060606,58.874848484848485,58.874848484848485,100.53030303030305,100.53030303030305,32.14060606060606,32.14060606060606,100.53030303030305
2016,6,0,32.14060606060606,58.874848484848485,19.725454545454543,3.027121212121212,6.08060606060606,30.84,100.53030303030305,100.53030303030305,100.53030303030305,32.14060606060606,32.14060606060606,32.14060606060606,58.874848484848485,58.874848484848485,100.53030303030305,100.53030303030305,32.14060606060606,32.14060606060606,100.53030303030305
2016,6,0,32.14060606060606,58.874848484848485,19.725454545454543,3.027121212121212,6.08060606060606,30.84,100.53030303030305,100.53030303030305,100.53030303030305,32.14060606060606,32.14060606060606,32.14060606060606,58.874848484848485,58.874848484848485,100.53030303030305,100.53030303030305,32.14060606060606,32.14060606060606,100.53030303030305
2016,6,0,32.14060606060606,58.874848484848485,19.725454545454543,3.027121212121212,6.08060606060606,30.84,100.53030303030305,100.53030303030305,100.53030303030305,32.14060606060606,32.14060606060606,32.14060606060606,58.874848484848485,58.874848484848485,100.53030303030305,100.53030303030305,32.14060606060606,32.14060606060606,100.53030303030305
2016,6,0,32.14060606060606,58.874848484848485,19.725454545454543,3.027121212121212,6.08060606060606,30.84,100.53030303030305,100.53030303030305,100.53030303030305,32.14060606060606,32.14060606060606,32.14060606060606,58.874848484848485,58.874848484848485,100.53030303030305,100.53030303030305,32.14060606060606,32.14060606060606,100.53030303030305
2016,7,0,29.98164556962025,62.61772151898735,18.428860759493677,2.5136708860759494,3.8993670886075953,31.32607594936709,100.53030303030305,100.53030303030305,100.53030303030305,32.14060606060606,32.14060606060606,32.14060606060606,58.874848484848485,58.874848484848485,97.99488556450582,99.26259429740445,31.420952563610793,31.78077931210842,92.9240506329114
2016,7,0,29.98164556962025,62.61772151898735,18.428860759493677,2.5136708860759494,3.8993670886075953,31.32607594936709,92.9240506329114,100.53030303030305,100.53030303030305,29.98164556962025,32.14060606060606,32.14060606060606,62.61772151898735,58.874848484848485,95.45946809870861,97.99488556450582,30.70129906661552,31.420952563610793,92.9240506329114
2016,7,0,29.98164556962025,62.61772151898735,18.428860759493677,2.5136708860759494,3.8993670886075953,31.32607594936709,92.9240506329114,92.9240506329114,100.53030303030305,29.98164556962025,29.98164556962025,32.14060606060606,62.61772151898735,62.61772151898735,92.9240506329114,96.72717683160722,29.98164556962025,31.061125815113154,92.9240506329114
2016,7,0,29.98164556962025,62.61772151898735,18.428860759493677,2.5136708860759494,3.8993670886075953,31.32607594936709,92.9240506329114,92.9240506329114,92.9240506329114,29.98164556962025,29.98164556962025,29.98164556962025,62.61772151898735,62.61772151898735,92.9240506329114,95.45946809870861,29.98164556962025,30.70129906661552,92.9240506329114
2016,7,0,29.98164556962025,62.61772151898735,18.428860759493677,2.5136708860759494,3.8993670886075953,31.32607594936709,92.9240506329114,92.9240506329114,92.9240506329114,29.98164556962025,29.98164556962025,29.98164556962025,62.61772151898735,62.61772151898735,92.9240506329114,94.19175936581001,29.98164556962025,30.34147231811789,92.9240506329114
2016,7,0,29.98164556962025,62.61772151898735,18.428860759493677,2.5136708860759494,3.8993670886075953,31.32607594936709,92.9240506329114,92.9240506329114,92.9240506329114,29.98164556962025,29.98164556962025,29.98164556962025,62.61772151898735,62.61772151898735,92.9240506329114,92.9240506329114,29.98164556962025,29.98164556962025,92.9240506329114
2016,7,0,29.98164556962025,62.61772151898735,18.428860759493677,2.5136708860759494,3.8993670886075953,31.32607594936709,92.9240506329114,92.9240506329114,92.9240506329114,29.98164556962025,29.98164556962025,29.98164556962025,62.61772151898735,62.61772151898735,92.9240506329114,92.9240506329114,29.98164556962025,29.98164556962025,92.9240506329114
2016,7,0,29.98164556962025,62.61772151898735,18.428860759493677,2.5136708860759494,3.8993670886075953,31.32607594936709,92.9240506329114,92.9240506329114,92.9240506329114,29.98164556962025,29.98164556962025,29.98164556962025,62.61772151898735,62.61772151898735,92.9240506329114,92.9240506329114,29.98164556962025,29.98164556962025,92.9240506329114
2016,7,0,29.98164556962025,62.61772151898735,18.428860759493677,2.5136708860759494,3.8993670886075953,31.32607594936709,92.9240506329114,92.9240506329114,92.9240506329114,29.98164556962025,29.98164556962025,29.98164556962025,62.61772151898735,62.61772151898735,92.9240506329114,92.9240506329114,29.98164556962025,29.98164556962025,92.9240506329114
2016,7,0,29.98164556962025,62.61772151898735,18.428860759493677,2.5136708860759494,3.8993670886075953,31.32607594936709,92.9240506329114,92.9240506329114,92.9240506329114,29.98164556962025,29.98164556962025,29.98164556962025,62.61772151898735,62.61772151898735,92.9240506329114,92.9240506329114,29.98164556962025,29.98164556962025,92.9240506329114
2016,8,0,36.19159090909091,67.39170454545454,19.20784090909091,3.2553409090909087,3.205454545454545,28.925795454545455,92.9240506329114,92.9240506329114,92.9240506329114,29.98164556962025,29.98164556962025,29.98164556962025,62.61772151898735,62.61772151898735,86.56679133103184,89.74542098197162,32.051627349443805,31.016636459532027,73.85227272727273
2016,8,0,36.19159090909091,67.39170454545454,19.20784090909091,3.2553409090909087,3.205454545454545,28.925795454545455,73.85227272727273,92.9240506329114,92.9240506329114,36.19159090909091,29.98164556962025,29.98164556962025,67.39170454545454,62.61772151898735,80.20953202915229,86.56679133103184,34.12160912926736,32.051627349443805,73.85227272727273
2016,8,0,36.19159090909091,67.39170454545454,19.20784090909091,3.2553409090909087,3.205454545454545,28.925795454545455,73.85227272727273,73.85227272727273,92.9240506329114,36.19159090909091,36.19159090909091,29.98164556962025,67.39170454545454,67.39170454545454,73.85227272727273,83.38816168009207,36.19159090909091,33.08661823935558,73.85227272727273
2016,8,0,36.19159090909091,67.39170454545454,19.20784090909091,3.2553409090909087,3.205454545454545,28.925795454545455,73.85227272727273,73.85227272727273,73.85227272727273,36.19159090909091,36.19159090909091,36.19159090909091,67.39170454545454,67.39170454545454,73.85227272727273,80.20953202915229,36.19159090909091,34.12160912926736,73.85227272727273
2016,8,0,36.19159090909091,67.39170454545454,19.20784090909091,3.2553409090909087,3.205454545454545,28.925795454545455,73.85227272727273,73.85227272727273,73.85227272727273,36.19159090909091,36.19159090909091,36.19159090909091,67.39170454545454,67.39170454545454,73.85227272727273,77.0309023782125,36.19159090909091,35.15660001917914,73.85227272727273
2016,8,0,36.19159090909091,67.39170454545454,19.20784090909091,3.2553409090909087,3.205454545454545,28.925795454545455,73.85227272727273,73.85227272727273,73.85227272727273,36.19159090909091,36.19159090909091,36.19159090909091,67.39170454545454,67.39170454545454,73.85227272727273,73.85227272727273,36.19159090909091,36.19159090909091,73.85227272727273
2016,8,0,36.19159090909091,67.39170454545454,19.20784090909091,3.2553409090909087,3.205454545454545,28.925795454545455,73.85227272727273,73.85227272727273,73.85227272727273,36.19159090909091,36.19159090909091,36.19159090909091,67.39170454545454,67.39170454545454,73.85227272727273,73.85227272727273,36.19159090909091,36.19159090909091,73.85227272727273
2016,8,0,36.19159090909091,67.39170454545454,19.20784090909091,3.2553409090909087,3.205454545454545,28.925795454545455,73.85227272727273,73.85227272727273,73.85227272727273,36.19159090909091,36.19159090909091,36.19159090909091,67.39170454545454,67.39170454545454,73.85227272727273,73.85227272727273,36.19159090909091,36.19159090909091,73.85227272727273
2016,8,0,36.19159090909091,67.39170454545454,19.20784090909091,3.2553409090909087,3.205454545454545,28.925795454545455,73.85227272727273,73.85227272727273,73.85227272727273,36.19159090909091,36.19159090909091,36.19159090909091,67.39170454545454,67.39170454545454,73.85227272727273,73.85227272727273,36.19159090909091,36.19159090909091,73.85227272727273
2016,8,0,36.19159090909091,67.39170454545454,19.20784090909091,3.2553409090909087,3.205454545454545,28.925795454545455,73.85227272727273,73.85227272727273,73.85227272727273,36.19159090909091,36.19159090909091,36.19159090909091,67.39170454545454,67.39170454545454,73.85227272727273,73.85227272727273,36.19159090909091,36.19159090909091,73.85227272727273
2016,9,0,34.225227272727274,72.4171590909091,26.280454545454543,4.064431818181818,1.3585227272727272,27.94909090909091,73.85227272727273,73.85227272727273,73.85227272727273,36.19159090909091,36.19159090909091,36.19159090909091,67.39170454545454,67.39170454545454,75.14393939393939,74.49810606060608,35.536136363636366,35.86386363636364,77.72727272727273
2016,9,0,34.225227272727274,72.4171590909091,26.280454545454543,4.064431818181818,1.3585227272727272,27.94909090909091,77.72727272727273,73.85227272727273,73.85227272727273,34.225227272727274,36.19159090909091,36.19159090909091,72.4171590909091,67.39170454545454,76.43560606060606,75.14393939393939,34.88068181818182,35.536136363636366,77.72727272727273
2016,9,0,34.225227272727274,72.4171590909091,26.280454545454543,4.064431818181818,1.3585227272727272,27.94909090909091,77.72727272727273,77.72727272727273,73.85227272727273,34.225227272727274,34.225227272727274,36.19159090909091,72.4171590909091,72.4171590909091,77.72727272727273,75.78977272727273,34.225227272727274,35.20840909090909,77.72727272727273
2016,9,0,34.225227272727274,72.4171590909091,26.280454545454543,4.064431818181818,1.3585227272727272,27.94909090909091,77.72727272727273,77.72727272727273,77.72727272727273,34.225227272727274,34.225227272727274,34.225227272727274,72.4171590909091,72.4171590909091,77.72727272727273,76.43560606060606,34.225227272727274,34.88068181818182,77.72727272727273
2016,9,0,34.225227272727274,72.4171590909091,26.280454545454543,4.064431818181818,1.3585227272727272,27.94909090909091,77.72727272727273,77.72727272727273,77.72727272727273,34.225227272727274,34.225227272727274,34.225227272727274,72.4171590909091,72.4171590909091,77.72727272727273,77.0814393939394,34.225227272727274,34.55295454545455,77.72727272727273
2016,9,0,34.225227272727274,72.4171590909091,26.280454545454543,4.064431818181818,1.3585227272727272,27.94909090909091,77.72727272727273,77.72727272727273,77.72727272727273,34.225227272727274,34.225227272727274,34.225227272727274,72.4171590909091,72.4171590909091,77.72727272727273,77.72727272727273,34.225227272727274,34.225227272727274,77.72727272727273
2016,9,0,34.225227272727274,72.4171590909091,26.280454545454543,4.064431818181818,1.3585227272727272,27.94909090909091,77.72727272727273,77.72727272727273,77.72727272727273,34.225227272727274,34.225227272727274,34.225227272727274,72.4171590909091,72.4171590909091,77.72727272727273,77.72727272727273,34.225227272727274,34.225227272727274,77.72727272727273
2016,9,0,34.225227272727274,72.4171590909091,26.280454545454543,4.064431818181818,1.3585227272727272,27.94909090909091,77.72727272727273,77.72727272727273,77.72727272727273,34.225227272727274,34.225227272727274,34.225227272727274,72.4171590909091,72.4171590909091,77.72727272727273,77.72727272727273,34.225227272727274,34.225227272727274,77.72727272727273
2016,9,0,34.225227272727274,72.4171590909091,26.280454545454543,4.064431818181818,1.3585227272727272,27.94909090909091,77.72727272727273,77.72727272727273,77.72727272727273,34.225227272727274,34.225227272727274,34.225227272727274,72.4171590909091,72.4171590909091,77.72727272727273,77.72727272727273,34.225227272727274,34.225227272727274,77.72727272727273
2016,9,0,34.225227272727274,72.4171590909091,26.280454545454543,4.064431818181818,1.3585227272727272,27.94909090909091,77.72727272727273,77.72727272727273,77.72727272727273,34.225227272727274,34.225227272727274,34.225227272727274,72.4171590909091,72.4171590909091,77.72727272727273,77.72727272727273,34.225227272727274,34.225227272727274,77.72727272727273
2016,10,0,41.538536585365854,95.0090243902439,34.3109756097561,5.866219512195122,2.055609756097561,28.29939024390244,77.72727272727273,77.72727272727273,77.72727272727273,34.225227272727274,34.225227272727274,34.225227272727274,72.4171590909091,72.4171590909091,89.62712490761271,83.67719881744272,36.6629970436068,35.44411215816704,113.42682926829268
2016,10,0,41.538536585365854,95.0090243902439,34.3109756097561,5.866219512195122,2.055609756097561,28.29939024390244,113.42682926829268,77.72727272727273,77.72727272727273,41.538536585365854,34.225227272727274,34.225227272727274,95.0090243902439,72.4171590909091,101.52697708795269,89.62712490761271,39.10076681448633,36.6629970436068,113.42682926829268
2016,10,0,41.538536585365854,95.0090243902439,34.3109756097561,5.866219512195122,2.055609756097561,28.29939024390244,113.42682926829268,113.42682926829268,77.72727272727273,41.538536585365854,41.538536585365854,34.225227272727274,95.0090243902439,95.0090243902439,113.42682926829268,95.5770509977827,41.538536585365854,37.881881929046564,113.42682926829268
2016,10,0,41.538536585365854,95.0090243902439,34.3109756097561,5.866219512195122,2.055609756097561,28.29939024390244,113.42682926829268,113.42682926829268,113.42682926829268,41.538536585365854,41.538536585365854,41.538536585365854,95.0090243902439,95.0090243902439,113.42682926829268,101.52697708795269,41.538536585365854,39.10076681448633,113.42682926829268
2016,10,0,41.538536585365854,95.0090243902439,34.3109756097561,5.866219512195122,2.055609756097561,28.29939024390244,113.42682926829268,113.42682926829268,113.42682926829268,41.538536585365854,41.538536585365854,41.538536585365854,95.0090243902439,95.0090243902439,113.42682926829268,107.4769031781227,41.538536585365854,40.31965169992609,113.42682926829268
2016,10,0,41.538536585365854,95.0090243902439,34.3109756097561,5.866219512195122,2.055609756097561,28.29939024390244,113.42682926829268,113.42682926829268,113.42682926829268,41.538536585365854,41.538536585365854,41.538536585365854,95.0090243902439,95.0090243902439,113.42682926829268,113.42682926829268,41.538536585365854,41.538536585365854,113.42682926829268
2016,10,0,41.538536585365854,95.0090243902439,34.3109756097561,5.866219512195122,2.055609756097561,28.29939024390244,113.42682926829268,113.42682926829268,113.42682926829268,41.538536585365854,41.538536585365854,41.538536585365854,95.0090243902439,95.0090243902439,113.42682926829268,113.42682926829268,41.538536585365854,41.538536585365854,113.42682926829268
2016,10,0,41.538536585365854,95.0090243902439,34.3109756097561,5.866219512195122,2.055609756097561,28.29939024390244,113.42682926829268,113.42682926829268,113.42682926829268,41.538536585365854,41.538536585365854,41.538536585365854,95.0090243902439,95.0090243902439,113.42682926829268,113.42682926829268,41.538536585365854,41.538536585365854,113.42682926829268
2016,10,0,41.538536585365854,95.0090243902439,34.3109756097561,5.866219512195122,2.055609756097561,28.29939024390244,113.42682926829268,113.42682926829268,113.42682926829268,41.538536585365854,41.538536585365854,41.538536585365854,95.0090243902439,95.0090243902439,113.42682926829268,113.42682926829268,41.538536585365854,41.538536585365854,113.42682926829268
2016,10,0,41.538536585365854,95.0090243902439,34.3109756097561,5.866219512195122,2.055609756097561,28.29939024390244,113.42682926829268,113.42682926829268,113.42682926829268,41.538536585365854,41.538536585365854,41.538536585365854,95.0090243902439,95.0090243902439,113.42682926829268,113.42682926829268,41.538536585365854,41.538536585365854,113.42682926829268
2016,11,0,47.418045977011495,92.33436781609196,34.24229885057471,5.302758620689655,1.7702298850574711,33.252873563218394,113.42682926829268,113.42682926829268,113.42682926829268,41.538536585365854,41.538536585365854,41.538536585365854,95.0090243902439,95.0090243902439,112.04700495280815,112.73691711055041,43.49837304924773,42.5184548173068,109.28735632183908
2016,11,0,47.418045977011495,92.33436781609196,34.24229885057471,5.302758620689655,1.7702298850574711,33.252873563218394,109.28735632183908,113.42682926829268,113.42682926829268,47.418045977011495,41.538536585365854,41.538536585365854,92.33436781609196,95.0090243902439,110.66718063732361,112.04700495280815,45.45820951312962,43.49837304924773,109.28735632183908
2016,11,0,47.418045977011495,92.33436781609196,34.24229885057471,5.302758620689655,1.7702298850574711,33.252873563218394,109.28735632183908,109.28735632183908,113.42682926829268,47.418045977011495,47.418045977011495,41.538536585365854,92.33436781609196,92.33436781609196,109.28735632183908,111.3570927950659,47.418045977011495,44.47829128118867,109.28735632183908
2016,11,0,47.418045977011495,92.33436781609196,34.24229885057471,5.302758620689655,1.7702298850574711,33.252873563218394,109.28735632183908,109.28735632183908,109.28735632183908,47.418045977011495,47.418045977011495,47.418045977011495,92.33436781609196,92.33436781609196,109.28735632183908,110.66718063732361,47.418045977011495,45.45820951312962,109.28735632183908
2016,11,0,47.418045977011495,92.33436781609196,34.24229885057471,5.302758620689655,1.7702298850574711,33.252873563218394,109.28735632183908,109.28735632183908,109.28735632183908,47.418045977011495,47.418045977011495,47.418045977011495,92.33436781609196,92.33436781609196,109.28735632183908,109.97726847958135,47.418045977011495,46.43812774507055,109.28735632183908
2016,11,0,47.418045977011495,92.33436781609196,34.24229885057471,5.302758620689655,1.7702298850574711,33.252873563218394,109.28735632183908,109.28735632183908,109.28735632183908,47.418045977011495,47.418045977011495,47.418045977011495,92.33436781609196,92.33436781609196,109.28735632183908,109.28735632183908,47.418045977011495,47.418045977011495,109.28735632183908
2016,11,0,47.418045977011495,92.33436781609196,34.24229885057471,5.302758620689655,1.7702298850574711,33.252873563218394,109.28735632183908,109.28735632183908,109.28735632183908,47.418045977011495,47.418045977011495,47.418045977011495,92.33436781609196,92.33436781609196,109.28735632183908,109.28735632183908,47.418045977011495,47.418045977011495,109.28735632183908
2016,11,0,47.418045977011495,92.33436781609196,34.24229885057471,5.302758620689655,1.7702298850574711,33.252873563218394,109.28735632183908,109.28735632183908,109.28735632183908,47.418045977011495,47.418045977011495,47.418045977011495,92.33436781609196,92.33436781609196,109.28735632183908,109.28735632183908,47.418045977011495,47.418045977011495,109.28735632183908
2016,11,0,47.418045977011495,92.33436781609196,34.24229885057471,5.302758620689655,1.7702298850574711,33.252873563218394,109.28735632183908,109.28735632183908,109.28735632183908,47.418045977011495,47.418045977011495,47.418045977011495,92.33436781609196,92.33436781609196,109.28735632183908,109.28735632183908,47.418045977011495,47.418045977011495,109.28735632183908
2016,11,0,47.418045977011495,92.33436781609196,34.24229885057471,5.302758620689655,1.7702298850574711,33.252873563218394,109.28735632183908,109.28735632183908,109.28735632183908,47.418045977011495,47.418045977011495,47.418045977011495,92.33436781609196,92.33436781609196,109.28735632183908,109.28735632183908,47.418045977011495,47.418045977011495,109.28735632183908
2016,12,0,35.37722222222222,92.64577777777777,41.81744444444445,5.143333333333333,1.5825555555555555,27.323,109.28735632183908,109.28735632183908,109.28735632183908,47.418045977011495,47.418045977011495,47.418045977011495,92.33436781609196,92.33436781609196,110.89157088122606,110.08946360153259,43.404438058748404,45.41124201787995,114.1
2016,12,0,35.37722222222222,92.64577777777777,41.81744444444445,5.143333333333333,1.5825555555555555,27.323,114.1,109.28735632183908,109.28735632183908,35.37722222222222,47.418045977011495,47.418045977011495,92.64577777777777,92.33436781609196,112.49578544061303,110.89157088122606,39.39083014048531,43.404438058748404,114.1
2016,12,0,35.37722222222222,92.64577777777777,41.81744444444445,5.143333333333333,1.5825555555555555,27.323,114.1,114.1,109.28735632183908,35.37722222222222,35.37722222222222,47.418045977011495,92.64577777777777,92.64577777777777,114.1,111.69367816091955,35.37722222222222,41.39763409961686,114.1
2016,12,0,35.37722222222222,92.64577777777777,41.81744444444445,5.143333333333333,1.5825555555555555,27.323,114.1,114.1,114.1,35.37722222222222,35.37722222222222,35.37722222222222,92.64577777777777,92.64577777777777,114.1,112.49578544061302,35.37722222222222,39.39083014048531,114.1
2016,12,0,35.37722222222222,92.64577777777777,41.81744444444445,5.143333333333333,1.5825555555555555,27.323,114.1,114.1,114.1,35.37722222222222,35.37722222222222,35.37722222222222,92.64577777777777,92.64577777777777,114.1,113.2978927203065,35.37722222222222,37.38402618135377,114.1
2016,12,0,35.37722222222222,92.64577777777777,41.81744444444445,5.143333333333333,1.5825555555555555,27.323,114.1,114.1,114.1,35.37722222222222,35.37722222222222,35.37722222222222,92.64577777777777,92.64577777777777,114.1,114.1,35.37722222222222,35.37722222222222,114.1
2016,12,0,35.37722222222222,92.64577777777777,41.81744444444445,5.143333333333333,1.5825555555555555,27.323,114.1,114.1,114.1,35.37722222222222,35.37722222222222,35.37722222222222,92.64577777777777,92.64577777777777,114.1,114.1,35.37722222222222,35.37722222222222,114.1
2016,12,0,35.37722222222222,92.64577777777777,41.81744444444445,5.143333333333333,1.5825555555555555,27.323,114.1,114.1,114.1,35.37722222222222,35.37722222222222,35.37722222222222,92.64577777777777,92.64577777777777,114.1,114.1,35.37722222222222,35.37722222222222,114.1
2016,12,0,35.37722222222222,92.64577777777777,41.81744444444445,5.143333333333333,1.5825555555555555,27.323,114.1,114.1,114.1,35.37722222222222,35.37722222222222,35.37722222222222,92.64577777777777,92.64577777777777,114.1,114.1,35.37722222222222,35.37722222222222,114.1
2016,12,0,35.37722222222222,92.64577777777777,41.81744444444445,5.143333333333333,1.5825555555555555,27.323,114.1,114.1,114.1,35.37722222222222,35.37722222222222,35.37722222222222,92.64577777777777,92.64577777777777,114.1,114.1,35.37722222222222,35.37722222222222,114.1
2017,1,0,33.719146341463414,87.06878048780489,40.24536585365853,5.327926829268293,2.776951219512195,33.79487804878049,114.1,114.1,114.1,35.37722222222222,35.37722222222222,35.37722222222222,92.64577777777777,92.64577777777777,113.84715447154473,113.97357723577237,34.82453026196928,35.10087624209576,113.34146341463416
2017,1,0,33.719146341463414,87.06878048780489,40.24536585365853,5.327926829268293,2.776951219512195,33.79487804878049,113.34146341463416,114.1,114.1,33.719146341463414,35.37722222222222,35.37722222222222,87.06878048780489,92.64577777777777,113.59430894308944,113.84715447154473,34.27183830171635,34.82453026196929,113.34146341463416
2017,1,0,33.719146341463414,87.06878048780489,40.24536585365853,5.327926829268293,2.776951219512195,33.79487804878049,113.34146341463416,113.34146341463416,114.1,33.719146341463414,33.719146341463414,35.37722222222222,87.06878048780489,87.06878048780489,113.34146341463416,113.72073170731709,33.719146341463414,34.548184281842815,113.34146341463416
2017,1,0,33.719146341463414,87.06878048780489,40.24536585365853,5.327926829268293,2.776951219512195,33.79487804878049,113.34146341463416,113.34146341463416,113.34146341463416,33.719146341463414,33.719146341463414,33.719146341463414,87.06878048780489,87.06878048780489,113.34146341463416,113.59430894308944,33.719146341463414,34.27183830171635,113.34146341463416
2017,1,0,33.719146341463414,87.06878048780489,40.24536585365853,5.327926829268293,2.776951219512195,33.79487804878049,113.34146341463416,113.34146341463416,113.34146341463416,33.719146341463414,33.719146341463414,33.719146341463414,87.06878048780489,87.06878048780489,113.34146341463416,113.4678861788618,33.719146341463414,33.99549232158988,113.34146341463416
2017,1,0,33.719146341463414,87.06878048780489,40.24536585365853,5.327926829268293,2.776951219512195,33.79487804878049,113.34146341463416,113.34146341463416,113.34146341463416,33.719146341463414,33.719146341463414,33.719146341463414,87.06878048780489,87.06878048780489,113.34146341463416,113.34146341463416,33.719146341463414,33.719146341463414,113.34146341463416
2017,1,0,33.719146341463414,87.06878048780489,40.24536585365853,5.327926829268293,2.776951219512195,33.79487804878049,113.34146341463416,113.34146341463416,113.34146341463416,33.719146341463414,33.719146341463414,33.719146341463414,87.06878048780489,87.06878048780489,113.34146341463416,113.34146341463416,33.719146341463414,33.719146341463414,113.34146341463416
2017,1,0,33.719146341463414,87.06878048780489,40.24536585365853,5.327926829268293,2.776951219512195,33.79487804878049,113.34146341463416,113.34146341463416,113.34146341463416,33.719146341463414,33.719146341463414,33.719146341463414,87.06878048780489,87.06878048780489,113.34146341463416,113.34146341463416,33.719146341463414,33.719146341463414,113.34146341463416
2017,1,0,33.719146341463414,87.06878048780489,40.24536585365853,5.327926829268293,2.776951219512195,33.79487804878049,113.34146341463416,113.34146341463416,113.34146341463416,33.719146341463414,33.719146341463414,33.719146341463414,87.06878048780489,87.06878048780489,113.34146341463416,113.34146341463416,33.719146341463414,33.719146341463414,113.34146341463416
2017,1,0,33.719146341463414,87.06878048780489,40.24536585365853,5.327926829268293,2.776951219512195,33.79487804878049,113.34146341463416,113.34146341463416,113.34146341463416,33.719146341463414,33.719146341463414,33.719146341463414,87.06878048780489,87.06878048780489,113.34146341463416,113.34146341463416,33.719146341463414,33.719146341463414,113.34146341463416
2017,2,0,34.76391891891892,81.25256756756757,57.03270270270271,7.382432432432432,4.467702702702703,33.77391891891892,113.34146341463416,113.34146341463416,113.34146341463416,33.719146341463414,33.719146341463414,33.719146341463414,87.06878048780489,87.06878048780489,114.17358822236872,113.75752581850143,34.06740386728191,33.89327510437267,115.83783783783784
2017,2,0,34.76391891891892,81.25256756756757,57.03270270270271,7.382432432432432,4.467702702702703,33.77391891891892,115.83783783783784,113.34146341463416,113.34146341463416,34.76391891891892,33.719146341463414,33.719146341463414,81.25256756756757,87.06878048780489,115.00571303010327,114.17358822236872,34.415661393100415,34.06740386728192,115.83783783783784
2017,2,0,34.76391891891892,81.25256756756757,57.03270270270271,7.382432432432432,4.467702702702703,33.77391891891892,115.83783783783784,115.83783783783784,113.34146341463416,34.76391891891892,34.76391891891892,33.719146341463414,81.25256756756757,81.25256756756757,115.83783783783784,114.58965062623601,34.76391891891892,34.241532630191166,115.83783783783784
2017,2,0,34.76391891891892,81.25256756756757,57.03270270270271,7.382432432432432,4.467702702702703,33.77391891891892,115.83783783783784,115.83783783783784,115.83783783783784,34.76391891891892,34.76391891891892,34.76391891891892,81.25256756756757,81.25256756756757,115.83783783783784,115.00571303010328,34.76391891891892,34.415661393100415,115.83783783783784
2017,2,0,34.76391891891892,81.25256756756757,57.03270270270271,7.382432432432432,4.467702702702703,33.77391891891892,115.83783783783784,115.83783783783784,115.83783783783784,34.76391891891892,34.76391891891892,34.76391891891892,81.25256756756757,81.25256756756757,115.83783783783784,115.42177543397055,34.76391891891892,34.58979015600967,115.83783783783784
2017,2,0,34.76391891891892,81.25256756756757,57.03270270270271,7.382432432432432,4.467702702702703,33.77391891891892,115.83783783783784,115.83783783783784,115.83783783783784,34.76391891891892,34.76391891891892,34.76391891891892,81.25256756756757,81.25256756756757,115.83783783783784,115.83783783783784,34.76391891891892,34.76391891891892,115.83783783783784
2017,2,0,34.76391891891892,81.25256756756757,57.03270270270271,7.382432432432432,4.467702702702703,33.77391891891892,115.83783783783784,115.83783783783784,115.83783783783784,34.76391891891892,34.76391891891892,34.76391891891892,81.25256756756757,81.25256756756757,115.83783783783784,115.83783783783784,34.76391891891892,34.76391891891892,115.83783783783784
2017,2,0,34.76391891891892,81.25256756756757,57.03270270270271,7.382432432432432,4.467702702702703,33.77391891891892,115.83783783783784,115.83783783783784,115.83783783783784,34.76391891891892,34.76391891891892,34.76391891891892,81.25256756756757,81.25256756756757,115.83783783783784,115.83783783783784,34.76391891891892,34.76391891891892,115.83783783783784
2017,2,0,34.76391891891892,81.25256756756757,57.03270270270271,7.382432432432432,4.467702702702703,33.77391891891892,115.83783783783784,115.83783783783784,115.83783783783784,34.76391891891892,34.76391891891892,34.76391891891892,81.25256756756757,81.25256756756757,115.83783783783784,115.83783783783784,34.76391891891892,34.76391891891892,115.83783783783784
2017,2,0,34.76391891891892,81.25256756756757,57.03270270270271,7.382432432432432,4.467702702702703,33.77391891891892,115.83783783783784,115.83783783783784,115.83783783783784,34.76391891891892,34.76391891891892,34.76391891891892,81.25256756756757,81.25256756756757,115.83783783783784,115.83783783783784,34.76391891891892,34.76391891891892,115.83783783783784
2017,3,0,34.99043010752688,78.8021505376344,37.18322580645161,6.666129032258065,1.041505376344086,32.30591397849463,115.83783783783784,115.83783783783784,115.83783783783784,34.76391891891892,34.76391891891892,34.76391891891892,81.25256756756757,81.25256756756757,103.92773418579871,109.88278601181827,34.83942264845491,34.80167078368691,80.10752688172043
2017,3,0,34.99043010752688,78.8021505376344,37.18322580645161,6.666129032258065,1.041505376344086,32.30591397849463,80.10752688172043,115.83783783783784,115.83783783783784,34.99043010752688,34.76391891891892,34.76391891891892,78.8021505376344,81.25256756756757,92.01763053375957,103.92773418579871,34.914926377990895,34.83942264845491,80.10752688172043
2017,3,0,34.99043010752688,78.8021505376344,37.18322580645161,6.666129032258065,1.041505376344086,32.30591397849463,80.10752688172043,80.10752688172043,115.83783783783784,34.99043010752688,34.99043010752688,34.76391891891892,78.8021505376344,78.8021505376344,80.10752688172043,97.97268235977913,34.99043010752688,34.877174513222904,80.10752688172043
2017,3,0,34.99043010752688,78.8021505376344,37.18322580645161,6.666129032258065,1.041505376344086,32.30591397849463,80.10752688172043,80.10752688172043,80.10752688172043,34.99043010752688,34.99043010752688,34.99043010752688,78.8021505376344,78.8021505376344,80.10752688172043,92.01763053375957,34.99043010752688,34.914926377990895,80.10752688172043
2017,3,0,34.99043010752688,78.8021505376344,37.18322580645161,6.666129032258065,1.041505376344086,32.30591397849463,80.10752688172043,80.10752688172043,80.10752688172043,34.99043010752688,34.99043010752688,34.99043010752688,78.8021505376344,78.8021505376344,80.10752688172043,86.06257870774,34.99043010752688,34.952678242758886,80.10752688172043
2017,3,0,34.99043010752688,78.8021505376344,37.18322580645161,6.666129032258065,1.041505376344086,32.30591397849463,80.10752688172043,80.10752688172043,80.10752688172043,34.99043010752688,34.99043010752688,34.99043010752688,78.8021505376344,78.8021505376344,80.10752688172043,80.10752688172043,34.99043010752688,34.99043010752688,80.10752688172043
2017,3,0,34.99043010752688,78.8021505376344,37.18322580645161,6.666129032258065,1.041505376344086,32.30591397849463,80.10752688172043,80.10752688172043,80.10752688172043,34.99043010752688,34.99043010752688,34.99043010752688,78.8021505376344,78.8021505376344,80.10752688172043,80.10752688172043,34.99043010752688,34.99043010752688,80.10752688172043
2017,3,0,34.99043010752688,78.8021505376344,37.18322580645161,6.666129032258065,1.041505376344086,32.30591397849463,80.10752688172043,80.10752688172043,80.10752688172043,34.99043010752688,34.99043010752688,34.99043010752688,78.8021505376344,78.8021505376344,80.10752688172043,80.10752688172043,34.99043010752688,34.99043010752688,80.10752688172043
2017,3,0,34.99043010752688,78.8021505376344,37.18322580645161,6.666129032258065,1.041505376344086,32.30591397849463,80.10752688172043,80.10752688172043,80.10752688172043,34.99043010752688,34.99043010752688,34.99043010752688,78.8021505376344,78.8021505376344,80.10752688172043,80.10752688172043,34.99043010752688,34.99043010752688,80.10752688172043
2017,3,0,34.99043010752688,78.8021505376344,37.18322580645161,6.666129032258065,1.041505376344086,32.30591397849463,80.10752688172043,80.10752688172043,80.10752688172043,34.99043010752688,34.99043010752688,34.99043010752688,78.8021505376344,78.8021505376344,80.10752688172043,80.10752688172043,34.99043010752688,34.99043010752688,80.10752688172043
2017,4,0,36.02872093023256,79.37069767441861,31.69453488372093,3.87953488372093,0.8754651162790699,38.450697674418606,80.10752688172043,80.10752688172043,80.10752688172043,34.99043010752688,34.99043010752688,34.99043010752688,78.8021505376344,78.8021505376344,84.33912644827875,82.22332666499959,35.33652704842877,35.16347857797783,92.80232558139537
2017,4,0,36.02872093023256,79.37069767441861,31.69453488372093,3.87953488372093,0.8754651162790699,38.450697674418606,92.80232558139537,80.10752688172043,80.10752688172043,36.02872093023256,34.99043010752688,34.99043010752688,79.37069767441861,78.8021505376344,88.57072601483704,84.33912644827875,35.682623989330665,35.33652704842877,92.80232558139537
2017,4,0,36.02872093023256,79.37069767441861,31.69453488372093,3.87953488372093,0.8754651162790699,38.450697674418606,92.80232558139537,92.80232558139537,80.10752688172043,36.02872093023256,36.02872093023256,34.99043010752688,79.37069767441861,79.37069767441861,92.80232558139537,86.4549262315579,36.02872093023256,35.50957551887972,92.80232558139537
2017,4,0,36.02872093023256,79.37069767441861,31.69453488372093,3.87953488372093,0.8754651162790699,38.450697674418606,92.80232558139537,92.80232558139537,92.80232558139537,36.02872093023256,36.02872093023256,36.02872093023256,79.37069767441861,79.37069767441861,92.80232558139537,88.57072601483706,36.02872093023256,35.68262398933067,92.80232558139537
2017,4,0,36.02872093023256,79.37069767441861,31.69453488372093,3.87953488372093,0.8754651162790699,38.450697674418606,92.80232558139537,92.80232558139537,92.80232558139537,36.02872093023256,36.02872093023256,36.02872093023256,79.37069767441861,79.37069767441861,92.80232558139537,90.6865257981162,36.02872093023256,35.85567245978161,92.80232558139537
2017,4,0,36.02872093023256,79.37069767441861,31.69453488372093,3.87953488372093,0.8754651162790699,38.450697674418606,92.80232558139537,92.80232558139537,92.80232558139537,36.02872093023256,36.02872093023256,36.02872093023256,79.37069767441861,79.37069767441861,92.80232558139537,92.80232558139537,36.02872093023256,36.02872093023256,92.80232558139537
2017,4,0,36.02872093023256,79.37069767441861,31.69453488372093,3.87953488372093,0.8754651162790699,38.450697674418606,92.80232558139537,92.80232558139537,92.80232558139537,36.02872093023256,36.02872093023256,36.02872093023256,79.37069767441861,79.37069767441861,92.80232558139537,92.80232558139537,36.02872093023256,36.02872093023256,92.80232558139537
2017,4,0,36.02872093023256,79.37069767441861,31.69453488372093,3.87953488372093,0.8754651162790699,38.450697674418606,92.80232558139537,92.80232558139537,92.80232558139537,36.02872093023256,36.02872093023256,36.02872093023256,79.37069767441861,79.37069767441861,92.80232558139537,92.80232558139537,36.02872093023256,36.02872093023256,92.80232558139537
2017,4,0,36.02872093023256,79.37069767441861,31.69453488372093,3.87953488372093,0.8754651162790699,38.450697674418606,92.80232558139537,92.80232558139537,92.80232558139537,36.02872093023256,36.02872093023256,36.02872093023256,79.37069767441861,79.37069767441861,92.80232558139537,92.80232558139537,36.02872093023256,36.02872093023256,92.80232558139537
2017,4,0,36.02872093023256,79.37069767441861,31.69453488372093,3.87953488372093,0.8754651162790699,38.450697674418606,92.80232558139537,92.80232558139537,92.80232558139537,36.02872093023256,36.02872093023256,36.02872093023256,79.37069767441861,79.37069767441861,92.80232558139537,92.80232558139537,36.02872093023256,36.02872093023256,92.80232558139537
2017,5,0,31.99451612903226,70.90956989247312,31.34236559139785,4.767204301075269,0.9327956989247312,28.032795698924733,92.80232558139537,92.80232558139537,92.80232558139537,36.02872093023256,36.02872093023256,36.02872093023256,79.37069767441861,79.37069767441861,85.15853963490873,88.98043260815206,34.683985996499125,35.35635346336584,69.87096774193549
2017,5,0,31.99451612903226,70.90956989247312,31.34236559139785,4.767204301075269,0.9327956989247312,28.032795698924733,69.87096774193549,92.80232558139537,92.80232558139537,31.99451612903226,36.02872093023256,36.02872093023256,70.90956989247312,79.37069767441861,77.51475368842212,85.15853963490873,33.33925106276569,34.683985996499125,69.87096774193549
2017,5,0,31.99451612903226,70.90956989247312,31.34236559139785,4.767204301075269,0.9327956989247312,28.032795698924733,69.87096774193549,69.87096774193549,92.80232558139537,31.99451612903226,31.99451612903226,36.02872093023256,70.90956989247312,70.90956989247312,69.87096774193549,81.33664666166543,31.99451612903226,34.01161852963241,69.87096774193549
2017,5,0,31.99451612903226,70.90956989247312,31.34236559139785,4.767204301075269,0.9327956989247312,28.032795698924733,69.87096774193549,69.87096774193549,69.87096774193549,31.99451612903226,31.99451612903226,31.99451612903226,70.90956989247312,70.90956989247312,69.87096774193549,77.5147536884221,31.99451612903226,33.33925106276569,69.87096774193549
2017,5,0,31.99451612903226,70.90956989247312,31.34236559139785,4.767204301075269,0.9327956989247312,28.032795698924733,69.87096774193549,69.87096774193549,69.87096774193549,31.99451612903226,31.99451612903226,31.99451612903226,70.90956989247312,70.90956989247312,69.87096774193549,73.69286071517881,31.99451612903226,32.66688359589898,69.87096774193549
2017,5,0,31.99451612903226,70.90956989247312,31.34236559139785,4.767204301075269,0.9327956989247312,28.032795698924733,69.87096774193549,69.87096774193549,69.87096774193549,31.99451612903226,31.99451612903226,31.99451612903226,70.90956989247312,70.90956989247312,69.87096774193549,69.87096774193549,31.99451612903226,31.99451612903226,69.87096774193549
2017,5,0,31.99451612903226,70.90956989247312,31.34236559139785,4.767204301075269,0.9327956989247312,28.032795698924733,69.87096774193549,69.87096774193549,69.87096774193549,31.99451612903226,31.99451612903226,31.99451612903226,70.90956989247312,70.90956989247312,69.87096774193549,69.87096774193549,31.99451612903226,31.99451612903226,69.87096774193549
2017,5,0,31.99451612903226,70.90956989247312,31.34236559139785,4.767204301075269,0.9327956989247312,28.032795698924733,69.87096774193549,69.87096774193549,69.87096774193549,31.99451612903226,31.99451612903226,31.99451612903226,70.90956989247312,70.90956989247312,69.87096774193549,69.87096774193549,31.99451612903226,31.99451612903226,69.87096774193549
2017,5,0,31.99451612903226,70.90956989247312,31.34236559139785,4.767204301075269,0.9327956989247312,28.032795698924733,69.87096774193549,69.87096774193549,69.87096774193549,31.99451612903226,31.99451612903226,31.99451612903226,70.90956989247312,70.90956989247312,69.87096774193549,69.87096774193549,31.99451612903226,31.99451612903226,69.87096774193549
2017,5,0,31.99451612903226,70.90956989247312,31.34236559139785,4.767204301075269,0.9327956989247312,28.032795698924733,69.87096774193549,69.87096774193549,69.87096774193549,31.99451612903226,31.99451612903226,31.99451612903226,70.90956989247312,70.90956989247312,69.87096774193549,69.87096774193549,31.99451612903226,31.99451612903226,69.87096774193549
2017,6,0,25.46077777777777,76.61222222222221,31.38366666666667,5.169222222222222,1.9234444444444443,24.51855555555556,69.87096774193549,69.87096774193549,69.87096774193549,31.99451612903226,31.99451612903226,31.99451612903226,70.90956989247312,70.90956989247312,67.14731182795698,68.50913978494624,29.816603345280765,30.90555973715651,61.7
2017,6,0,25.46077777777777,76.61222222222221,31.38366666666667,5.169222222222222,1.9234444444444443,24.51855555555556,61.7,69.87096774193549,69.87096774193549,25.46077777777777,31.99451612903226,31.99451612903226,76.61222222222221,70.90956989247312,64.4236559139785,67.147311827957,27.638690561529263,29.816603345280765,61.7
2017,6,0,25.46077777777777,76.61222222222221,31.38366666666667,5.169222222222222,1.9234444444444443,24.51855555555556,61.7,61.7,69.87096774193549,25.46077777777777,25.46077777777777,31.99451612903226,76.61222222222221,76.61222222222221,61.7,65.78548387096774,25.46077777777777,28.727646953405017,61.7
2017,6,0,25.46077777777777,76.61222222222221,31.38366666666667,5.169222222222222,1.9234444444444443,24.51855555555556,61.7,61.7,61.7,25.46077777777777,25.46077777777777,25.46077777777777,76.61222222222221,76.61222222222221,61.7,64.42365591397851,25.46077777777777,27.63869056152927,61.7
2017,6,0,25.46077777777777,76.61222222222221,31.38366666666667,5.169222222222222,1.9234444444444443,24.51855555555556,61.7,61.7,61.7,25.46077777777777,25.46077777777777,25.46077777777777,76.61222222222221,76.61222222222221,61.7,63.061827956989255,25.46077777777777,26.54973416965352,61.7
2017,6,0,25.46077777777777,76.61222222222221,31.38366666666667,5.169222222222222,1.9234444444444443,24.51855555555556,61.7,61.7,61.7,25.46077777777777,25.46077777777777,25.46077777777777,76.61222222222221,76.61222222222221,61.7,61.7,25.46077777777777,25.46077777777777,61.7
2017,6,0,25.46077777777777,76.61222222222221,31.38366666666667,5.169222222222222,1.9234444444444443,24.51855555555556,61.7,61.7,61.7,25.46077777777777,25.46077777777777,25.46077777777777,76.61222222222221,76.61222222222221,61.7,61.7,25.46077777777777,25.46077777777777,61.7
2017,6,0,25.46077777777777,76.61222222222221,31.38366666666667,5.169222222222222,1.9234444444444443,24.51855555555556,61.7,61.7,61.7,25.46077777777777,25.46077777777777,25.46077777777777,76.61222222222221,76.61222222222221,61.7,61.7,25.46077777777777,25.46077777777777,61.7
2017,6,0,25.46077777777777,76.61222222222221,31.38366666666667,5.169222222222222,1.9234444444444443,24.51855555555556,61.7,61.7,61.7,25.46077777777777,25.46077777777777,25.46077777777777,76.61222222222221,76.61222222222221,61.7,61.7,25.46077777777777,25.46077777777777,61.7
2017,6,0,25.46077777777777,76.61222222222221,31.38366666666667,5.169222222222222,1.9234444444444443,24.51855555555556,61.7,61.7,61.7,25.46077777777777,25.46077777777777,25.46077777777777,76.61222222222221,76.61222222222221,61.7,61.7,25.46077777777777,25.46077777777777,61.7
2017,7,0,30.341573033707867,82.22629213483145,37.03651685393258,5.215056179775281,4.196741573033708,30.28629213483146,61.7,61.7,61.7,25.46077777777777,25.46077777777777,25.46077777777777,76.61222222222221,76.61222222222221,71.67265917602997,66.68632958801498,27.087709529754466,26.27424365376612,91.61797752808988
2017,7,0,30.341573033707867,82.22629213483145,37.03651685393258,5.215056179775281,4.196741573033708,30.28629213483146,91.61797752808988,61.7,61.7,30.341573033707867,25.46077777777777,25.46077777777777,82.22629213483145,76.61222222222221,81.64531835205993,71.67265917602997,28.714641281731172,27.087709529754473,91.61797752808988
2017,7,0,30.341573033707867,82.22629213483145,37.03651685393258,5.215056179775281,4.196741573033708,30.28629213483146,91.61797752808988,91.61797752808988,61.7,30.341573033707867,30.341573033707867,25.46077777777777,82.22629213483145,82.22629213483145,91.61797752808988,76.65898876404493,30.341573033707867,27.90117540574282,91.61797752808988
2017,7,0,30.341573033707867,82.22629213483145,37.03651685393258,5.215056179775281,4.196741573033708,30.28629213483146,91.61797752808988,91.61797752808988,91.61797752808988,30.341573033707867,30.341573033707867,30.341573033707867,82.22629213483145,82.22629213483145,91.61797752808988,81.64531835205992,30.341573033707867,28.714641281731172,91.61797752808988
2017,7,0,30.341573033707867,82.22629213483145,37.03651685393258,5.215056179775281,4.196741573033708,30.28629213483146,91.61797752808988,91.61797752808988,91.61797752808988,30.341573033707867,30.341573033707867,30.341573033707867,82.22629213483145,82.22629213483145,91.61797752808988,86.6316479400749,30.341573033707867,29.528107157719518,91.61797752808988
2017,7,0,30.341573033707867,82.22629213483145,37.03651685393258,5.215056179775281,4.196741573033708,30.28629213483146,91.61797752808988,91.61797752808988,91.61797752808988,30.341573033707867,30.341573033707867,30.341573033707867,82.22629213483145,82.22629213483145,91.61797752808988,91.61797752808988,30.341573033707867,30.341573033707867,91.61797752808988
2017,7,0,30.341573033707867,82.22629213483145,37.03651685393258,5.215056179775281,4.196741573033708,30.28629213483146,91.61797752808988,91.61797752808988,91.61797752808988,30.341573033707867,30.341573033707867,30.341573033707867,82.22629213483145,82.22629213483145,91.61797752808988,91.61797752808988,30.341573033707867,30.341573033707867,91.61797752808988
2017,7,0,30.341573033707867,82.22629213483145,37.03651685393258,5.215056179775281,4.196741573033708,30.28629213483146,91.61797752808988,91.61797752808988,91.61797752808988,30.341573033707867,30.341573033707867,30.341573033707867,82.22629213483145,82.22629213483145,91.61797752808988,91.61797752808988,30.341573033707867,30.341573033707867,91.61797752808988
2017,7,0,30.341573033707867,82.22629213483145,37.03651685393258,5.215056179775281,4.196741573033708,30.28629213483146,91.61797752808988,91.61797752808988,91.61797752808988,30.341573033707867,30.341573033707867,30.341573033707867,82.22629213483145,82.22629213483145,91.61797752808988,91.61797752808988,30.341573033707867,30.341573033707867,91.61797752808988
2017,7,0,30.341573033707867,82.22629213483145,37.03651685393258,5.215056179775281,4.196741573033708,30.28629213483146,91.61797752808988,91.61797752808988,91.61797752808988,30.341573033707867,30.341573033707867,30.341573033707867,82.22629213483145,82.22629213483145,91.61797752808988,91.61797752808988,30.341573033707867,30.341573033707867,91.61797752808988
2017,8,0,25.360439560439563,75.50725274725275,28.59758241758242,4.969340659340659,4.473626373626374,28.141978021978023,91.61797752808988,91.61797752808988,91.61797752808988,30.341573033707867,30.341573033707867,30.341573033707867,82.22629213483145,82.22629213483145,88.37901798575956,89.99849775692472,28.681195209285097,29.511384121496487,81.9010989010989
2017,8,0,25.360439560439563,75.50725274725275,28.59758241758242,4.969340659340659,4.473626373626374,28.141978021978023,81.9010989010989,91.61797752808988,91.61797752808988,25.360439560439563,30.341573033707867,30.341573033707867,75.50725274725275,82.22629213483145,85.14005844342923,88.37901798575956,27.02081738486233,28.681195209285097,81.9010989010989
2017,8,0,25.360439560439563,75.50725274725275,28.59758241758242,4.969340659340659,4.473626373626374,28.141978021978023,81.9010989010989,81.9010989010989,91.61797752808988,25.360439560439563,25.360439560439563,30.341573033707867,75.50725274725275,75.50725274725275,81.9010989010989,86.75953821459439,25.360439560439563,27.851006297073713,81.9010989010989
2017,8,0,25.360439560439563,75.50725274725275,28.59758241758242,4.969340659340659,4.473626373626374,28.141978021978023,81.9010989010989,81.9010989010989,81.9010989010989,25.360439560439563,25.360439560439563,25.360439560439563,75.50725274725275,75.50725274725275,81.9010989010989,85.14005844342923,25.360439560439563,27.02081738486233,81.9010989010989
2017,8,0,25.360439560439563,75.50725274725275,28.59758241758242,4.969340659340659,4.473626373626374,28.141978021978023,81.9010989010989,81.9010989010989,81.9010989010989,25.360439560439563,25.360439560439563,25.360439560439563,75.50725274725275,75.50725274725275,81.9010989010989,83.52057867226407,25.360439560439563,26.190628472650946,81.9010989010989
2017,8,0,25.360439560439563,75.50725274725275,28.59758241758242,4.969340659340659,4.473626373626374,28.141978021978023,81.9010989010989,81.9010989010989,81.9010989010989,25.360439560439563,25.360439560439563,25.360439560439563,75.50725274725275,75.50725274725275,81.9010989010989,81.9010989010989,25.360439560439563,25.360439560439563,81.9010989010989
2017,8,0,25.360439560439563,75.50725274725275,28.59758241758242,4.969340659340659,4.473626373626374,28.141978021978023,81.9010989010989,81.9010989010989,81.9010989010989,25.360439560439563,25.360439560439563,25.360439560439563,75.50725274725275,75.50725274725275,81.9010989010989,81.9010989010989,25.360439560439563,25.360439560439563,81.9010989010989
2017,8,0,25.360439560439563,75.50725274725275,28.59758241758242,4.969340659340659,4.473626373626374,28.141978021978023,81.9010989010989,81.9010989010989,81.9010989010989,25.360439560439563,25.360439560439563,25.360439560439563,75.50725274725275,75.50725274725275,81.9010989010989,81.9010989010989,25.360439560439563,25.360439560439563,81.9010989010989
2017,8,0,25.360439560439563,75.50725274725275,28.59758241758242,4.969340659340659,4.473626373626374,28.141978021978023,81.9010989010989,81.9010989010989,81.9010989010989,25.360439560439563,25.360439560439563,25.360439560439563,75.50725274725275,75.50725274725275,81.9010989010989,81.9010989010989,25.360439560439563,25.360439560439563,81.9010989010989
2017,8,0,25.360439560439563,75.50725274725275,28.59758241758242,4.969340659340659,4.473626373626374,28.141978021978023,81.9010989010989,81.9010989010989,81.9010989010989,25.360439560439563,25.360439560439563,25.360439560439563,75.50725274725275,75.50725274725275,81.9010989010989,81.9010989010989,25.360439560439563,25.360439560439563,81.9010989010989
2017,9,0,27.878068181818183,76.38636363636364,30.96681818181818,5.135454545454546,1.64,26.9125,81.9010989010989,81.9010989010989,81.9010989010989,25.360439560439563,25.360439560439563,25.360439560439563,75.50725274725275,75.50725274725275,79.84315684315685,80.87212787212788,26.199649100899105,25.78004433066933,75.72727272727273
2017,9,0,27.878068181818183,76.38636363636364,30.96681818181818,5.135454545454546,1.64,26.9125,75.72727272727273,81.9010989010989,81.9010989010989,27.878068181818183,25.360439560439563,25.360439560439563,76.38636363636364,75.50725274725275,77.78521478521479,79.84315684315685,27.038858641358644,26.199649100899098,75.72727272727273
2017,9,0,27.878068181818183,76.38636363636364,30.96681818181818,5.135454545454546,1.64,26.9125,75.72727272727273,75.72727272727273,81.9010989010989,27.878068181818183,27.878068181818183,25.360439560439563,76.38636363636364,76.38636363636364,75.72727272727273,78.81418581418582,27.878068181818183,26.619253871128876,75.72727272727273
2017,9,0,27.878068181818183,76.38636363636364,30.96681818181818,5.135454545454546,1.64,26.9125,75.72727272727273,75.72727272727273,75.72727272727273,27.878068181818183,27.878068181818183,27.878068181818183,76.38636363636364,76.38636363636364,75.72727272727273,77.78521478521479,27.878068181818183,27.038858641358644,75.72727272727273
2017,9,0,27.878068181818183,76.38636363636364,30.96681818181818,5.135454545454546,1.64,26.9125,75.72727272727273,75.72727272727273,75.72727272727273,27.878068181818183,27.878068181818183,27.878068181818183,76.38636363636364,76.38636363636364,75.72727272727273,76.75624375624376,27.878068181818183,27.45846341158841,75.72727272727273
2017,9,0,27.878068181818183,76.38636363636364,30.96681818181818,5.135454545454546,1.64,26.9125,75.72727272727273,75.72727272727273,75.72727272727273,27.878068181818183,27.878068181818183,27.878068181818183,76.38636363636364,76.38636363636364,75.72727272727273,75.72727272727273,27.878068181818183,27.878068181818183,75.72727272727273
2017,9,0,27.878068181818183,76.38636363636364,30.96681818181818,5.135454545454546,1.64,26.9125,75.72727272727273,75.72727272727273,75.72727272727273,27.878068181818183,27.878068181818183,27.878068181818183,76.38636363636364,76.38636363636364,75.72727272727273,75.72727272727273,27.878068181818183,27.878068181818183,75.72727272727273
2017,9,0,27.878068181818183,76.38636363636364,30.96681818181818,5.135454545454546,1.64,26.9125,75.72727272727273,75.72727272727273,75.72727272727273,27.878068181818183,27.878068181818183,27.878068181818183,76.38636363636364,76.38636363636364,75.72727272727273,75.72727272727273,27.878068181818183,27.878068181818183,75.72727272727273
2017,9,0,27.878068181818183,76.38636363636364,30.96681818181818,5.135454545454546,1.64,26.9125,75.72727272727273,75.72727272727273,75.72727272727273,27.878068181818183,27.878068181818183,27.878068181818183,76.38636363636364,76.38636363636364,75.72727272727273,75.72727272727273,27.878068181818183,27.878068181818183,75.72727272727273
2017,9,0,27.878068181818183,76.38636363636364,30.96681818181818,5.135454545454546,1.64,26.9125,75.72727272727273,75.72727272727273,75.72727272727273,27.878068181818183,27.878068181818183,27.878068181818183,76.38636363636364,76.38636363636364,75.72727272727273,75.72727272727273,27.878068181818183,27.878068181818183,75.72727272727273
2017,10,0,38.16763636363636,77.06009090909092,31.178272727272727,4.376,1.0093636363636365,29.447,75.72727272727273,75.72727272727273,75.72727272727273,27.878068181818183,27.878068181818183,27.878068181818183,76.38636363636364,76.38636363636364,80.01818181818182,77.87272727272727,31.307924242424246,29.59299621212121,88.6
2017,10,0,38.16763636363636,77.06009090909092,31.178272727272727,4.376,1.0093636363636365,29.447,88.6,75.72727272727273,75.72727272727273,38.16763636363636,27.878068181818183,27.878068181818183,77.06009090909092,76.38636363636364,84.3090909090909,80.01818181818182,34.7377803030303,31.307924242424246,88.6
2017,10,0,38.16763636363636,77.06009090909092,31.178272727272727,4.376,1.0093636363636365,29.447,88.6,88.6,75.72727272727273,38.16763636363636,38.16763636363636,27.878068181818183,77.06009090909092,77.06009090909092,88.6,82.16363636363637,38.16763636363636,33.02285227272727,88.6
2017,10,0,38.16763636363636,77.06009090909092,31.178272727272727,4.376,1.0093636363636365,29.447,88.6,88.6,88.6,38.16763636363636,38.16763636363636,38.16763636363636,77.06009090909092,77.06009090909092,88.6,84.3090909090909,38.16763636363636,34.7377803030303,88.6
2017,10,0,38.16763636363636,77.06009090909092,31.178272727272727,4.376,1.0093636363636365,29.447,88.6,88.6,88.6,38.16763636363636,38.16763636363636,38.16763636363636,77.06009090909092,77.06009090909092,88.6,86.45454545454545,38.16763636363636,36.452708333333334,88.6
2017,10,0,38.16763636363636,77.06009090909092,31.178272727272727,4.376,1.0093636363636365,29.447,88.6,88.6,88.6,38.16763636363636,38.16763636363636,38.16763636363636,77.06009090909092,77.06009090909092,88.6,88.6,38.16763636363636,38.16763636363636,88.6
2017,10,0,38.16763636363636,77.06009090909092,31.178272727272727,4.376,1.0093636363636365,29.447,88.6,88.6,88.6,38.16763636363636,38.16763636363636,38.16763636363636,77.06009090909092,77.06009090909092,88.6,88.6,38.16763636363636,38.16763636363636,88.6
2017,10,0,38.16763636363636,77.06009090909092,31.178272727272727,4.376,1.0093636363636365,29.447,88.6,88.6,88.6,38.16763636363636,38.16763636363636,38.16763636363636,77.06009090909092,77.06009090909092,88.6,88.6,38.16763636363636,38.16763636363636,88.6
2017,10,0,38.16763636363636,77.06009090909092,31.178272727272727,4.376,1.0093636363636365,29.447,88.6,88.6,88.6,38.16763636363636,38.16763636363636,38.16763636363636,77.06009090909092,77.06009090909092,88.6,88.6,38.16763636363636,38.16763636363636,88.6
2017,10,0,38.16763636363636,77.06009090909092,31.178272727272727,4.376,1.0093636363636365,29.447,88.6,88.6,88.6,38.16763636363636,38.16763636363636,38.16763636363636,77.06009090909092,77.06009090909092,88.6,88.6,38.16763636363636,38.16763636363636,88.6
2017,11,0,33.17745614035088,68.42350877192982,38.31482456140351,3.887280701754386,1.0712280701754386,29.57,88.6,88.6,88.6,38.16763636363636,38.16763636363636,38.16763636363636,77.06009090909092,77.06009090909092,85.87368421052632,87.23684210526314,36.50424295587454,37.33593965975545,80.42105263157895
2017,11,0,33.17745614035088,68.42350877192982,38.31482456140351,3.887280701754386,1.0712280701754386,29.57,80.42105263157895,88.6,88.6,33.17745614035088,38.16763636363636,38.16763636363636,68.42350877192982,77.06009090909092,83.14736842105263,85.87368421052632,34.84084954811271,36.50424295587454,80.42105263157895
2017,11,0,33.17745614035088,68.42350877192982,38.31482456140351,3.887280701754386,1.0712280701754386,29.57,80.42105263157895,80.42105263157895,88.6,33.17745614035088,33.17745614035088,38.16763636363636,68.42350877192982,68.42350877192982,80.42105263157895,84.51052631578946,33.17745614035088,35.672546251993616,80.42105263157895
2017,11,0,33.17745614035088,68.42350877192982,38.31482456140351,3.887280701754386,1.0712280701754386,29.57,80.42105263157895,80.42105263157895,80.42105263157895,33.17745614035088,33.17745614035088,33.17745614035088,68.42350877192982,68.42350877192982,80.42105263157895,83.14736842105263,33.17745614035088,34.84084954811271,80.42105263157895
2017,11,0,33.17745614035088,68.42350877192982,38.31482456140351,3.887280701754386,1.0712280701754386,29.57,80.42105263157895,80.42105263157895,80.42105263157895,33.17745614035088,33.17745614035088,33.17745614035088,68.42350877192982,68.42350877192982,80.42105263157895,81.78421052631579,33.17745614035088,34.00915284423179,80.42105263157895
2017,11,0,33.17745614035088,68.42350877192982,38.31482456140351,3.887280701754386,1.0712280701754386,29.57,80.42105263157895,80.42105263157895,80.42105263157895,33.17745614035088,33.17745614035088,33.17745614035088,68.42350877192982,68.42350877192982,80.42105263157895,80.42105263157895,33.17745614035088,33.17745614035088,80.42105263157895
2017,11,0,33.17745614035088,68.42350877192982,38.31482456140351,3.887280701754386,1.0712280701754386,29.57,80.42105263157895,80.42105263157895,80.42105263157895,33.17745614035088,33.17745614035088,33.17745614035088,68.42350877192982,68.42350877192982,80.42105263157895,80.42105263157895,33.17745614035088,33.17745614035088,80.42105263157895
2017,11,0,33.17745614035088,68.42350877192982,38.31482456140351,3.887280701754386,1.0712280701754386,29.57,80.42105263157895,80.42105263157895,80.42105263157895,33.17745614035088,33.17745614035088,33.17745614035088,68.42350877192982,68.42350877192982,80.42105263157895,80.42105263157895,33.17745614035088,33.17745614035088,80.42105263157895
2017,11,0,33.17745614035088,68.42350877192982,38.31482456140351,3.887280701754386,1.0712280701754386,29.57,80.42105263157895,80.42105263157895,80.42105263157895,33.17745614035088,33.17745614035088,33.17745614035088,68.42350877192982,68.42350877192982,80.42105263157895,80.42105263157895,33.17745614035088,33.17745614035088,80.42105263157895
2017,11,0,33.17745614035088,68.42350877192982,38.31482456140351,3.887280701754386,1.0712280701754386,29.57,80.42105263157895,80.42105263157895,80.42105263157895,33.17745614035088,33.17745614035088,33.17745614035088,68.42350877192982,68.42350877192982,80.42105263157895,80.42105263157895,33.17745614035088,33.17745614035088,80.42105263157895
2017,12,0,41.2546875,74.35072916666667,53.51666666666667,3.886875,0.9603125,29.577395833333338,80.42105263157895,80.42105263157895,80.42105263157895,33.17745614035088,33.17745614035088,33.17745614035088,68.42350877192982,68.42350877192982,85.7390350877193,83.08004385964911,35.86986659356725,34.52366136695906,96.375
2017,12,0,41.2546875,74.35072916666667,53.51666666666667,3.886875,0.9603125,29.577395833333338,96.375,80.42105263157895,80.42105263157895,41.2546875,33.17745614035088,33.17745614035088,74.35072916666667,68.42350877192982,91.05701754385966,85.73903508771929,38.56227704678363,35.86986659356725,96.375
2017,12,0,41.2546875,74.35072916666667,53.51666666666667,3.886875,0.9603125,29.577395833333338,96.375,96.375,80.42105263157895,41.2546875,41.2546875,33.17745614035088,74.35072916666667,74.35072916666667,96.375,88.39802631578948,41.2546875,37.21607182017544,96.375
2017,12,0,41.2546875,74.35072916666667,53.51666666666667,3.886875,0.9603125,29.577395833333338,96.375,96.375,96.375,41.2546875,41.2546875,41.2546875,74.35072916666667,74.35072916666667,96.375,91.05701754385966,41.2546875,38.56227704678363,96.375
2017,12,0,41.2546875,74.35072916666667,53.51666666666667,3.886875,0.9603125,29.577395833333338,96.375,96.375,96.375,41.2546875,41.2546875,41.2546875,74.35072916666667,74.35072916666667,96.375,93.71600877192982,41.2546875,39.90848227339182,96.375
2017,12,0,41.2546875,74.35072916666667,53.51666666666667,3.886875,0.9603125,29.577395833333338,96.375,96.375,96.375,41.2546875,41.2546875,41.2546875,74.35072916666667,74.35072916666667,96.375,96.375,41.2546875,41.2546875,96.375
2017,12,0,41.2546875,74.35072916666667,53.51666666666667,3.886875,0.9603125,29.577395833333338,96.375,96.375,96.375,41.2546875,41.2546875,41.2546875,74.35072916666667,74.35072916666667,96.375,96.375,41.2546875,41.2546875,96.375
2017,12,0,41.2546875,74.35072916666667,53.51666666666667,3.886875,0.9603125,29.577395833333338,96.375,96.375,96.375,41.2546875,41.2546875,41.2546875,74.35072916666667,74.35072916666667,96.375,96.375,41.2546875,41.2546875,96.375
2017,12,0,41.2546875,74.35072916666667,53.51666666666667,3.886875,0.9603125,29.577395833333338,96.375,96.375,96.375,41.2546875,41.2546875,41.2546875,74.35072916666667,74.35072916666667,96.375,96.375,41.2546875,41.2546875,96.375
2017,12,0,41.2546875,74.35072916666667,53.51666666666667,3.886875,0.9603125,29.577395833333338,96.375,96.375,96.375,41.2546875,41.2546875,41.2546875,74.35072916666667,74.35072916666667,96.375,96.375,41.2546875,41.2546875,96.375
2018,1,0,35.25553956834533,85.54741007194245,38.99438848920863,4.376330935251798,1.0800719424460432,41.33964028776978,96.375,96.375,96.375,41.2546875,41.2546875,41.2546875,74.35072916666667,74.35072916666667,97.13249400479617,96.75374700239809,39.25497152278178,40.25482951139089,98.64748201438849
2018,1,0,35.25553956834533,85.54741007194245,38.99438848920863,4.376330935251798,1.0800719424460432,41.33964028776978,98.64748201438849,96.375,96.375,35.25553956834533,41.2546875,41.2546875,85.54741007194245,74.35072916666667,97.88998800959233,97.13249400479616,37.25525554556355,39.25497152278178,98.64748201438849
2018,1,0,35.25553956834533,85.54741007194245,38.99438848920863,4.376330935251798,1.0800719424460432,41.33964028776978,98.64748201438849,98.64748201438849,96.375,35.25553956834533,35.25553956834533,41.2546875,85.54741007194245,85.54741007194245,98.64748201438849,97.51124100719424,35.25553956834533,38.255113534172665,98.64748201438849
2018,1,0,35.25553956834533,85.54741007194245,38.99438848920863,4.376330935251798,1.0800719424460432,41.33964028776978,98.64748201438849,98.64748201438849,98.64748201438849,35.25553956834533,35.25553956834533,35.25553956834533,85.54741007194245,85.54741007194245,98.64748201438849,97.88998800959233,35.25553956834533,37.25525554556355,98.64748201438849
2018,1,0,35.25553956834533,85.54741007194245,38.99438848920863,4.376330935251798,1.0800719424460432,41.33964028776978,98.64748201438849,98.64748201438849,98.64748201438849,35.25553956834533,35.25553956834533,35.25553956834533,85.54741007194245,85.54741007194245,98.64748201438849,98.26873501199039,35.25553956834533,36.25539755695444,98.64748201438849
2018,1,0,35.25553956834533,85.54741007194245,38.99438848920863,4.376330935251798,1.0800719424460432,41.33964028776978,98.64748201438849,98.64748201438849,98.64748201438849,35.25553956834533,35.25553956834533,35.25553956834533,85.54741007194245,85.54741007194245,98.64748201438849,98.64748201438849,35.25553956834533,35.25553956834533,98.64748201438849
2018,1,0,35.25553956834533,85.54741007194245,38.99438848920863,4.376330935251798,1.0800719424460432,41.33964028776978,98.64748201438849,98.64748201438849,98.64748201438849,35.25553956834533,35.25553956834533,35.25553956834533,85.54741007194245,85.54741007194245,98.64748201438849,98.64748201438849,35.25553956834533,35.25553956834533,98.64748201438849
2018,1,0,35.25553956834533,85.54741007194245,38.99438848920863,4.376330935251798,1.0800719424460432,41.33964028776978,98.64748201438849,98.64748201438849,98.64748201438849,35.25553956834533,35.25553956834533,35.25553956834533,85.54741007194245,85.54741007194245,98.64748201438849,98.64748201438849,35.25553956834533,35.25553956834533,98.64748201438849
2018,1,0,35.25553956834533,85.54741007194245,38.99438848920863,4.376330935251798,1.0800719424460432,41.33964028776978,98.64748201438849,98.64748201438849,98.64748201438849,35.25553956834533,35.25553956834533,35.25553956834533,85.54741007194245,85.54741007194245,98.64748201438849,98.64748201438849,35.25553956834533,35.25553956834533,98.64748201438849
2018,1,0,35.25553956834533,85.54741007194245,38.99438848920863,4.376330935251798,1.0800719424460432,41.33964028776978,98.64748201438849,98.64748201438849,98.64748201438849,35.25553956834533,35.25553956834533,35.25553956834533,85.54741007194245,85.54741007194245,98.64748201438849,98.64748201438849,35.25553956834533,35.25553956834533,98.64748201438849
2018,2,0,29.8115,75.92007142857142,29.10242857142857,4.547571428571429,1.0147857142857142,34.29957142857143,98.64748201438849,98.64748201438849,98.64748201438849,35.25553956834533,35.25553956834533,35.25553956834533,85.54741007194245,85.54741007194245,93.02927372387803,95.83837786913325,33.44085971223022,34.348199640287774,81.79285714285714
2018,2,0,29.8115,75.92007142857142,29.10242857142857,4.547571428571429,1.0147857142857142,34.29957142857143,81.79285714285714,98.64748201438849,98.64748201438849,29.8115,35.25553956834533,35.25553956834533,75.92007142857142,85.54741007194245,87.4110654333676,93.02927372387803,31.62617985611511,33.440859712230214,81.79285714285714
2018,2,0,29.8115,75.92007142857142,29.10242857142857,4.547571428571429,1.0147857142857142,34.29957142857143,81.79285714285714,81.79285714285714,98.64748201438849,29.8115,29.8115,35.25553956834533,75.92007142857142,75.92007142857142,81.79285714285714,90.22016957862282,29.8115,32.53351978417266,81.79285714285714
2018,2,0,29.8115,75.92007142857142,29.10242857142857,4.547571428571429,1.0147857142857142,34.29957142857143,81.79285714285714,81.79285714285714,81.79285714285714,29.8115,29.8115,29.8115,75.92007142857142,75.92007142857142,81.79285714285714,87.41106543336758,29.8115,31.62617985611511,81.79285714285714
2018,2,0,29.8115,75.92007142857142,29.10242857142857,4.547571428571429,1.0147857142857142,34.29957142857143,81.79285714285714,81.79285714285714,81.79285714285714,29.8115,29.8115,29.8115,75.92007142857142,75.92007142857142,81.79285714285714,84.60196128811236,29.8115,30.71883992805755,81.79285714285714
2018,2,0,29.8115,75.92007142857142,29.10242857142857,4.547571428571429,1.0147857142857142,34.29957142857143,81.79285714285714,81.79285714285714,81.79285714285714,29.8115,29.8115,29.8115,75.92007142857142,75.92007142857142,81.79285714285714,81.79285714285714,29.8115,29.8115,81.79285714285714
2018,2,0,29.8115,75.92007142857142,29.10242857142857,4.547571428571429,1.0147857142857142,34.29957142857143,81.79285714285714,81.79285714285714,81.79285714285714,29.8115,29.8115,29.8115,75.92007142857142,75.92007142857142,81.79285714285714,81.79285714285714,29.8115,29.8115,81.79285714285714
2018,2,0,29.8115,75.92007142857142,29.10242857142857,4.547571428571429,1.0147857142857142,34.29957142857143,81.79285714285714,81.79285714285714,81.79285714285714,29.8115,29.8115,29.8115,75.92007142857142,75.92007142857142,81.79285714285714,81.79285714285714,29.8115,29.8115,81.79285714285714
2018,2,0,29.8115,75.92007142857142,29.10242857142857,4.547571428571429,1.0147857142857142,34.29957142857143,81.79285714285714,81.79285714285714,81.79285714285714,29.8115,29.8115,29.8115,75.92007142857142,75.92007142857142,81.79285714285714,81.79285714285714,29.8115,29.8115,81.79285714285714
2018,2,0,29.8115,75.92007142857142,29.10242857142857,4.547571428571429,1.0147857142857142,34.29957142857143,81.79285714285714,81.79285714285714,81.79285714285714,29.8115,29.8115,29.8115,75.92007142857142,75.92007142857142,81.79285714285714,81.79285714285714,29.8115,29.8115,81.79285714285714
2018,3,0,31.841571428571427,79.36928571428571,27.5875,4.649,1.1152857142857142,33.23114285714286,81.79285714285714,81.79285714285714,81.79285714285714,29.8115,29.8115,29.8115,75.92007142857142,75.92007142857142,83.93809523809524,82.8654761904762,30.48819047619047,30.149845238095235,88.22857142857143
2018,3,0,31.841571428571427,79.36928571428571,27.5875,4.649,1.1152857142857142,33.23114285714286,88.22857142857143,81.79285714285714,81.79285714285714,31.841571428571427,29.8115,29.8115,79.36928571428571,75.92007142857142,86.08333333333333,83.93809523809523,31.16488095238095,30.48819047619047,88.22857142857143
2018,3,0,31.841571428571427,79.36928571428571,27.5875,4.649,1.1152857142857142,33.23114285714286,88.22857142857143,88.22857142857143,81.79285714285714,31.841571428571427,31.841571428571427,29.8115,79.36928571428571,79.36928571428571,88.22857142857143,85.01071428571429,31.841571428571427,30.82653571428571,88.22857142857143
2018,3,0,31.841571428571427,79.36928571428571,27.5875,4.649,1.1152857142857142,33.23114285714286,88.22857142857143,88.22857142857143,88.22857142857143,31.841571428571427,31.841571428571427,31.841571428571427,79.36928571428571,79.36928571428571,88.22857142857143,86.08333333333333,31.841571428571427,31.16488095238095,88.22857142857143
2018,3,0,31.841571428571427,79.36928571428571,27.5875,4.649,1.1152857142857142,33.23114285714286,88.22857142857143,88.22857142857143,88.22857142857143,31.841571428571427,31.841571428571427,31.841571428571427,79.36928571428571,79.36928571428571,88.22857142857143,87.15595238095239,31.841571428571427,31.503226190476187,88.22857142857143
2018,3,0,31.841571428571427,79.36928571428571,27.5875,4.649,1.1152857142857142,33.23114285714286,88.22857142857143,88.22857142857143,88.22857142857143,31.841571428571427,31.841571428571427,31.841571428571427,79.36928571428571,79.36928571428571,88.22857142857143,88.22857142857143,31.841571428571427,31.841571428571427,88.22857142857143
2018,3,0,31.841571428571427,79.36928571428571,27.5875,4.649,1.1152857142857142,33.23114285714286,88.22857142857143,88.22857142857143,88.22857142857143,31.841571428571427,31.841571428571427,31.841571428571427,79.36928571428571,79.36928571428571,88.22857142857143,88.22857142857143,31.841571428571427,31.841571428571427,88.22857142857143
2018,3,0,31.841571428571427,79.36928571428571,27.5875,4.649,1.1152857142857142,33.23114285714286,88.22857142857143,88.22857142857143,88.22857142857143,31.841571428571427,31.841571428571427,31.841571428571427,79.36928571428571,79.36928571428571,88.22857142857143,88.22857142857143,31.841571428571427,31.841571428571427,88.22857142857143
2018,3,0,31.841571428571427,79.36928571428571,27.5875,4.649,1.1152857142857142,33.23114285714286,88.22857142857143,88.22857142857143,88.22857142857143,31.841571428571427,31.841571428571427,31.841571428571427,79.36928571428571,79.36928571428571,88.22857142857143,88.22857142857143,31.841571428571427,31.841571428571427,88.22857142857143
2018,3,0,31.841571428571427,79.36928571428571,27.5875,4.649,1.1152857142857142,33.23114285714286,88.22857142857143,88.22857142857143,88.22857142857143,31.841571428571427,31.841571428571427,31.841571428571427,79.36928571428571,79.36928571428571,88.22857142857143,88.22857142857143,31.841571428571427,31.841571428571427,88.22857142857143
2018,4,0,34.03596330275229,74.58798165137615,24.890366972477064,4.878073394495412,0.9194495412844036,32.46770642201835,88.22857142857143,88.22857142857143,88.22857142857143,31.841571428571427,31.841571428571427,31.841571428571427,79.36928571428571,79.36928571428571,86.48877238968981,87.35867190913062,32.573035386631716,32.20730340760157,83.0091743119266
2018,4,0,34.03596330275229,74.58798165137615,24.890366972477064,4.878073394495412,0.9194495412844036,32.46770642201835,83.0091743119266,88.22857142857143,88.22857142857143,34.03596330275229,31.841571428571427,31.841571428571427,74.58798165137615,79.36928571428571,84.74897335080821,86.48877238968983,33.304499344692005,32.573035386631716,83.0091743119266
2018,4,0,34.03596330275229,74.58798165137615,24.890366972477064,4.878073394495412,0.9194495412844036,32.46770642201835,83.0091743119266,83.0091743119266,88.22857142857143,34.03596330275229,34.03596330275229,31.841571428571427,74.58798165137615,74.58798165137615,83.0091743119266,85.618872870249,34.03596330275229,32.93876736566186,83.0091743119266
2018,4,0,34.03596330275229,74.58798165137615,24.890366972477064,4.878073394495412,0.9194495412844036,32.46770642201835,83.0091743119266,83.0091743119266,83.0091743119266,34.03596330275229,34.03596330275229,34.03596330275229,74.58798165137615,74.58798165137615,83.0091743119266,84.74897335080821,34.03596330275229,33.304499344692005,83.0091743119266
2018,4,0,34.03596330275229,74.58798165137615,24.890366972477064,4.878073394495412,0.9194495412844036,32.46770642201835,83.0091743119266,83.0091743119266,83.0091743119266,34.03596330275229,34.03596330275229,34.03596330275229,74.58798165137615,74.58798165137615,83.0091743119266,83.8790738313674,34.03596330275229,33.67023132372215,83.0091743119266
2018,4,0,34.03596330275229,74.58798165137615,24.890366972477064,4.878073394495412,0.9194495412844036,32.46770642201835,83.0091743119266,83.0091743119266,83.0091743119266,34.03596330275229,34.03596330275229,34.03596330275229,74.58798165137615,74.58798165137615,83.0091743119266,83.0091743119266,34.03596330275229,34.03596330275229,83.0091743119266
2018,4,0,34.03596330275229,74.58798165137615,24.890366972477064,4.878073394495412,0.9194495412844036,32.46770642201835,83.0091743119266,83.0091743119266,83.0091743119266,34.03596330275229,34.03596330275229,34.03596330275229,74.58798165137615,74.58798165137615,83.0091743119266,83.0091743119266,34.03596330275229,34.03596330275229,83.0091743119266
2018,4,0,34.03596330275229,74.58798165137615,24.890366972477064,4.878073394495412,0.9194495412844036,32.46770642201835,83.0091743119266,83.0091743119266,83.0091743119266,34.03596330275229,34.03596330275229,34.03596330275229,74.58798165137615,74.58798165137615,83.0091743119266,83.0091743119266,34.03596330275229,34.03596330275229,83.0091743119266
2018,4,0,34.03596330275229,74.58798165137615,24.890366972477064,4.878073394495412,0.9194495412844036,32.46770642201835,83.0091743119266,83.0091743119266,83.0091743119266,34.03596330275229,34.03596330275229,34.03596330275229,74.58798165137615,74.58798165137615,83.0091743119266,83.0091743119266,34.03596330275229,34.03596330275229,83.0091743119266
2018,4,0,34.03596330275229,74.58798165137615,24.890366972477064,4.878073394495412,0.9194495412844036,32.46770642201835,83.0091743119266,83.0091743119266,83.0091743119266,34.03596330275229,34.03596330275229,34.03596330275229,74.58798165137615,74.58798165137615,83.0091743119266,83.0091743119266,34.03596330275229,34.03596330275229,83.0091743119266
2018,5,0,35.39023255813954,72.31403100775194,26.542248062015503,4.614108527131783,0.9502325581395348,31.14457364341085,83.0091743119266,83.0091743119266,83.0091743119266,34.03596330275229,34.03596330275229,34.03596330275229,74.58798165137615,74.58798165137615,83.44022473508285,83.22469952350473,34.48738638788137,34.26167484531683,84.30232558139535
2018,5,0,35.39023255813954,72.31403100775194,26.542248062015503,4.614108527131783,0.9502325581395348,31.14457364341085,84.30232558139535,83.0091743119266,83.0091743119266,35.39023255813954,34.03596330275229,34.03596330275229,72.31403100775194,74.58798165137615,83.8712751582391,83.44022473508285,34.93880947301046,34.48738638788138,84.30232558139535
2018,5,0,35.39023255813954,72.31403100775194,26.542248062015503,4.614108527131783,0.9502325581395348,31.14457364341085,84.30232558139535,84.30232558139535,83.0091743119266,35.39023255813954,35.39023255813954,34.03596330275229,72.31403100775194,72.31403100775194,84.30232558139535,83.65574994666098,35.39023255813954,34.71309793044592,84.30232558139535
2018,5,0,35.39023255813954,72.31403100775194,26.542248062015503,4.614108527131783,0.9502325581395348,31.14457364341085,84.30232558139535,84.30232558139535,84.30232558139535,35.39023255813954,35.39023255813954,35.39023255813954,72.31403100775194,72.31403100775194,84.30232558139535,83.8712751582391,35.39023255813954,34.93880947301046,84.30232558139535
2018,5,0,35.39023255813954,72.31403100775194,26.542248062015503,4.614108527131783,0.9502325581395348,31.14457364341085,84.30232558139535,84.30232558139535,84.30232558139535,35.39023255813954,35.39023255813954,35.39023255813954,72.31403100775194,72.31403100775194,84.30232558139535,84.08680036981723,35.39023255813954,35.164521015575,84.30232558139535
2018,5,0,35.39023255813954,72.31403100775194,26.542248062015503,4.614108527131783,0.9502325581395348,31.14457364341085,84.30232558139535,84.30232558139535,84.30232558139535,35.39023255813954,35.39023255813954,35.39023255813954,72.31403100775194,72.31403100775194,84.30232558139535,84.30232558139535,35.39023255813954,35.39023255813954,84.30232558139535
2018,5,0,35.39023255813954,72.31403100775194,26.542248062015503,4.614108527131783,0.9502325581395348,31.14457364341085,84.30232558139535,84.30232558139535,84.30232558139535,35.39023255813954,35.39023255813954,35.39023255813954,72.31403100775194,72.31403100775194,84.30232558139535,84.30232558139535,35.39023255813954,35.39023255813954,84.30232558139535
2018,5,0,35.39023255813954,72.31403100775194,26.542248062015503,4.614108527131783,0.9502325581395348,31.14457364341085,84.30232558139535,84.30232558139535,84.30232558139535,35.39023255813954,35.39023255813954,35.39023255813954,72.31403100775194,72.31403100775194,84.30232558139535,84.30232558139535,35.39023255813954,35.39023255813954,84.30232558139535
2018,5,0,35.39023255813954,72.31403100775194,26.542248062015503,4.614108527131783,0.9502325581395348,31.14457364341085,84.30232558139535,84.30232558139535,84.30232558139535,35.39023255813954,35.39023255813954,35.39023255813954,72.31403100775194,72.31403100775194,84.30232558139535,84.30232558139535,35.39023255813954,35.39023255813954,84.30232558139535
2018,5,0,35.39023255813954,72.31403100775194,26.542248062015503,4.614108527131783,0.9502325581395348,31.14457364341085,84.30232558139535,84.30232558139535,84.30232558139535,35.39023255813954,35.39023255813954,35.39023255813954,72.31403100775194,72.31403100775194,84.30232558139535,84.30232558139535,35.39023255813954,35.39023255813954,84.30232558139535
2018,6,0,27.356516129032254,68.50483870967741,23.102516129032256,6.047806451612903,0.9984516129032256,24.49567741935484,84.30232558139535,84.30232558139535,84.30232558139535,35.39023255813954,35.39023255813954,35.39023255813954,72.31403100775194,72.31403100775194,79.94133533383346,82.12183045761441,32.71232708177045,34.05127981995499,71.21935483870968
2018,6,0,27.356516129032254,68.50483870967741,23.102516129032256,6.047806451612903,0.9984516129032256,24.49567741935484,71.21935483870968,84.30232558139535,84.30232558139535,27.356516129032254,35.39023255813954,35.39023255813954,68.50483870967741,72.31403100775194,75.58034508627158,79.94133533383346,30.03442160540135,32.71232708177044,71.21935483870968
2018,6,0,27.356516129032254,68.50483870967741,23.102516129032256,6.047806451612903,0.9984516129032256,24.49567741935484,71.21935483870968,71.21935483870968,84.30232558139535,27.356516129032254,27.356516129032254,35.39023255813954,68.50483870967741,68.50483870967741,71.21935483870968,77.7608402100525,27.356516129032254,31.373374343585894,71.21935483870968
2018,6,0,27.356516129032254,68.50483870967741,23.102516129032256,6.047806451612903,0.9984516129032256,24.49567741935484,71.21935483870968,71.21935483870968,71.21935483870968,27.356516129032254,27.356516129032254,27.356516129032254,68.50483870967741,68.50483870967741,71.21935483870968,75.58034508627156,27.356516129032254,30.03442160540135,71.21935483870968
2018,6,0,27.356516129032254,68.50483870967741,23.102516129032256,6.047806451612903,0.9984516129032256,24.49567741935484,71.21935483870968,71.21935483870968,71.21935483870968,27.356516129032254,27.356516129032254,27.356516129032254,68.50483870967741,68.50483870967741,71.21935483870968,73.39984996249062,27.356516129032254,28.695468867216803,71.21935483870968
2018,6,0,27.356516129032254,68.50483870967741,23.102516129032256,6.047806451612903,0.9984516129032256,24.49567741935484,71.21935483870968,71.21935483870968,71.21935483870968,27.356516129032254,27.356516129032254,27.356516129032254,68.50483870967741,68.50483870967741,71.21935483870968,71.21935483870968,27.356516129032254,27.356516129032254,71.21935483870968
2018,6,0,27.356516129032254,68.50483870967741,23.102516129032256,6.047806451612903,0.9984516129032256,24.49567741935484,71.21935483870968,71.21935483870968,71.21935483870968,27.356516129032254,27.356516129032254,27.356516129032254,68.50483870967741,68.50483870967741,71.21935483870968,71.21935483870968,27.356516129032254,27.356516129032254,71.21935483870968
2018,6,0,27.356516129032254,68.50483870967741,23.102516129032256,6.047806451612903,0.9984516129032256,24.49567741935484,71.21935483870968,71.21935483870968,71.21935483870968,27.356516129032254,27.356516129032254,27.356516129032254,68.50483870967741,68.50483870967741,71.21935483870968,71.21935483870968,27.356516129032254,27.356516129032254,71.21935483870968
2018,6,0,27.356516129032254,68.50483870967741,23.102516129032256,6.047806451612903,0.9984516129032256,24.49567741935484,71.21935483870968,71.21935483870968,71.21935483870968,27.356516129032254,27.356516129032254,27.356516129032254,68.50483870967741,68.50483870967741,71.21935483870968,71.21935483870968,27.356516129032254,27.356516129032254,71.21935483870968
2018,6,0,27.356516129032254,68.50483870967741,23.102516129032256,6.047806451612903,0.9984516129032256,24.49567741935484,71.21935483870968,71.21935483870968,71.21935483870968,27.356516129032254,27.356516129032254,27.356516129032254,68.50483870967741,68.50483870967741,71.21935483870968,71.21935483870968,27.356516129032254,27.356516129032254,71.21935483870968
2018,7,0,23.048217821782178,62.76531353135314,19.226732673267325,7.176303630363036,0.855082508250825,20.54881188118812,71.21935483870968,71.21935483870968,71.21935483870968,27.356516129032254,27.356516129032254,27.356516129032254,68.50483870967741,68.50483870967741,69.22214414989885,70.22074949430427,25.92041669328223,26.638466411157243,65.22772277227723
2018,7,0,23.048217821782178,62.76531353135314,19.226732673267325,7.176303630363036,0.855082508250825,20.54881188118812,65.22772277227723,71.21935483870968,71.21935483870968,23.048217821782178,27.356516129032254,27.356516129032254,62.76531353135314,68.50483870967741,67.22493346108804,69.22214414989887,24.4843172575322,25.92041669328223,65.22772277227723
2018,7,0,23.048217821782178,62.76531353135314,19.226732673267325,7.176303630363036,0.855082508250825,20.54881188118812,65.22772277227723,65.22772277227723,71.21935483870968,23.048217821782178,23.048217821782178,27.356516129032254,62.76531353135314,62.76531353135314,65.22772277227723,68.22353880549345,23.048217821782178,25.202366975407216,65.22772277227723
2018,7,0,23.048217821782178,62.76531353135314,19.226732673267325,7.176303630363036,0.855082508250825,20.54881188118812,65.22772277227723,65.22772277227723,65.22772277227723,23.048217821782178,23.048217821782178,23.048217821782178,62.76531353135314,62.76531353135314,65.22772277227723,67.22493346108804,23.048217821782178,24.4843172575322,65.22772277227723
2018,7,0,23.048217821782178,62.76531353135314,19.226732673267325,7.176303630363036,0.855082508250825,20.54881188118812,65.22772277227723,65.22772277227723,65.22772277227723,23.048217821782178,23.048217821782178,23.048217821782178,62.76531353135314,62.76531353135314,65.22772277227723,66.22632811668264,23.048217821782178,23.766267539657193,65.22772277227723
2018,7,0,23.048217821782178,62.76531353135314,19.226732673267325,7.176303630363036,0.855082508250825,20.54881188118812,65.22772277227723,65.22772277227723,65.22772277227723,23.048217821782178,23.048217821782178,23.048217821782178,62.76531353135314,62.76531353135314,65.22772277227723,65.22772277227723,23.048217821782178,23.048217821782178,65.22772277227723
2018,7,0,23.048217821782178,62.76531353135314,19.226732673267325,7.176303630363036,0.855082508250825,20.54881188118812,65.22772277227723,65.22772277227723,65.22772277227723,23.048217821782178,23.048217821782178,23.048217821782178,62.76531353135314,62.76531353135314,65.22772277227723,65.22772277227723,23.048217821782178,23.048217821782178,65.22772277227723
2018,7,0,23.048217821782178,62.76531353135314,19.226732673267325,7.176303630363036,0.855082508250825,20.54881188118812,65.22772277227723,65.22772277227723,65.22772277227723,23.048217821782178,23.048217821782178,23.048217821782178,62.76531353135314,62.76531353135314,65.22772277227723,65.22772277227723,23.048217821782178,23.048217821782178,65.22772277227723
2018,7,0,23.048217821782178,62.76531353135314,19.226732673267325,7.176303630363036,0.855082508250825,20.54881188118812,65.22772277227723,65.22772277227723,65.22772277227723,23.048217821782178,23.048217821782178,23.048217821782178,62.76531353135314,62.76531353135314,65.22772277227723,65.22772277227723,23.048217821782178,23.048217821782178,65.22772277227723
2018,7,0,23.048217821782178,62.76531353135314,19.226732673267325,7.176303630363036,0.855082508250825,20.54881188118812,65.22772277227723,65.22772277227723,65.22772277227723,23.048217821782178,23.048217821782178,23.048217821782178,62.76531353135314,62.76531353135314,65.22772277227723,65.22772277227723,23.048217821782178,23.048217821782178,65.22772277227723
2018,8,0,21.40403278688525,64.19281967213115,18.55537704918033,6.662754098360656,0.8330819672131148,18.380590163934425,65.22772277227723,65.22772277227723,65.22772277227723,23.048217821782178,23.048217821782178,23.048217821782178,62.76531353135314,62.76531353135314,64.88077693015204,65.05424985121464,22.5001561434832,22.77418698263269,64.18688524590164
2018,8,0,21.40403278688525,64.19281967213115,18.55537704918033,6.662754098360656,0.8330819672131148,18.380590163934425,64.18688524590164,65.22772277227723,65.22772277227723,21.40403278688525,23.048217821782178,23.048217821782178,64.19281967213115,62.76531353135314,64.53383108802683,64.88077693015204,21.952094465184228,22.500156143483206,64.18688524590164
2018,8,0,21.40403278688525,64.19281967213115,18.55537704918033,6.662754098360656,0.8330819672131148,18.380590163934425,64.18688524590164,64.18688524590164,65.22772277227723,21.40403278688525,21.40403278688525,23.048217821782178,64.19281967213115,64.19281967213115,64.18688524590164,64.70730400908944,21.40403278688525,22.22612530433371,64.18688524590164
2018,8,0,21.40403278688525,64.19281967213115,18.55537704918033,6.662754098360656,0.8330819672131148,18.380590163934425,64.18688524590164,64.18688524590164,64.18688524590164,21.40403278688525,21.40403278688525,21.40403278688525,64.19281967213115,64.19281967213115,64.18688524590164,64.53383108802683,21.40403278688525,21.952094465184228,64.18688524590164
2018,8,0,21.40403278688525,64.19281967213115,18.55537704918033,6.662754098360656,0.8330819672131148,18.380590163934425,64.18688524590164,64.18688524590164,64.18688524590164,21.40403278688525,21.40403278688525,21.40403278688525,64.19281967213115,64.19281967213115,64.18688524590164,64.36035816696423,21.40403278688525,21.67806362603474,64.18688524590164
2018,8,0,21.40403278688525,64.19281967213115,18.55537704918033,6.662754098360656,0.8330819672131148,18.380590163934425,64.18688524590164,64.18688524590164,64.18688524590164,21.40403278688525,21.40403278688525,21.40403278688525,64.19281967213115,64.19281967213115,64.18688524590164,64.18688524590164,21.40403278688525,21.40403278688525,64.18688524590164
2018,8,0,21.40403278688525,64.19281967213115,18.55537704918033,6.662754098360656,0.8330819672131148,18.380590163934425,64.18688524590164,64.18688524590164,64.18688524590164,21.40403278688525,21.40403278688525,21.40403278688525,64.19281967213115,64.19281967213115,64.18688524590164,64.18688524590164,21.40403278688525,21.40403278688525,64.18688524590164
2018,8,0,21.40403278688525,64.19281967213115,18.55537704918033,6.662754098360656,0.8330819672131148,18.380590163934425,64.18688524590164,64.18688524590164,64.18688524590164,21.40403278688525,21.40403278688525,21.40403278688525,64.19281967213115,64.19281967213115,64.18688524590164,64.18688524590164,21.40403278688525,21.40403278688525,64.18688524590164
2018,8,0,21.40403278688525,64.19281967213115,18.55537704918033,6.662754098360656,0.8330819672131148,18.380590163934425,64.18688524590164,64.18688524590164,64.18688524590164,21.40403278688525,21.40403278688525,21.40403278688525,64.19281967213115,64.19281967213115,64.18688524590164,64.18688524590164,21.40403278688525,21.40403278688525,64.18688524590164
2018,8,0,21.40403278688525,64.19281967213115,18.55537704918033,6.662754098360656,0.8330819672131148,18.380590163934425,64.18688524590164,64.18688524590164,64.18688524590164,21.40403278688525,21.40403278688525,21.40403278688525,64.19281967213115,64.19281967213115,64.18688524590164,64.18688524590164,21.40403278688525,21.40403278688525,64.18688524590164
2018,9,0,26.24393835616438,71.1086301369863,29.862328767123284,7.306335616438355,0.8804452054794519,24.05849315068493,64.18688524590164,64.18688524590164,64.18688524590164,21.40403278688525,21.40403278688525,21.40403278688525,64.19281967213115,64.19281967213115,68.44308331461936,66.31498428026049,23.017334643311628,22.21068371509844,76.95547945205479
2018,9,0,26.24393835616438,71.1086301369863,29.862328767123284,7.306335616438355,0.8804452054794519,24.05849315068493,76.95547945205479,64.18688524590164,64.18688524590164,26.24393835616438,21.40403278688525,21.40403278688525,71.1086301369863,64.19281967213115,72.69928138333707,68.44308331461936,24.630636499738003,23.017334643311628,76.95547945205479
2018,9,0,26.24393835616438,71.1086301369863,29.862328767123284,7.306335616438355,0.8804452054794519,24.05849315068493,76.95547945205479,76.95547945205479,64.18688524590164,26.24393835616438,26.24393835616438,21.40403278688525,71.1086301369863,71.1086301369863,76.95547945205479,70.57118234897821,26.24393835616438,23.823985571524815,76.95547945205479
2018,9,0,26.24393835616438,71.1086301369863,29.862328767123284,7.306335616438355,0.8804452054794519,24.05849315068493,76.95547945205479,76.95547945205479,76.95547945205479,26.24393835616438,26.24393835616438,26.24393835616438,71.1086301369863,71.1086301369863,76.95547945205479,72.69928138333707,26.24393835616438,24.630636499738007,76.95547945205479
2018,9,0,26.24393835616438,71.1086301369863,29.862328767123284,7.306335616438355,0.8804452054794519,24.05849315068493,76.95547945205479,76.95547945205479,76.95547945205479,26.24393835616438,26.24393835616438,26.24393835616438,71.1086301369863,71.1086301369863,76.95547945205479,74.82738041769592,26.24393835616438,25.437287427951194,76.95547945205479
2018,9,0,26.24393835616438,71.1086301369863,29.862328767123284,7.306335616438355,0.8804452054794519,24.05849315068493,76.95547945205479,76.95547945205479,76.95547945205479,26.24393835616438,26.24393835616438,26.24393835616438,71.1086301369863,71.1086301369863,76.95547945205479,76.95547945205479,26.24393835616438,26.24393835616438,76.95547945205479
2018,9,0,26.24393835616438,71.1086301369863,29.862328767123284,7.306335616438355,0.8804452054794519,24.05849315068493,76.95547945205479,76.95547945205479,76.95547945205479,26.24393835616438,26.24393835616438,26.24393835616438,71.1086301369863,71.1086301369863,76.95547945205479,76.95547945205479,26.24393835616438,26.24393835616438,76.95547945205479
2018,9,0,26.24393835616438,71.1086301369863,29.862328767123284,7.306335616438355,0.8804452054794519,24.05849315068493,76.95547945205479,76.95547945205479,76.95547945205479,26.24393835616438,26.24393835616438,26.24393835616438,71.1086301369863,71.1086301369863,76.95547945205479,76.95547945205479,26.24393835616438,26.24393835616438,76.95547945205479
2018,9,0,26.24393835616438,71.1086301369863,29.862328767123284,7.306335616438355,0.8804452054794519,24.05849315068493,76.95547945205479,76.95547945205479,76.95547945205479,26.24393835616438,26.24393835616438,26.24393835616438,71.1086301369863,71.1086301369863,76.95547945205479,76.95547945205479,26.24393835616438,26.24393835616438,76.95547945205479
2018,9,0,26.24393835616438,71.1086301369863,29.862328767123284,7.306335616438355,0.8804452054794519,24.05849315068493,76.95547945205479,76.95547945205479,76.95547945205479,26.24393835616438,26.24393835616438,26.24393835616438,71.1086301369863,71.1086301369863,76.95547945205479,76.95547945205479,26.24393835616438,26.24393835616438,76.95547945205479
2018,10,0,36.43860215053764,87.8179569892473,33.86448028673836,6.690501792114696,0.9259139784946236,25.81530465949821,76.95547945205479,76.95547945205479,76.95547945205479,26.24393835616438,26.24393835616438,26.24393835616438,71.1086301369863,71.1086301369863,82.71344986170438,79.83446465687958,29.642159620955468,27.943048988559923,94.22939068100358
2018,10,0,36.43860215053764,87.8179569892473,33.86448028673836,6.690501792114696,0.9259139784946236,25.81530465949821,94.22939068100358,76.95547945205479,76.95547945205479,36.43860215053764,26.24393835616438,26.24393835616438,87.8179569892473,71.1086301369863,88.47142027135398,82.71344986170438,33.04038088574655,29.642159620955468,94.22939068100358
2018,10,0,36.43860215053764,87.8179569892473,33.86448028673836,6.690501792114696,0.9259139784946236,25.81530465949821,94.22939068100358,94.22939068100358,76.95547945205479,36.43860215053764,36.43860215053764,26.24393835616438,87.8179569892473,87.8179569892473,94.22939068100358,85.59243506652918,36.43860215053764,31.341270253351013,94.22939068100358
2018,10,0,36.43860215053764,87.8179569892473,33.86448028673836,6.690501792114696,0.9259139784946236,25.81530465949821,94.22939068100358,94.22939068100358,94.22939068100358,36.43860215053764,36.43860215053764,36.43860215053764,87.8179569892473,87.8179569892473,94.22939068100358,88.47142027135398,36.43860215053764,33.04038088574655,94.22939068100358
2018,10,0,36.43860215053764,87.8179569892473,33.86448028673836,6.690501792114696,0.9259139784946236,25.81530465949821,94.22939068100358,94.22939068100358,94.22939068100358,36.43860215053764,36.43860215053764,36.43860215053764,87.8179569892473,87.8179569892473,94.22939068100358,91.35040547617878,36.43860215053764,34.739491518142096,94.22939068100358
2018,10,0,36.43860215053764,87.8179569892473,33.86448028673836,6.690501792114696,0.9259139784946236,25.81530465949821,94.22939068100358,94.22939068100358,94.22939068100358,36.43860215053764,36.43860215053764,36.43860215053764,87.8179569892473,87.8179569892473,94.22939068100358,94.22939068100358,36.43860215053764,36.43860215053764,94.22939068100358
2018,10,0,36.43860215053764,87.8179569892473,33.86448028673836,6.690501792114696,0.9259139784946236,25.81530465949821,94.22939068100358,94.22939068100358,94.22939068100358,36.43860215053764,36.43860215053764,36.43860215053764,87.8179569892473,87.8179569892473,94.22939068100358,94.22939068100358,36.43860215053764,36.43860215053764,94.22939068100358
2018,10,0,36.43860215053764,87.8179569892473,33.86448028673836,6.690501792114696,0.9259139784946236,25.81530465949821,94.22939068100358,94.22939068100358,94.22939068100358,36.43860215053764,36.43860215053764,36.43860215053764,87.8179569892473,87.8179569892473,94.22939068100358,94.22939068100358,36.43860215053764,36.43860215053764,94.22939068100358
2018,10,0,36.43860215053764,87.8179569892473,33.86448028673836,6.690501792114696,0.9259139784946236,25.81530465949821,94.22939068100358,94.22939068100358,94.22939068100358,36.43860215053764,36.43860215053764,36.43860215053764,87.8179569892473,87.8179569892473,94.22939068100358,94.22939068100358,36.43860215053764,36.43860215053764,94.22939068100358
2018,10,0,36.43860215053764,87.8179569892473,33.86448028673836,6.690501792114696,0.9259139784946236,25.81530465949821,94.22939068100358,94.22939068100358,94.22939068100358,36.43860215053764,36.43860215053764,36.43860215053764,87.8179569892473,87.8179569892473,94.22939068100358,94.22939068100358,36.43860215053764,36.43860215053764,94.22939068100358
2018,11,0,42.41264084507043,87.26288732394366,32.445915492957745,6.060915492957746,1.085,28.65588028169014,94.22939068100358,94.22939068100358,94.22939068100358,36.43860215053764,36.43860215053764,36.43860215053764,87.8179569892473,87.8179569892473,97.30433557137327,95.76686312618843,38.42994838204857,37.434275266293106,103.45422535211269
2018,11,0,42.41264084507043,87.26288732394366,32.445915492957745,6.060915492957746,1.085,28.65588028169014,103.45422535211269,94.22939068100358,94.22939068100358,42.41264084507043,36.43860215053764,36.43860215053764,87.26288732394366,87.8179569892473,100.379280461743,97.3043355713733,40.421294613559496,38.42994838204857,103.45422535211269
2018,11,0,42.41264084507043,87.26288732394366,32.445915492957745,6.060915492957746,1.085,28.65588028169014,103.45422535211269,103.45422535211269,94.22939068100358,42.41264084507043,42.41264084507043,36.43860215053764,87.26288732394366,87.26288732394366,103.45422535211269,98.84180801655812,42.41264084507043,39.42562149780403,103.45422535211269
2018,11,0,42.41264084507043,87.26288732394366,32.445915492957745,6.060915492957746,1.085,28.65588028169014,103.45422535211269,103.45422535211269,103.45422535211269,42.41264084507043,42.41264084507043,42.41264084507043,87.26288732394366,87.26288732394366,103.45422535211269,100.379280461743,42.41264084507043,40.421294613559496,103.45422535211269
2018,11,0,42.41264084507043,87.26288732394366,32.445915492957745,6.060915492957746,1.085,28.65588028169014,103.45422535211269,103.45422535211269,103.45422535211269,42.41264084507043,42.41264084507043,42.41264084507043,87.26288732394366,87.26288732394366,103.45422535211269,101.91675290692784,42.41264084507043,41.41696772931496,103.45422535211269
2018,11,0,42.41264084507043,87.26288732394366,32.445915492957745,6.060915492957746,1.085,28.65588028169014,103.45422535211269,103.45422535211269,103.45422535211269,42.41264084507043,42.41264084507043,42.41264084507043,87.26288732394366,87.26288732394366,103.45422535211269,103.45422535211269,42.41264084507043,42.41264084507043,103.45422535211269
2018,11,0,42.41264084507043,87.26288732394366,32.445915492957745,6.060915492957746,1.085,28.65588028169014,103.45422535211269,103.45422535211269,103.45422535211269,42.41264084507043,42.41264084507043,42.41264084507043,87.26288732394366,87.26288732394366,103.45422535211269,103.45422535211269,42.41264084507043,42.41264084507043,103.45422535211269
2018,11,0,42.41264084507043,87.26288732394366,32.445915492957745,6.060915492957746,1.085,28.65588028169014,103.45422535211269,103.45422535211269,103.45422535211269,42.41264084507043,42.41264084507043,42.41264084507043,87.26288732394366,87.26288732394366,103.45422535211269,103.45422535211269,42.41264084507043,42.41264084507043,103.45422535211269
2018,11,0,42.41264084507043,87.26288732394366,32.445915492957745,6.060915492957746,1.085,28.65588028169014,103.45422535211269,103.45422535211269,103.45422535211269,42.41264084507043,42.41264084507043,42.41264084507043,87.26288732394366,87.26288732394366,103.45422535211269,103.45422535211269,42.41264084507043,42.41264084507043,103.45422535211269
2018,11,0,42.41264084507043,87.26288732394366,32.445915492957745,6.060915492957746,1.085,28.65588028169014,103.45422535211269,103.45422535211269,103.45422535211269,42.41264084507043,42.41264084507043,42.41264084507043,87.26288732394366,87.26288732394366,103.45422535211269,103.45422535211269,42.41264084507043,42.41264084507043,103.45422535211269
2018,12,0,50.94052264808362,96.04404181184668,35.21557491289199,5.960801393728223,0.9860975609756096,45.53825783972125,103.45422535211269,103.45422535211269,103.45422535211269,42.41264084507043,42.41264084507043,42.41264084507043,87.26288732394366,87.26288732394366,108.58156254600776,106.01789394906022,45.2552681127415,43.83395447890596,118.8362369337979
2018,12,0,50.94052264808362,96.04404181184668,35.21557491289199,5.960801393728223,0.9860975609756096,45.53825783972125,118.8362369337979,103.45422535211269,103.45422535211269,50.94052264808362,42.41264084507043,42.41264084507043,96.04404181184668,87.26288732394366,113.70889973990283,108.58156254600777,48.09789538041256,45.2552681127415,118.8362369337979
2018,12,0,50.94052264808362,96.04404181184668,35.21557491289199,5.960801393728223,0.9860975609756096,45.53825783972125,118.8362369337979,118.8362369337979,103.45422535211269,50.94052264808362,50.94052264808362,42.41264084507043,96.04404181184668,96.04404181184668,118.8362369337979,111.1452311429553,50.94052264808362,46.67658174657703,118.8362369337979
2018,12,0,50.94052264808362,96.04404181184668,35.21557491289199,5.960801393728223,0.9860975609756096,45.53825783972125,118.8362369337979,118.8362369337979,118.8362369337979,50.94052264808362,50.94052264808362,50.94052264808362,96.04404181184668,96.04404181184668,118.8362369337979,113.70889973990283,50.94052264808362,48.09789538041256,118.8362369337979
2018,12,0,50.94052264808362,96.04404181184668,35.21557491289199,5.960801393728223,0.9860975609756096,45.53825783972125,118.8362369337979,118.8362369337979,118.8362369337979,50.94052264808362,50.94052264808362,50.94052264808362,96.04404181184668,96.04404181184668,118.8362369337979,116.27256833685037,50.94052264808362,49.5192090142481,118.8362369337979
2018,12,0,50.94052264808362,96.04404181184668,35.21557491289199,5.960801393728223,0.9860975609756096,45.53825783972125,118.8362369337979,118.8362369337979,118.8362369337979,50.94052264808362,50.94052264808362,50.94052264808362,96.04404181184668,96.04404181184668,118.8362369337979,118.8362369337979,50.94052264808362,50.94052264808362,118.8362369337979
2018,12,0,50.94052264808362,96.04404181184668,35.21557491289199,5.960801393728223,0.9860975609756096,45.53825783972125,118.8362369337979,118.8362369337979,118.8362369337979,50.94052264808362,50.94052264808362,50.94052264808362,96.04404181184668,96.04404181184668,118.8362369337979,118.8362369337979,50.94052264808362,50.94052264808362,118.8362369337979
2018,12,0,50.94052264808362,96.04404181184668,35.21557491289199,5.960801393728223,0.9860975609756096,45.53825783972125,118.8362369337979,118.8362369337979,118.8362369337979,50.94052264808362,50.94052264808362,50.94052264808362,96.04404181184668,96.04404181184668,118.8362369337979,118.8362369337979,50.94052264808362,50.94052264808362,118.8362369337979
2018,12,0,50.94052264808362,96.04404181184668,35.21557491289199,5.960801393728223,0.9860975609756096,45.53825783972125,118.8362369337979,118.8362369337979,118.8362369337979,50.94052264808362,50.94052264808362,50.94052264808362,96.04404181184668,96.04404181184668,118.8362369337979,118.8362369337979,50.94052264808362,50.94052264808362,118.8362369337979
2018,12,0,50.94052264808362,96.04404181184668,35.21557491289199,5.960801393728223,0.9860975609756096,45.53825783972125,118.8362369337979,118.8362369337979,118.8362369337979,50.94052264808362,50.94052264808362,50.94052264808362,96.04404181184668,96.04404181184668,118.8362369337979,118.8362369337979,50.94052264808362,50.94052264808362,118.8362369337979
2015,1,1,41.425,50.24500000000001,32.85655913978494,25.73172043010753,1.4358064516129032,25.021612903225808,93.0,93.0,93.0,41.425,41.425,41.425,50.24500000000001,50.24500000000001,93.0,93.0,41.425,41.425,93.0
2015,1,1,41.425,50.24500000000001,32.85655913978494,25.73172043010753,1.4358064516129032,25.021612903225808,93.0,93.0,93.0,41.425,41.425,41.425,50.24500000000001,50.24500000000001,93.0,93.0,41.425,41.425,93.0
2015,1,1,41.425,50.24500000000001,32.85655913978494,25.73172043010753,1.4358064516129032,25.021612903225808,93.0,93.0,93.0,41.425,41.425,41.425,50.24500000000001,50.24500000000001,93.0,93.0,41.425,41.425,93.0
2015,1,1,41.425,50.24500000000001,32.85655913978494,25.73172043010753,1.4358064516129032,25.021612903225808,93.0,93.0,93.0,41.425,41.425,41.425,50.24500000000001,50.24500000000001,93.0,93.0,41.425,41.425,93.0
2015,1,1,41.425,50.24500000000001,32.85655913978494,25.73172043010753,1.4358064516129032,25.021612903225808,93.0,93.0,93.0,41.425,41.425,41.425,50.24500000000001,50.24500000000001,93.0,93.0,41.425,41.425,93.0
2015,2,1,41.425,50.245,14.271204819277107,6.845903614457832,2.180843373493976,30.697710843373493,93.0,93.0,93.0,41.425,41.425,41.425,50.24500000000001,50.24500000000001,93.0,93.0,41.425,41.425,93.0
2015,2,1,41.425,50.245,14.271204819277107,6.845903614457832,2.180843373493976,30.697710843373493,93.0,93.0,93.0,41.425,41.425,41.425,50.245,50.24500000000001,93.0,93.0,41.425,41.425,93.0
2015,2,1,41.425,50.245,14.271204819277107,6.845903614457832,2.180843373493976,30.697710843373493,93.0,93.0,93.0,41.425,41.425,41.425,50.245,50.245,93.0,93.0,41.425,41.425,93.0
2015,2,1,41.425,50.245,14.271204819277107,6.845903614457832,2.180843373493976,30.697710843373493,93.0,93.0,93.0,41.425,41.425,41.425,50.245,50.245,93.0,93.0,41.425,41.425,93.0
2015,2,1,41.425,50.245,14.271204819277107,6.845903614457832,2.180843373493976,30.697710843373493,93.0,93.0,93.0,41.425,41.425,41.425,50.245,50.245,93.0,93.0,41.425,41.425,93.0
2015,2,1,41.425,50.245,14.271204819277107,6.845903614457832,2.180843373493976,30.697710843373493,93.0,93.0,93.0,41.425,41.425,41.425,50.245,50.245,93.0,93.0,41.425,41.425,93.0
2015,2,1,41.425,50.245,14.271204819277107,6.845903614457832,2.180843373493976,30.697710843373493,93.0,93.0,93.0,41.425,41.425,41.425,50.245,50.245,93.0,93.0,41.425,41.425,93.0
2015,2,1,41.425,50.245,14.271204819277107,6.845903614457832,2.180843373493976,30.697710843373493,93.0,93.0,93.0,41.425,41.425,41.425,50.245,50.245,93.0,93.0,41.425,41.425,93.0
2015,2,1,41.425,50.245,14.271204819277107,6.845903614457832,2.180843373493976,30.697710843373493,93.0,93.0,93.0,41.425,41.425,41.425,50.245,50.245,93.0,93.0,41.425,41.425,93.0
2015,2,1,41.425,50.245,14.271204819277107,6.845903614457832,2.180843373493976,30.697710843373493,93.0,93.0,93.0,41.425,41.425,41.425,50.245,50.245,93.0,93.0,41.425,41.425,93.0
2015,3,1,54.32322580645161,50.24500000000001,31.123763440860216,7.68,3.377311827956989,49.68462365591398,93.0,93.0,93.0,41.425,41.425,41.425,50.245,50.245,97.85304659498208,95.42652329749103,45.72440860215053,43.574704301075265,107.55913978494624
2015,3,1,54.32322580645161,50.24500000000001,31.123763440860216,7.68,3.377311827956989,49.68462365591398,107.55913978494624,93.0,93.0,54.32322580645161,41.425,41.425,50.24500000000001,50.245,102.70609318996416,97.85304659498208,50.023817204301075,45.72440860215053,107.55913978494624
2015,3,1,54.32322580645161,50.24500000000001,31.123763440860216,7.68,3.377311827956989,49.68462365591398,107.55913978494624,107.55913978494624,93.0,54.32322580645161,54.32322580645161,41.425,50.24500000000001,50.24500000000001,107.55913978494624,100.27956989247313,54.32322580645161,47.8741129032258,107.55913978494624
2015,3,1,54.32322580645161,50.24500000000001,31.123763440860216,7.68,3.377311827956989,49.68462365591398,107.55913978494624,107.55913978494624,107.55913978494624,54.32322580645161,54.32322580645161,54.32322580645161,50.24500000000001,50.24500000000001,107.55913978494624,102.70609318996416,54.32322580645161,50.023817204301075,107.55913978494624
2015,3,1,54.32322580645161,50.24500000000001,31.123763440860216,7.68,3.377311827956989,49.68462365591398,107.55913978494624,107.55913978494624,107.55913978494624,54.32322580645161,54.32322580645161,54.32322580645161,50.24500000000001,50.24500000000001,107.55913978494624,105.1326164874552,54.32322580645161,52.173521505376335,107.55913978494624
2015,3,1,54.32322580645161,50.24500000000001,31.123763440860216,7.68,3.377311827956989,49.68462365591398,107.55913978494624,107.55913978494624,107.55913978494624,54.32322580645161,54.32322580645161,54.32322580645161,50.24500000000001,50.24500000000001,107.55913978494624,107.55913978494624,54.32322580645161,54.32322580645161,107.55913978494624
2015,3,1,54.32322580645161,50.24500000000001,31.123763440860216,7.68,3.377311827956989,49.68462365591398,107.55913978494624,107.55913978494624,107.55913978494624,54.32322580645161,54.32322580645161,54.32322580645161,50.24500000000001,50.24500000000001,107.55913978494624,107.55913978494624,54.32322580645161,54.32322580645161,107.55913978494624
2015,3,1,54.32322580645161,50.24500000000001,31.123763440860216,7.68,3.377311827956989,49.68462365591398,107.55913978494624,107.55913978494624,107.55913978494624,54.32322580645161,54.32322580645161,54.32322580645161,50.24500000000001,50.24500000000001,107.55913978494624,107.55913978494624,54.32322580645161,54.32322580645161,107.55913978494624
2015,3,1,54.32322580645161,50.24500000000001,31.123763440860216,7.68,3.377311827956989,49.68462365591398,107.55913978494624,107.55913978494624,107.55913978494624,54.32322580645161,54.32322580645161,54.32322580645161,50.24500000000001,50.24500000000001,107.55913978494624,107.55913978494624,54.32322580645161,54.32322580645161,107.55913978494624
2015,3,1,54.32322580645161,50.24500000000001,31.123763440860216,7.68,3.377311827956989,49.68462365591398,107.55913978494624,107.55913978494624,107.55913978494624,54.32322580645161,54.32322580645161,54.32322580645161,50.24500000000001,50.24500000000001,107.55913978494624,107.55913978494624,54.32322580645161,54.32322580645161,107.55913978494624
2015,4,1,65.06722222222223,50.245000000000005,32.06344444444444,6.006666666666667,4.189333333333334,26.53777777777778,107.55913978494624,107.55913978494624,107.55913978494624,54.32322580645161,54.32322580645161,54.32322580645161,50.24500000000001,50.24500000000001,121.12831541218638,114.3437275985663,57.90455794504182,56.11389187574671,148.26666666666668
2015,4,1,65.06722222222223,50.245000000000005,32.06344444444444,6.006666666666667,4.189333333333334,26.53777777777778,148.26666666666668,107.55913978494624,107.55913978494624,65.06722222222223,54.32322580645161,54.32322580645161,50.245000000000005,50.24500000000001,134.69749103942652,121.12831541218638,61.48589008363202,57.90455794504182,148.26666666666668
2015,4,1,65.06722222222223,50.245000000000005,32.06344444444444,6.006666666666667,4.189333333333334,26.53777777777778,148.26666666666668,148.26666666666668,107.55913978494624,65.06722222222223,65.06722222222223,54.32322580645161,50.245000000000005,50.245000000000005,148.26666666666668,127.91290322580647,65.06722222222223,59.69522401433692,148.26666666666668
2015,4,1,65.06722222222223,50.245000000000005,32.06344444444444,6.006666666666667,4.189333333333334,26.53777777777778,148.26666666666668,148.26666666666668,148.26666666666668,65.06722222222223,65.06722222222223,65.06722222222223,50.245000000000005,50.245000000000005,148.26666666666668,134.69749103942652,65.06722222222223,61.48589008363203,148.26666666666668
2015,4,1,65.06722222222223,50.245000000000005,32.06344444444444,6.006666666666667,4.189333333333334,26.53777777777778,148.26666666666668,148.26666666666668,148.26666666666668,65.06722222222223,65.06722222222223,65.06722222222223,50.245000000000005,50.245000000000005,148.26666666666668,141.4820788530466,65.06722222222223,63.27655615292712,148.26666666666668
2015,4,1,65.06722222222223,50.245000000000005,32.06344444444444,6.006666666666667,4.189333333333334,26.53777777777778,148.26666666666668,148.26666666666668,148.26666666666668,65.06722222222223,65.06722222222223,65.06722222222223,50.245000000000005,50.245000000000005,148.26666666666668,148.26666666666668,65.06722222222223,65.06722222222223,148.26666666666668
2015,4,1,65.06722222222223,50.245000000000005,32.06344444444444,6.006666666666667,4.189333333333334,26.53777777777778,148.26666666666668,148.26666666666668,148.26666666666668,65.06722222222223,65.06722222222223,65.06722222222223,50.245000000000005,50.245000000000005,148.26666666666668,148.26666666666668,65.06722222222223,65.06722222222223,148.26666666666668
2015,4,1,65.06722222222223,50.245000000000005,32.06344444444444,6.006666666666667,4.189333333333334,26.53777777777778,148.26666666666668,148.26666666666668,148.26666666666668,65.06722222222223,65.06722222222223,65.06722222222223,50.245000000000005,50.245000000000005,148.26666666666668,148.26666666666668,65.06722222222223,65.06722222222223,148.26666666666668
2015,4,1,65.06722222222223,50.245000000000005,32.06344444444444,6.006666666666667,4.189333333333334,26.53777777777778,148.26666666666668,148.26666666666668,148.26666666666668,65.06722222222223,65.06722222222223,65.06722222222223,50.245000000000005,50.245000000000005,148.26666666666668,148.26666666666668,65.06722222222223,65.06722222222223,148.26666666666668
2015,4,1,65.06722222222223,50.245000000000005,32.06344444444444,6.006666666666667,4.189333333333334,26.53777777777778,148.26666666666668,148.26666666666668,148.26666666666668,65.06722222222223,65.06722222222223,65.06722222222223,50.245000000000005,50.245000000000005,148.26666666666668,148.26666666666668,65.06722222222223,65.06722222222223,148.26666666666668
2015,5,1,83.84510752688172,50.24500000000001,23.620860215053767,11.918602150537636,4.811290322580645,30.29387096774193,148.26666666666668,148.26666666666668,148.26666666666668,65.06722222222223,65.06722222222223,65.06722222222223,50.245000000000005,50.245000000000005,157.07025089605736,152.66845878136203,71.3265173237754,68.19686977299881,174.67741935483872
2015,5,1,83.84510752688172,50.24500000000001,23.620860215053767,11.918602150537636,4.811290322580645,30.29387096774193,174.67741935483872,148.26666666666668,148.26666666666668,83.84510752688172,65.06722222222223,65.06722222222223,50.24500000000001,50.245000000000005,165.87383512544804,157.07025089605736,77.58581242532854,71.32651732377539,174.67741935483872
2015,5,1,83.84510752688172,50.24500000000001,23.620860215053767,11.918602150537636,4.811290322580645,30.29387096774193,174.67741935483872,174.67741935483872,148.26666666666668,83.84510752688172,83.84510752688172,65.06722222222223,50.24500000000001,50.24500000000001,174.67741935483872,161.47204301075269,83.84510752688172,74.45616487455197,174.67741935483872
2015,5,1,83.84510752688172,50.24500000000001,23.620860215053767,11.918602150537636,4.811290322580645,30.29387096774193,174.67741935483872,174.67741935483872,174.67741935483872,83.84510752688172,83.84510752688172,83.84510752688172,50.24500000000001,50.24500000000001,174.67741935483872,165.87383512544804,83.84510752688172,77.58581242532856,174.67741935483872
2015,5,1,83.84510752688172,50.24500000000001,23.620860215053767,11.918602150537636,4.811290322580645,30.29387096774193,174.67741935483872,174.67741935483872,174.67741935483872,83.84510752688172,83.84510752688172,83.84510752688172,50.24500000000001,50.24500000000001,174.67741935483872,170.2756272401434,83.84510752688172,80.71545997610514,174.67741935483872
2015,5,1,83.84510752688172,50.24500000000001,23.620860215053767,11.918602150537636,4.811290322580645,30.29387096774193,174.67741935483872,174.67741935483872,174.67741935483872,83.84510752688172,83.84510752688172,83.84510752688172,50.24500000000001,50.24500000000001,174.67741935483872,174.67741935483872,83.84510752688172,83.84510752688172,174.67741935483872
2015,5,1,83.84510752688172,50.24500000000001,23.620860215053767,11.918602150537636,4.811290322580645,30.29387096774193,174.67741935483872,174.67741935483872,174.67741935483872,83.84510752688172,83.84510752688172,83.84510752688172,50.24500000000001,50.24500000000001,174.67741935483872,174.67741935483872,83.84510752688172,83.84510752688172,174.67741935483872
2015,5,1,83.84510752688172,50.24500000000001,23.620860215053767,11.918602150537636,4.811290322580645,30.29387096774193,174.67741935483872,174.67741935483872,174.67741935483872,83.84510752688172,83.84510752688172,83.84510752688172,50.24500000000001,50.24500000000001,174.67741935483872,174.67741935483872,83.84510752688172,83.84510752688172,174.67741935483872
2015,5,1,83.84510752688172,50.24500000000001,23.620860215053767,11.918602150537636,4.811290322580645,30.29387096774193,174.67741935483872,174.67741935483872,174.67741935483872,83.84510752688172,83.84510752688172,83.84510752688172,50.24500000000001,50.24500000000001,174.67741935483872,174.67741935483872,83.84510752688172,83.84510752688172,174.67741935483872
2015,5,1,83.84510752688172,50.24500000000001,23.620860215053767,11.918602150537636,4.811290322580645,30.29387096774193,174.67741935483872,174.67741935483872,174.67741935483872,83.84510752688172,83.84510752688172,83.84510752688172,50.24500000000001,50.24500000000001,174.67741935483872,174.67741935483872,83.84510752688172,83.84510752688172,174.67741935483872
2015,6,1,70.41166666666666,50.245000000000005,15.661555555555555,10.171888888888889,2.1118888888888887,36.712555555555554,174.67741935483872,174.67741935483872,174.67741935483872,83.84510752688172,83.84510752688172,83.84510752688172,50.24500000000001,50.24500000000001,167.5479091995221,171.11266427718041,79.36729390681005,81.60620071684588,153.2888888888889
2015,6,1,70.41166666666666,50.245000000000005,15.661555555555555,10.171888888888889,2.1118888888888887,36.712555555555554,153.2888888888889,174.67741935483872,174.67741935483872,70.41166666666666,83.84510752688172,83.84510752688172,50.245000000000005,50.24500000000001,160.4183990442055,167.5479091995221,74.88948028673833,79.36729390681003,153.2888888888889
2015,6,1,70.41166666666666,50.245000000000005,15.661555555555555,10.171888888888889,2.1118888888888887,36.712555555555554,153.2888888888889,153.2888888888889,174.67741935483872,70.41166666666666,70.41166666666666,83.84510752688172,50.245000000000005,50.245000000000005,153.2888888888889,163.9831541218638,70.41166666666666,77.12838709677419,153.2888888888889
2015,6,1,70.41166666666666,50.245000000000005,15.661555555555555,10.171888888888889,2.1118888888888887,36.712555555555554,153.2888888888889,153.2888888888889,153.2888888888889,70.41166666666666,70.41166666666666,70.41166666666666,50.245000000000005,50.245000000000005,153.2888888888889,160.41839904420547,70.41166666666666,74.88948028673835,153.2888888888889
2015,6,1,70.41166666666666,50.245000000000005,15.661555555555555,10.171888888888889,2.1118888888888887,36.712555555555554,153.2888888888889,153.2888888888889,153.2888888888889,70.41166666666666,70.41166666666666,70.41166666666666,50.245000000000005,50.245000000000005,153.2888888888889,156.8536439665472,70.41166666666666,72.6505734767025,153.2888888888889
2015,6,1,70.41166666666666,50.245000000000005,15.661555555555555,10.171888888888889,2.1118888888888887,36.712555555555554,153.2888888888889,153.2888888888889,153.2888888888889,70.41166666666666,70.41166666666666,70.41166666666666,50.245000000000005,50.245000000000005,153.2888888888889,153.2888888888889,70.41166666666666,70.41166666666666,153.2888888888889
2015,6,1,70.41166666666666,50.245000000000005,15.661555555555555,10.171888888888889,2.1118888888888887,36.712555555555554,153.2888888888889,153.2888888888889,153.2888888888889,70.41166666666666,70.41166666666666,70.41166666666666,50.245000000000005,50.245000000000005,153.2888888888889,153.2888888888889,70.41166666666666,70.41166666666666,153.2888888888889
2015,6,1,70.41166666666666,50.245000000000005,15.661555555555555,10.171888888888889,2.1118888888888887,36.712555555555554,153.2888888888889,153.2888888888889,153.2888888888889,70.41166666666666,70.41166666666666,70.41166666666666,50.245000000000005,50.245000000000005,153.2888888888889,153.2888888888889,70.41166666666666,70.41166666666666,153.2888888888889
2015,6,1,70.41166666666666,50.245000000000005,15.661555555555555,10.171888888888889,2.1118888888888887,36.712555555555554,153.2888888888889,153.2888888888889,153.2888888888889,70.41166666666666,70.41166666666666,70.41166666666666,50.245000000000005,50.245000000000005,153.2888888888889,153.2888888888889,70.41166666666666,70.41166666666666,153.2888888888889
2015,6,1,70.41166666666666,50.245000000000005,15.661555555555555,10.171888888888889,2.1118888888888887,36.712555555555554,153.2888888888889,153.2888888888889,153.2888888888889,70.41166666666666,70.41166666666666,70.41166666666666,50.245000000000005,50.245000000000005,153.2888888888889,153.2888888888889,70.41166666666666,70.41166666666666,153.2888888888889
2015,7,1,59.119032258064514,50.24500000000001,19.61,11.440537634408605,2.7220430107526883,30.184086021505376,153.2888888888889,153.2888888888889,153.2888888888889,70.41166666666666,70.41166666666666,70.41166666666666,50.245000000000005,50.245000000000005,156.31445639187575,154.80167264038232,66.64745519713262,68.52956093189964,162.36559139784947
2015,7,1,59.119032258064514,50.24500000000001,19.61,11.440537634408605,2.7220430107526883,30.184086021505376,162.36559139784947,153.2888888888889,153.2888888888889,59.119032258064514,70.41166666666666,70.41166666666666,50.24500000000001,50.245000000000005,159.3400238948626,156.31445639187575,62.88324372759856,66.64745519713262,162.36559139784947
2015,7,1,59.119032258064514,50.24500000000001,19.61,11.440537634408605,2.7220430107526883,30.184086021505376,162.36559139784947,162.36559139784947,153.2888888888889,59.119032258064514,59.119032258064514,70.41166666666666,50.24500000000001,50.24500000000001,162.36559139784947,157.82724014336918,59.119032258064514,64.76534946236559,162.36559139784947
2015,7,1,59.119032258064514,50.24500000000001,19.61,11.440537634408605,2.7220430107526883,30.184086021505376,162.36559139784947,162.36559139784947,162.36559139784947,59.119032258064514,59.119032258064514,59.119032258064514,50.24500000000001,50.24500000000001,162.36559139784947,159.3400238948626,59.119032258064514,62.88324372759856,162.36559139784947
2015,7,1,59.119032258064514,50.24500000000001,19.61,11.440537634408605,2.7220430107526883,30.184086021505376,162.36559139784947,162.36559139784947,162.36559139784947,59.119032258064514,59.119032258064514,59.119032258064514,50.24500000000001,50.24500000000001,162.36559139784947,160.85280764635604,59.119032258064514,61.00113799283154,162.36559139784947
2015,7,1,59.119032258064514,50.24500000000001,19.61,11.440537634408605,2.7220430107526883,30.184086021505376,162.36559139784947,162.36559139784947,162.36559139784947,59.119032258064514,59.119032258064514,59.119032258064514,50.24500000000001,50.24500000000001,162.36559139784947,162.36559139784947,59.119032258064514,59.119032258064514,162.36559139784947
2015,7,1,59.119032258064514,50.24500000000001,19.61,11.440537634408605,2.7220430107526883,30.184086021505376,162.36559139784947,162.36559139784947,162.36559139784947,59.119032258064514,59.119032258064514,59.119032258064514,50.24500000000001,50.24500000000001,162.36559139784947,162.36559139784947,59.119032258064514,59.119032258064514,162.36559139784947
2015,7,1,59.119032258064514,50.24500000000001,19.61,11.440537634408605,2.7220430107526883,30.184086021505376,162.36559139784947,162.36559139784947,162.36559139784947,59.119032258064514,59.119032258064514,59.119032258064514,50.24500000000001,50.24500000000001,162.36559139784947,162.36559139784947,59.119032258064514,59.119032258064514,162.36559139784947
2015,7,1,59.119032258064514,50.24500000000001,19.61,11.440537634408605,2.7220430107526883,30.184086021505376,162.36559139784947,162.36559139784947,162.36559139784947,59.119032258064514,59.119032258064514,59.119032258064514,50.24500000000001,50.24500000000001,162.36559139784947,162.36559139784947,59.119032258064514,59.119032258064514,162.36559139784947
2015,7,1,59.119032258064514,50.24500000000001,19.61,11.440537634408605,2.7220430107526883,30.184086021505376,162.36559139784947,162.36559139784947,162.36559139784947,59.119032258064514,59.119032258064514,59.119032258064514,50.24500000000001,50.24500000000001,162.36559139784947,162.36559139784947,59.119032258064514,59.119032258064514,162.36559139784947
2015,8,1,54.053978494623664,50.24500000000001,15.44,13.981505376344083,1.7921505376344085,19.62301075268817,162.36559139784947,162.36559139784947,162.36559139784947,59.119032258064514,59.119032258064514,59.119032258064514,50.24500000000001,50.24500000000001,149.42293906810036,155.89426523297493,57.43068100358423,58.27485663082437,123.53763440860214
2015,8,1,54.053978494623664,50.24500000000001,15.44,13.981505376344083,1.7921505376344085,19.62301075268817,123.53763440860214,162.36559139784947,162.36559139784947,54.053978494623664,59.119032258064514,59.119032258064514,50.24500000000001,50.24500000000001,136.48028673835125,149.42293906810036,55.74232974910395,57.43068100358423,123.53763440860214
2015,8,1,54.053978494623664,50.24500000000001,15.44,13.981505376344083,1.7921505376344085,19.62301075268817,123.53763440860214,123.53763440860214,162.36559139784947,54.053978494623664,54.053978494623664,59.119032258064514,50.24500000000001,50.24500000000001,123.53763440860214,142.95161290322582,54.053978494623664,56.586505376344086,123.53763440860214
2015,8,1,54.053978494623664,50.24500000000001,15.44,13.981505376344083,1.7921505376344085,19.62301075268817,123.53763440860214,123.53763440860214,123.53763440860214,54.053978494623664,54.053978494623664,54.053978494623664,50.24500000000001,50.24500000000001,123.53763440860214,136.48028673835123,54.053978494623664,55.74232974910395,123.53763440860214
2015,8,1,54.053978494623664,50.24500000000001,15.44,13.981505376344083,1.7921505376344085,19.62301075268817,123.53763440860214,123.53763440860214,123.53763440860214,54.053978494623664,54.053978494623664,54.053978494623664,50.24500000000001,50.24500000000001,123.53763440860214,130.0089605734767,54.053978494623664,54.8981541218638,123.53763440860214
2015,8,1,54.053978494623664,50.24500000000001,15.44,13.981505376344083,1.7921505376344085,19.62301075268817,123.53763440860214,123.53763440860214,123.53763440860214,54.053978494623664,54.053978494623664,54.053978494623664,50.24500000000001,50.24500000000001,123.53763440860214,123.53763440860214,54.053978494623664,54.053978494623664,123.53763440860214
2015,8,1,54.053978494623664,50.24500000000001,15.44,13.981505376344083,1.7921505376344085,19.62301075268817,123.53763440860214,123.53763440860214,123.53763440860214,54.053978494623664,54.053978494623664,54.053978494623664,50.24500000000001,50.24500000000001,123.53763440860214,123.53763440860214,54.053978494623664,54.053978494623664,123.53763440860214
2015,8,1,54.053978494623664,50.24500000000001,15.44,13.981505376344083,1.7921505376344085,19.62301075268817,123.53763440860214,123.53763440860214,123.53763440860214,54.053978494623664,54.053978494623664,54.053978494623664,50.24500000000001,50.24500000000001,123.53763440860214,123.53763440860214,54.053978494623664,54.053978494623664,123.53763440860214
2015,8,1,54.053978494623664,50.24500000000001,15.44,13.981505376344083,1.7921505376344085,19.62301075268817,123.53763440860214,123.53763440860214,123.53763440860214,54.053978494623664,54.053978494623664,54.053978494623664,50.24500000000001,50.24500000000001,123.53763440860214,123.53763440860214,54.053978494623664,54.053978494623664,123.53763440860214
2015,8,1,54.053978494623664,50.24500000000001,15.44,13.981505376344083,1.7921505376344085,19.62301075268817,123.53763440860214,123.53763440860214,123.53763440860214,54.053978494623664,54.053978494623664,54.053978494623664,50.24500000000001,50.24500000000001,123.53763440860214,123.53763440860214,54.053978494623664,54.053978494623664,123.53763440860214
2015,9,1,35.67865168539326,50.245000000000005,13.52011235955056,12.342247191011236,2.318988764044944,27.125617977528087,123.53763440860214,123.53763440860214,123.53763440860214,54.053978494623664,54.053978494623664,54.053978494623664,50.24500000000001,50.24500000000001,121.9277113285812,122.73267286859168,47.928869558213535,50.9914240264186,118.70786516853931
2015,9,1,35.67865168539326,50.245000000000005,13.52011235955056,12.342247191011236,2.318988764044944,27.125617977528087,118.70786516853931,123.53763440860214,123.53763440860214,35.67865168539326,54.053978494623664,54.053978494623664,50.245000000000005,50.24500000000001,120.31778824856026,121.9277113285812,41.8037606218034,47.928869558213535,118.70786516853931
2015,9,1,35.67865168539326,50.245000000000005,13.52011235955056,12.342247191011236,2.318988764044944,27.125617977528087,118.70786516853931,118.70786516853931,123.53763440860214,35.67865168539326,35.67865168539326,54.053978494623664,50.245000000000005,50.245000000000005,118.70786516853931,121.12274978857073,35.67865168539326,44.86631509000846,118.70786516853931
2015,9,1,35.67865168539326,50.245000000000005,13.52011235955056,12.342247191011236,2.318988764044944,27.125617977528087,118.70786516853931,118.70786516853931,118.70786516853931,35.67865168539326,35.67865168539326,35.67865168539326,50.245000000000005,50.245000000000005,118.70786516853931,120.31778824856025,35.67865168539326,41.8037606218034,118.70786516853931
2015,9,1,35.67865168539326,50.245000000000005,13.52011235955056,12.342247191011236,2.318988764044944,27.125617977528087,118.70786516853931,118.70786516853931,118.70786516853931,35.67865168539326,35.67865168539326,35.67865168539326,50.245000000000005,50.245000000000005,118.70786516853931,119.51282670854978,35.67865168539326,38.741206153598334,118.70786516853931
2015,9,1,35.67865168539326,50.245000000000005,13.52011235955056,12.342247191011236,2.318988764044944,27.125617977528087,118.70786516853931,118.70786516853931,118.70786516853931,35.67865168539326,35.67865168539326,35.67865168539326,50.245000000000005,50.245000000000005,118.70786516853931,118.70786516853931,35.67865168539326,35.67865168539326,118.70786516853931
2015,9,1,35.67865168539326,50.245000000000005,13.52011235955056,12.342247191011236,2.318988764044944,27.125617977528087,118.70786516853931,118.70786516853931,118.70786516853931,35.67865168539326,35.67865168539326,35.67865168539326,50.245000000000005,50.245000000000005,118.70786516853931,118.70786516853931,35.67865168539326,35.67865168539326,118.70786516853931
2015,9,1,35.67865168539326,50.245000000000005,13.52011235955056,12.342247191011236,2.318988764044944,27.125617977528087,118.70786516853931,118.70786516853931,118.70786516853931,35.67865168539326,35.67865168539326,35.67865168539326,50.245000000000005,50.245000000000005,118.70786516853931,118.70786516853931,35.67865168539326,35.67865168539326,118.70786516853931
2015,9,1,35.67865168539326,50.245000000000005,13.52011235955056,12.342247191011236,2.318988764044944,27.125617977528087,118.70786516853931,118.70786516853931,118.70786516853931,35.67865168539326,35.67865168539326,35.67865168539326,50.245000000000005,50.245000000000005,118.70786516853931,118.70786516853931,35.67865168539326,35.67865168539326,118.70786516853931
2015,9,1,35.67865168539326,50.245000000000005,13.52011235955056,12.342247191011236,2.318988764044944,27.125617977528087,118.70786516853931,118.70786516853931,118.70786516853931,35.67865168539326,35.67865168539326,35.67865168539326,50.245000000000005,50.245000000000005,118.70786516853931,118.70786516853931,35.67865168539326,35.67865168539326,118.70786516853931
2015,10,1,49.24688172043011,50.24500000000001,15.21935483870968,9.874193548387096,2.4526881720430107,29.78032258064516,118.70786516853931,118.70786516853931,118.70786516853931,35.67865168539326,35.67865168539326,35.67865168539326,50.245000000000005,50.245000000000005,127.3858886069832,123.04687688776126,40.20139503040554,37.940023357899406,144.74193548387098
2015,10,1,49.24688172043011,50.24500000000001,15.21935483870968,9.874193548387096,2.4526881720430107,29.78032258064516,144.74193548387098,118.70786516853931,118.70786516853931,49.24688172043011,35.67865168539326,35.67865168539326,50.24500000000001,50.245000000000005,136.0639120454271,127.38588860698322,44.72413837541783,40.20139503040554,144.74193548387098
2015,10,1,49.24688172043011,50.24500000000001,15.21935483870968,9.874193548387096,2.4526881720430107,29.78032258064516,144.74193548387098,144.74193548387098,118.70786516853931,49.24688172043011,49.24688172043011,35.67865168539326,50.24500000000001,50.24500000000001,144.74193548387098,131.72490032620513,49.24688172043011,42.462766702911686,144.74193548387098
2015,10,1,49.24688172043011,50.24500000000001,15.21935483870968,9.874193548387096,2.4526881720430107,29.78032258064516,144.74193548387098,144.74193548387098,144.74193548387098,49.24688172043011,49.24688172043011,49.24688172043011,50.24500000000001,50.24500000000001,144.74193548387098,136.0639120454271,49.24688172043011,44.72413837541783,144.74193548387098
2015,10,1,49.24688172043011,50.24500000000001,15.21935483870968,9.874193548387096,2.4526881720430107,29.78032258064516,144.74193548387098,144.74193548387098,144.74193548387098,49.24688172043011,49.24688172043011,49.24688172043011,50.24500000000001,50.24500000000001,144.74193548387098,140.40292376464902,49.24688172043011,46.98551004792396,144.74193548387098
2015,10,1,49.24688172043011,50.24500000000001,15.21935483870968,9.874193548387096,2.4526881720430107,29.78032258064516,144.74193548387098,144.74193548387098,144.74193548387098,49.24688172043011,49.24688172043011,49.24688172043011,50.24500000000001,50.24500000000001,144.74193548387098,144.74193548387098,49.24688172043011,49.24688172043011,144.74193548387098
2015,10,1,49.24688172043011,50.24500000000001,15.21935483870968,9.874193548387096,2.4526881720430107,29.78032258064516,144.74193548387098,144.74193548387098,144.74193548387098,49.24688172043011,49.24688172043011,49.24688172043011,50.24500000000001,50.24500000000001,144.74193548387098,144.74193548387098,49.24688172043011,49.24688172043011,144.74193548387098
2015,10,1,49.24688172043011,50.24500000000001,15.21935483870968,9.874193548387096,2.4526881720430107,29.78032258064516,144.74193548387098,144.74193548387098,144.74193548387098,49.24688172043011,49.24688172043011,49.24688172043011,50.24500000000001,50.24500000000001,144.74193548387098,144.74193548387098,49.24688172043011,49.24688172043011,144.74193548387098
2015,10,1,49.24688172043011,50.24500000000001,15.21935483870968,9.874193548387096,2.4526881720430107,29.78032258064516,144.74193548387098,144.74193548387098,144.74193548387098,49.24688172043011,49.24688172043011,49.24688172043011,50.24500000000001,50.24500000000001,144.74193548387098,144.74193548387098,49.24688172043011,49.24688172043011,144.74193548387098
2015,10,1,49.24688172043011,50.24500000000001,15.21935483870968,9.874193548387096,2.4526881720430107,29.78032258064516,144.74193548387098,144.74193548387098,144.74193548387098,49.24688172043011,49.24688172043011,49.24688172043011,50.24500000000001,50.24500000000001,144.74193548387098,144.74193548387098,49.24688172043011,49.24688172043011,144.74193548387098
2015,11,1,39.78666666666667,50.245000000000005,12.250111111111112,5.700777777777779,1.980222222222222,44.69755555555556,144.74193548387098,144.74193548387098,144.74193548387098,49.24688172043011,49.24688172043011,49.24688172043011,50.24500000000001,50.24500000000001,136.72054958183992,140.73124253285545,46.09347670250896,47.67017921146954,120.67777777777778
2015,11,1,39.78666666666667,50.245000000000005,12.250111111111112,5.700777777777779,1.980222222222222,44.69755555555556,120.67777777777778,144.74193548387098,144.74193548387098,39.78666666666667,49.24688172043011,49.24688172043011,50.245000000000005,50.24500000000001,128.69916367980883,136.7205495818399,42.940071684587814,46.09347670250896,120.67777777777778
2015,11,1,39.78666666666667,50.245000000000005,12.250111111111112,5.700777777777779,1.980222222222222,44.69755555555556,120.67777777777778,120.67777777777778,144.74193548387098,39.78666666666667,39.78666666666667,49.24688172043011,50.245000000000005,50.245000000000005,120.67777777777778,132.7098566308244,39.78666666666667,44.51677419354839,120.67777777777778
2015,11,1,39.78666666666667,50.245000000000005,12.250111111111112,5.700777777777779,1.980222222222222,44.69755555555556,120.67777777777778,120.67777777777778,120.67777777777778,39.78666666666667,39.78666666666667,39.78666666666667,50.245000000000005,50.245000000000005,120.67777777777778,128.69916367980883,39.78666666666667,42.940071684587814,120.67777777777778
2015,11,1,39.78666666666667,50.245000000000005,12.250111111111112,5.700777777777779,1.980222222222222,44.69755555555556,120.67777777777778,120.67777777777778,120.67777777777778,39.78666666666667,39.78666666666667,39.78666666666667,50.245000000000005,50.245000000000005,120.67777777777778,124.68847072879329,39.78666666666667,41.36336917562724,120.67777777777778
2015,11,1,39.78666666666667,50.245000000000005,12.250111111111112,5.700777777777779,1.980222222222222,44.69755555555556,120.67777777777778,120.67777777777778,120.67777777777778,39.78666666666667,39.78666666666667,39.78666666666667,50.245000000000005,50.245000000000005,120.67777777777778,120.67777777777778,39.78666666666667,39.78666666666667,120.67777777777778
2015,11,1,39.78666666666667,50.245000000000005,12.250111111111112,5.700777777777779,1.980222222222222,44.69755555555556,120.67777777777778,120.67777777777778,120.67777777777778,39.78666666666667,39.78666666666667,39.78666666666667,50.245000000000005,50.245000000000005,120.67777777777778,120.67777777777778,39.78666666666667,39.78666666666667,120.67777777777778
2015,11,1,39.78666666666667,50.245000000000005,12.250111111111112,5.700777777777779,1.980222222222222,44.69755555555556,120.67777777777778,120.67777777777778,120.67777777777778,39.78666666666667,39.78666666666667,39.78666666666667,50.245000000000005,50.245000000000005,120.67777777777778,120.67777777777778,39.78666666666667,39.78666666666667,120.67777777777778
2015,11,1,39.78666666666667,50.245000000000005,12.250111111111112,5.700777777777779,1.980222222222222,44.69755555555556,120.67777777777778,120.67777777777778,120.67777777777778,39.78666666666667,39.78666666666667,39.78666666666667,50.245000000000005,50.245000000000005,120.67777777777778,120.67777777777778,39.78666666666667,39.78666666666667,120.67777777777778
2015,11,1,39.78666666666667,50.245000000000005,12.250111111111112,5.700777777777779,1.980222222222222,44.69755555555556,120.67777777777778,120.67777777777778,120.67777777777778,39.78666666666667,39.78666666666667,39.78666666666667,50.245000000000005,50.245000000000005,120.67777777777778,120.67777777777778,39.78666666666667,39.78666666666667,120.67777777777778
2015,12,1,64.94472972972973,50.245000000000005,11.252567567567567,3.484189189189189,1.4304054054054054,32.01932432432432,120.67777777777778,120.67777777777778,120.67777777777778,39.78666666666667,39.78666666666667,39.78666666666667,50.245000000000005,50.245000000000005,119.81671671671671,120.24724724724724,48.17268768768769,43.97967717717719,118.0945945945946
2015,12,1,64.94472972972973,50.245000000000005,11.252567567567567,3.484189189189189,1.4304054054054054,32.01932432432432,118.0945945945946,120.67777777777778,120.67777777777778,64.94472972972973,39.78666666666667,39.78666666666667,50.245000000000005,50.245000000000005,118.95565565565566,119.81671671671671,56.55870870870871,48.17268768768769,118.0945945945946
2015,12,1,64.94472972972973,50.245000000000005,11.252567567567567,3.484189189189189,1.4304054054054054,32.01932432432432,118.0945945945946,118.0945945945946,120.67777777777778,64.94472972972973,64.94472972972973,39.78666666666667,50.245000000000005,50.245000000000005,118.0945945945946,119.38618618618618,64.94472972972973,52.365698198198196,118.0945945945946
2015,12,1,64.94472972972973,50.245000000000005,11.252567567567567,3.484189189189189,1.4304054054054054,32.01932432432432,118.0945945945946,118.0945945945946,118.0945945945946,64.94472972972973,64.94472972972973,64.94472972972973,50.245000000000005,50.245000000000005,118.0945945945946,118.95565565565566,64.94472972972973,56.558708708708714,118.0945945945946
2015,12,1,64.94472972972973,50.245000000000005,11.252567567567567,3.484189189189189,1.4304054054054054,32.01932432432432,118.0945945945946,118.0945945945946,118.0945945945946,64.94472972972973,64.94472972972973,64.94472972972973,50.245000000000005,50.245000000000005,118.0945945945946,118.52512512512514,64.94472972972973,60.75171921921922,118.0945945945946
2015,12,1,64.94472972972973,50.245000000000005,11.252567567567567,3.484189189189189,1.4304054054054054,32.01932432432432,118.0945945945946,118.0945945945946,118.0945945945946,64.94472972972973,64.94472972972973,64.94472972972973,50.245000000000005,50.245000000000005,118.0945945945946,118.0945945945946,64.94472972972973,64.94472972972973,118.0945945945946
2015,12,1,64.94472972972973,50.245000000000005,11.252567567567567,3.484189189189189,1.4304054054054054,32.01932432432432,118.0945945945946,118.0945945945946,118.0945945945946,64.94472972972973,64.94472972972973,64.94472972972973,50.245000000000005,50.245000000000005,118.0945945945946,118.0945945945946,64.94472972972973,64.94472972972973,118.0945945945946
2015,12,1,64.94472972972973,50.245000000000005,11.252567567567567,3.484189189189189,1.4304054054054054,32.01932432432432,118.0945945945946,118.0945945945946,118.0945945945946,64.94472972972973,64.94472972972973,64.94472972972973,50.245000000000005,50.245000000000005,118.0945945945946,118.0945945945946,64.94472972972973,64.94472972972973,118.0945945945946
2015,12,1,64.94472972972973,50.245000000000005,11.252567567567567,3.484189189189189,1.4304054054054054,32.01932432432432,118.0945945945946,118.0945945945946,118.0945945945946,64.94472972972973,64.94472972972973,64.94472972972973,50.245000000000005,50.245000000000005,118.0945945945946,118.0945945945946,64.94472972972973,64.94472972972973,118.0945945945946
2015,12,1,64.94472972972973,50.245000000000005,11.252567567567567,3.484189189189189,1.4304054054054054,32.01932432432432,118.0945945945946,118.0945945945946,118.0945945945946,64.94472972972973,64.94472972972973,64.94472972972973,50.245000000000005,50.245000000000005,118.0945945945946,118.0945945945946,64.94472972972973,64.94472972972973,118.0945945945946
2016,1,1,55.99960674157303,50.245000000000005,15.882134831460672,3.7175280898876406,1.4410112359550562,27.67191011235955,118.0945945945946,118.0945945945946,118.0945945945946,64.94472972972973,64.94472972972973,64.94472972972973,50.245000000000005,50.245000000000005,126.99190201437393,122.54324830448427,61.96302206701083,63.45387589837028,144.7865168539326
2016,1,1,55.99960674157303,50.245000000000005,15.882134831460672,3.7175280898876406,1.4410112359550562,27.67191011235955,144.7865168539326,118.0945945945946,118.0945945945946,55.99960674157303,64.94472972972973,64.94472972972973,50.245000000000005,50.245000000000005,135.88920943415326,126.99190201437392,58.981314404291936,61.96302206701083,144.7865168539326
2016,1,1,55.99960674157303,50.245000000000005,15.882134831460672,3.7175280898876406,1.4410112359550562,27.67191011235955,144.7865168539326,144.7865168539326,118.0945945945946,55.99960674157303,55.99960674157303,64.94472972972973,50.245000000000005,50.245000000000005,144.7865168539326,131.4405557242636,55.99960674157303,60.47216823565139,144.7865168539326
2016,1,1,55.99960674157303,50.245000000000005,15.882134831460672,3.7175280898876406,1.4410112359550562,27.67191011235955,144.7865168539326,144.7865168539326,144.7865168539326,55.99960674157303,55.99960674157303,55.99960674157303,50.245000000000005,50.245000000000005,144.7865168539326,135.88920943415326,55.99960674157303,58.98131440429193,144.7865168539326
2016,1,1,55.99960674157303,50.245000000000005,15.882134831460672,3.7175280898876406,1.4410112359550562,27.67191011235955,144.7865168539326,144.7865168539326,144.7865168539326,55.99960674157303,55.99960674157303,55.99960674157303,50.245000000000005,50.245000000000005,144.7865168539326,140.33786314404293,55.99960674157303,57.49046057293248,144.7865168539326
2016,1,1,55.99960674157303,50.245000000000005,15.882134831460672,3.7175280898876406,1.4410112359550562,27.67191011235955,144.7865168539326,144.7865168539326,144.7865168539326,55.99960674157303,55.99960674157303,55.99960674157303,50.245000000000005,50.245000000000005,144.7865168539326,144.7865168539326,55.99960674157303,55.99960674157303,144.7865168539326
2016,1,1,55.99960674157303,50.245000000000005,15.882134831460672,3.7175280898876406,1.4410112359550562,27.67191011235955,144.7865168539326,144.7865168539326,144.7865168539326,55.99960674157303,55.99960674157303,55.99960674157303,50.245000000000005,50.245000000000005,144.7865168539326,144.7865168539326,55.99960674157303,55.99960674157303,144.7865168539326
2016,1,1,55.99960674157303,50.245000000000005,15.882134831460672,3.7175280898876406,1.4410112359550562,27.67191011235955,144.7865168539326,144.7865168539326,144.7865168539326,55.99960674157303,55.99960674157303,55.99960674157303,50.245000000000005,50.245000000000005,144.7865168539326,144.7865168539326,55.99960674157303,55.99960674157303,144.7865168539326
2016,1,1,55.99960674157303,50.245000000000005,15.882134831460672,3.7175280898876406,1.4410112359550562,27.67191011235955,144.7865168539326,144.7865168539326,144.7865168539326,55.99960674157303,55.99960674157303,55.99960674157303,50.245000000000005,50.245000000000005,144.7865168539326,144.7865168539326,55.99960674157303,55.99960674157303,144.7865168539326
2016,1,1,55.99960674157303,50.245000000000005,15.882134831460672,3.7175280898876406,1.4410112359550562,27.67191011235955,144.7865168539326,144.7865168539326,144.7865168539326,55.99960674157303,55.99960674157303,55.99960674157303,50.245000000000005,50.245000000000005,144.7865168539326,144.7865168539326,55.99960674157303,55.99960674157303,144.7865168539326
2016,2,1,72.14994252873564,50.245000000000005,12.560804597701148,4.2924137931034485,1.9535632183908047,30.27057471264368,144.7865168539326,144.7865168539326,144.7865168539326,55.99960674157303,55.99960674157303,55.99960674157303,50.245000000000005,50.245000000000005,148.53583882216196,146.66117783804728,61.383052003960564,58.691329372766795,156.0344827586207
2016,2,1,72.14994252873564,50.245000000000005,12.560804597701148,4.2924137931034485,1.9535632183908047,30.27057471264368,156.0344827586207,144.7865168539326,144.7865168539326,72.14994252873564,55.99960674157303,55.99960674157303,50.245000000000005,50.245000000000005,152.2851607903913,148.53583882216196,66.76649726634811,61.383052003960564,156.0344827586207
2016,2,1,72.14994252873564,50.245000000000005,12.560804597701148,4.2924137931034485,1.9535632183908047,30.27057471264368,156.0344827586207,156.0344827586207,144.7865168539326,72.14994252873564,72.14994252873564,55.99960674157303,50.245000000000005,50.245000000000005,156.0344827586207,150.41049980627665,72.14994252873564,64.07477463515433,156.0344827586207
2016,2,1,72.14994252873564,50.245000000000005,12.560804597701148,4.2924137931034485,1.9535632183908047,30.27057471264368,156.0344827586207,156.0344827586207,156.0344827586207,72.14994252873564,72.14994252873564,72.14994252873564,50.245000000000005,50.245000000000005,156.0344827586207,152.28516079039133,72.14994252873564,66.76649726634811,156.0344827586207
2016,2,1,72.14994252873564,50.245000000000005,12.560804597701148,4.2924137931034485,1.9535632183908047,30.27057471264368,156.0344827586207,156.0344827586207,156.0344827586207,72.14994252873564,72.14994252873564,72.14994252873564,50.245000000000005,50.245000000000005,156.0344827586207,154.159821774506,72.14994252873564,69.45821989754187,156.0344827586207
2016,2,1,72.14994252873564,50.245000000000005,12.560804597701148,4.2924137931034485,1.9535632183908047,30.27057471264368,156.0344827586207,156.0344827586207,156.0344827586207,72.14994252873564,72.14994252873564,72.14994252873564,50.245000000000005,50.245000000000005,156.0344827586207,156.0344827586207,72.14994252873564,72.14994252873564,156.0344827586207
2016,2,1,72.14994252873564,50.245000000000005,12.560804597701148,4.2924137931034485,1.9535632183908047,30.27057471264368,156.0344827586207,156.0344827586207,156.0344827586207,72.14994252873564,72.14994252873564,72.14994252873564,50.245000000000005,50.245000000000005,156.0344827586207,156.0344827586207,72.14994252873564,72.14994252873564,156.0344827586207
2016,2,1,72.14994252873564,50.245000000000005,12.560804597701148,4.2924137931034485,1.9535632183908047,30.27057471264368,156.0344827586207,156.0344827586207,156.0344827586207,72.14994252873564,72.14994252873564,72.14994252873564,50.245000000000005,50.245000000000005,156.0344827586207,156.0344827586207,72.14994252873564,72.14994252873564,156.0344827586207
2016,2,1,72.14994252873564,50.245000000000005,12.560804597701148,4.2924137931034485,1.9535632183908047,30.27057471264368,156.0344827586207,156.0344827586207,156.0344827586207,72.14994252873564,72.14994252873564,72.14994252873564,50.245000000000005,50.245000000000005,156.0344827586207,156.0344827586207,72.14994252873564,72.14994252873564,156.0344827586207
2016,2,1,72.14994252873564,50.245000000000005,12.560804597701148,4.2924137931034485,1.9535632183908047,30.27057471264368,156.0344827586207,156.0344827586207,156.0344827586207,72.14994252873564,72.14994252873564,72.14994252873564,50.245000000000005,50.245000000000005,156.0344827586207,156.0344827586207,72.14994252873564,72.14994252873564,156.0344827586207
2016,3,1,71.14075268817204,50.24500000000001,10.135483870967745,3.8231182795698926,1.2256989247311827,28.561397849462367,156.0344827586207,156.0344827586207,156.0344827586207,72.14994252873564,72.14994252873564,72.14994252873564,50.245000000000005,50.245000000000005,155.88320355951058,155.95884315906565,71.81354591521443,71.98174422197503,155.5806451612903
2016,3,1,71.14075268817204,50.24500000000001,10.135483870967745,3.8231182795698926,1.2256989247311827,28.561397849462367,155.5806451612903,156.0344827586207,156.0344827586207,71.14075268817204,72.14994252873564,72.14994252873564,50.24500000000001,50.245000000000005,155.73192436040043,155.88320355951058,71.47714930169325,71.81354591521443,155.5806451612903
2016,3,1,71.14075268817204,50.24500000000001,10.135483870967745,3.8231182795698926,1.2256989247311827,28.561397849462367,155.5806451612903,155.5806451612903,156.0344827586207,71.14075268817204,71.14075268817204,72.14994252873564,50.24500000000001,50.24500000000001,155.5806451612903,155.8075639599555,71.14075268817204,71.64534760845385,155.5806451612903
2016,3,1,71.14075268817204,50.24500000000001,10.135483870967745,3.8231182795698926,1.2256989247311827,28.561397849462367,155.5806451612903,155.5806451612903,155.5806451612903,71.14075268817204,71.14075268817204,71.14075268817204,50.24500000000001,50.24500000000001,155.5806451612903,155.73192436040043,71.14075268817204,71.47714930169325,155.5806451612903
2016,3,1,71.14075268817204,50.24500000000001,10.135483870967745,3.8231182795698926,1.2256989247311827,28.561397849462367,155.5806451612903,155.5806451612903,155.5806451612903,71.14075268817204,71.14075268817204,71.14075268817204,50.24500000000001,50.24500000000001,155.5806451612903,155.65628476084538,71.14075268817204,71.30895099493264,155.5806451612903
2016,3,1,71.14075268817204,50.24500000000001,10.135483870967745,3.8231182795698926,1.2256989247311827,28.561397849462367,155.5806451612903,155.5806451612903,155.5806451612903,71.14075268817204,71.14075268817204,71.14075268817204,50.24500000000001,50.24500000000001,155.5806451612903,155.5806451612903,71.14075268817204,71.14075268817204,155.5806451612903
2016,3,1,71.14075268817204,50.24500000000001,10.135483870967745,3.8231182795698926,1.2256989247311827,28.561397849462367,155.5806451612903,155.5806451612903,155.5806451612903,71.14075268817204,71.14075268817204,71.14075268817204,50.24500000000001,50.24500000000001,155.5806451612903,155.5806451612903,71.14075268817204,71.14075268817204,155.5806451612903
2016,3,1,71.14075268817204,50.24500000000001,10.135483870967745,3.8231182795698926,1.2256989247311827,28.561397849462367,155.5806451612903,155.5806451612903,155.5806451612903,71.14075268817204,71.14075268817204,71.14075268817204,50.24500000000001,50.24500000000001,155.5806451612903,155.5806451612903,71.14075268817204,71.14075268817204,155.5806451612903
2016,3,1,71.14075268817204,50.24500000000001,10.135483870967745,3.8231182795698926,1.2256989247311827,28.561397849462367,155.5806451612903,155.5806451612903,155.5806451612903,71.14075268817204,71.14075268817204,71.14075268817204,50.24500000000001,50.24500000000001,155.5806451612903,155.5806451612903,71.14075268817204,71.14075268817204,155.5806451612903
2016,3,1,71.14075268817204,50.24500000000001,10.135483870967745,3.8231182795698926,1.2256989247311827,28.561397849462367,155.5806451612903,155.5806451612903,155.5806451612903,71.14075268817204,71.14075268817204,71.14075268817204,50.24500000000001,50.24500000000001,155.5806451612903,155.5806451612903,71.14075268817204,71.14075268817204,155.5806451612903
2016,4,1,59.34011111111111,50.245000000000005,12.272777777777778,3.627111111111111,1.479777777777778,30.93877777777778,155.5806451612903,155.5806451612903,155.5806451612903,71.14075268817204,71.14075268817204,71.14075268817204,50.24500000000001,50.24500000000001,148.09080047789726,151.83572281959377,67.2072054958184,69.17397909199522,133.11111111111111
2016,4,1,59.34011111111111,50.245000000000005,12.272777777777778,3.627111111111111,1.479777777777778,30.93877777777778,133.11111111111111,155.5806451612903,155.5806451612903,59.34011111111111,71.14075268817204,71.14075268817204,50.245000000000005,50.24500000000001,140.6009557945042,148.09080047789726,63.273658303464764,67.2072054958184,133.11111111111111
2016,4,1,59.34011111111111,50.245000000000005,12.272777777777778,3.627111111111111,1.479777777777778,30.93877777777778,133.11111111111111,133.11111111111111,155.5806451612903,59.34011111111111,59.34011111111111,71.14075268817204,50.245000000000005,50.245000000000005,133.11111111111111,144.3458781362007,59.34011111111111,65.24043189964158,133.11111111111111
2016,4,1,59.34011111111111,50.245000000000005,12.272777777777778,3.627111111111111,1.479777777777778,30.93877777777778,133.11111111111111,133.11111111111111,133.11111111111111,59.34011111111111,59.34011111111111,59.34011111111111,50.245000000000005,50.245000000000005,133.11111111111111,140.6009557945042,59.34011111111111,63.27365830346475,133.11111111111111
2016,4,1,59.34011111111111,50.245000000000005,12.272777777777778,3.627111111111111,1.479777777777778,30.93877777777778,133.11111111111111,133.11111111111111,133.11111111111111,59.34011111111111,59.34011111111111,59.34011111111111,50.245000000000005,50.245000000000005,133.11111111111111,136.85603345280765,59.34011111111111,61.306884707287935,133.11111111111111
2016,4,1,59.34011111111111,50.245000000000005,12.272777777777778,3.627111111111111,1.479777777777778,30.93877777777778,133.11111111111111,133.11111111111111,133.11111111111111,59.34011111111111,59.34011111111111,59.34011111111111,50.245000000000005,50.245000000000005,133.11111111111111,133.11111111111111,59.34011111111111,59.34011111111111,133.11111111111111
2016,4,1,59.34011111111111,50.245000000000005,12.272777777777778,3.627111111111111,1.479777777777778,30.93877777777778,133.11111111111111,133.11111111111111,133.11111111111111,59.34011111111111,59.34011111111111,59.34011111111111,50.245000000000005,50.245000000000005,133.11111111111111,133.11111111111111,59.34011111111111,59.34011111111111,133.11111111111111
2016,4,1,59.34011111111111,50.245000000000005,12.272777777777778,3.627111111111111,1.479777777777778,30.93877777777778,133.11111111111111,133.11111111111111,133.11111111111111,59.34011111111111,59.34011111111111,59.34011111111111,50.245000000000005,50.245000000000005,133.11111111111111,133.11111111111111,59.34011111111111,59.34011111111111,133.11111111111111
2016,4,1,59.34011111111111,50.245000000000005,12.272777777777778,3.627111111111111,1.479777777777778,30.93877777777778,133.11111111111111,133.11111111111111,133.11111111111111,59.34011111111111,59.34011111111111,59.34011111111111,50.245000000000005,50.245000000000005,133.11111111111111,133.11111111111111,59.34011111111111,59.34011111111111,133.11111111111111
2016,4,1,59.34011111111111,50.245000000000005,12.272777777777778,3.627111111111111,1.479777777777778,30.93877777777778,133.11111111111111,133.11111111111111,133.11111111111111,59.34011111111111,59.34011111111111,59.34011111111111,50.245000000000005,50.245000000000005,133.11111111111111,133.11111111111111,59.34011111111111,59.34011111111111,133.11111111111111
2016,5,1,56.46827956989247,50.24500000000001,16.56483870967742,4.496666666666667,1.6740860215053763,39.25956989247312,133.11111111111111,133.11111111111111,133.11111111111111,59.34011111111111,59.34011111111111,59.34011111111111,50.245000000000005,50.245000000000005,131.83034647550778,132.47072879330946,58.3828339307049,58.861472520908,129.2688172043011
2016,5,1,56.46827956989247,50.24500000000001,16.56483870967742,4.496666666666667,1.6740860215053763,39.25956989247312,129.2688172043011,133.11111111111111,133.11111111111111,56.46827956989247,59.34011111111111,59.34011111111111,50.24500000000001,50.245000000000005,130.54958183990445,131.83034647550775,57.42555675029869,58.3828339307049,129.2688172043011
2016,5,1,56.46827956989247,50.24500000000001,16.56483870967742,4.496666666666667,1.6740860215053763,39.25956989247312,129.2688172043011,129.2688172043011,133.11111111111111,56.46827956989247,56.46827956989247,59.34011111111111,50.24500000000001,50.24500000000001,129.2688172043011,131.1899641577061,56.46827956989247,57.904195340501786,129.2688172043011
2016,5,1,56.46827956989247,50.24500000000001,16.56483870967742,4.496666666666667,1.6740860215053763,39.25956989247312,129.2688172043011,129.2688172043011,129.2688172043011,56.46827956989247,56.46827956989247,56.46827956989247,50.24500000000001,50.24500000000001,129.2688172043011,130.54958183990445,56.46827956989247,57.42555675029869,129.2688172043011
2016,5,1,56.46827956989247,50.24500000000001,16.56483870967742,4.496666666666667,1.6740860215053763,39.25956989247312,129.2688172043011,129.2688172043011,129.2688172043011,56.46827956989247,56.46827956989247,56.46827956989247,50.24500000000001,50.24500000000001,129.2688172043011,129.90919952210277,56.46827956989247,56.94691816009558,129.2688172043011
2016,5,1,56.46827956989247,50.24500000000001,16.56483870967742,4.496666666666667,1.6740860215053763,39.25956989247312,129.2688172043011,129.2688172043011,129.2688172043011,56.46827956989247,56.46827956989247,56.46827956989247,50.24500000000001,50.24500000000001,129.2688172043011,129.2688172043011,56.46827956989247,56.46827956989247,129.2688172043011
2016,5,1,56.46827956989247,50.24500000000001,16.56483870967742,4.496666666666667,1.6740860215053763,39.25956989247312,129.2688172043011,129.2688172043011,129.2688172043011,56.46827956989247,56.46827956989247,56.46827956989247,50.24500000000001,50.24500000000001,129.2688172043011,129.2688172043011,56.46827956989247,56.46827956989247,129.2688172043011
2016,5,1,56.46827956989247,50.24500000000001,16.56483870967742,4.496666666666667,1.6740860215053763,39.25956989247312,129.2688172043011,129.2688172043011,129.2688172043011,56.46827956989247,56.46827956989247,56.46827956989247,50.24500000000001,50.24500000000001,129.2688172043011,129.2688172043011,56.46827956989247,56.46827956989247,129.2688172043011
2016,5,1,56.46827956989247,50.24500000000001,16.56483870967742,4.496666666666667,1.6740860215053763,39.25956989247312,129.2688172043011,129.2688172043011,129.2688172043011,56.46827956989247,56.46827956989247,56.46827956989247,50.24500000000001,50.24500000000001,129.2688172043011,129.2688172043011,56.46827956989247,56.46827956989247,129.2688172043011
2016,5,1,56.46827956989247,50.24500000000001,16.56483870967742,4.496666666666667,1.6740860215053763,39.25956989247312,129.2688172043011,129.2688172043011,129.2688172043011,56.46827956989247,56.46827956989247,56.46827956989247,50.24500000000001,50.24500000000001,129.2688172043011,129.2688172043011,56.46827956989247,56.46827956989247,129.2688172043011
2016,6,1,55.13330357142858,50.245000000000005,13.849642857142856,4.266428571428572,1.3728571428571428,29.70660714285714,129.2688172043011,129.2688172043011,129.2688172043011,56.46827956989247,56.46827956989247,56.46827956989247,50.24500000000001,50.24500000000001,117.00659242191502,123.13770481310804,56.023287570404506,56.24578357014849,92.48214285714286
2016,6,1,55.13330357142858,50.245000000000005,13.849642857142856,4.266428571428572,1.3728571428571428,29.70660714285714,92.48214285714286,129.2688172043011,129.2688172043011,55.13330357142858,56.46827956989247,56.46827956989247,50.245000000000005,50.24500000000001,104.74436763952895,117.00659242191502,55.578295570916545,56.023287570404506,92.48214285714286
2016,6,1,55.13330357142858,50.245000000000005,13.849642857142856,4.266428571428572,1.3728571428571428,29.70660714285714,92.48214285714286,92.48214285714286,129.2688172043011,55.13330357142858,55.13330357142858,56.46827956989247,50.245000000000005,50.245000000000005,92.48214285714286,110.87548003072197,55.13330357142858,55.80079157066053,92.48214285714286
2016,6,1,55.13330357142858,50.245000000000005,13.849642857142856,4.266428571428572,1.3728571428571428,29.70660714285714,92.48214285714286,92.48214285714286,92.48214285714286,55.13330357142858,55.13330357142858,55.13330357142858,50.245000000000005,50.245000000000005,92.48214285714286,104.74436763952893,55.13330357142858,55.57829557091654,92.48214285714286
2016,6,1,55.13330357142858,50.245000000000005,13.849642857142856,4.266428571428572,1.3728571428571428,29.70660714285714,92.48214285714286,92.48214285714286,92.48214285714286,55.13330357142858,55.13330357142858,55.13330357142858,50.245000000000005,50.245000000000005,92.48214285714286,98.6132552483359,55.13330357142858,55.35579957117256,92.48214285714286
2016,6,1,55.13330357142858,50.245000000000005,13.849642857142856,4.266428571428572,1.3728571428571428,29.70660714285714,92.48214285714286,92.48214285714286,92.48214285714286,55.13330357142858,55.13330357142858,55.13330357142858,50.245000000000005,50.245000000000005,92.48214285714286,92.48214285714286,55.13330357142858,55.13330357142858,92.48214285714286
2016,6,1,55.13330357142858,50.245000000000005,13.849642857142856,4.266428571428572,1.3728571428571428,29.70660714285714,92.48214285714286,92.48214285714286,92.48214285714286,55.13330357142858,55.13330357142858,55.13330357142858,50.245000000000005,50.245000000000005,92.48214285714286,92.48214285714286,55.13330357142858,55.13330357142858,92.48214285714286
2016,6,1,55.13330357142858,50.245000000000005,13.849642857142856,4.266428571428572,1.3728571428571428,29.70660714285714,92.48214285714286,92.48214285714286,92.48214285714286,55.13330357142858,55.13330357142858,55.13330357142858,50.245000000000005,50.245000000000005,92.48214285714286,92.48214285714286,55.13330357142858,55.13330357142858,92.48214285714286
2016,6,1,55.13330357142858,50.245000000000005,13.849642857142856,4.266428571428572,1.3728571428571428,29.70660714285714,92.48214285714286,92.48214285714286,92.48214285714286,55.13330357142858,55.13330357142858,55.13330357142858,50.245000000000005,50.245000000000005,92.48214285714286,92.48214285714286,55.13330357142858,55.13330357142858,92.48214285714286
2016,6,1,55.13330357142858,50.245000000000005,13.849642857142856,4.266428571428572,1.3728571428571428,29.70660714285714,92.48214285714286,92.48214285714286,92.48214285714286,55.13330357142858,55.13330357142858,55.13330357142858,50.245000000000005,50.245000000000005,92.48214285714286,92.48214285714286,55.13330357142858,55.13330357142858,92.48214285714286
2016,7,1,42.99268292682927,50.245000000000005,14.160365853658538,4.529634146341463,1.1968292682926829,22.42390243902439,92.48214285714286,92.48214285714286,92.48214285714286,55.13330357142858,55.13330357142858,55.13330357142858,50.245000000000005,50.245000000000005,94.48403019744484,93.48308652729385,51.08643002322881,53.10986679732869,98.48780487804878
2016,7,1,42.99268292682927,50.245000000000005,14.160365853658538,4.529634146341463,1.1968292682926829,22.42390243902439,98.48780487804878,92.48214285714286,92.48214285714286,42.99268292682927,55.13330357142858,55.13330357142858,50.245000000000005,50.245000000000005,96.4859175377468,94.48403019744482,47.03955647502904,51.08643002322881,98.48780487804878
2016,7,1,42.99268292682927,50.245000000000005,14.160365853658538,4.529634146341463,1.1968292682926829,22.42390243902439,98.48780487804878,98.48780487804878,92.48214285714286,42.99268292682927,42.99268292682927,55.13330357142858,50.245000000000005,50.245000000000005,98.48780487804878,95.48497386759583,42.99268292682927,49.06299324912893,98.48780487804878
2016,7,1,42.99268292682927,50.245000000000005,14.160365853658538,4.529634146341463,1.1968292682926829,22.42390243902439,98.48780487804878,98.48780487804878,98.48780487804878,42.99268292682927,42.99268292682927,42.99268292682927,50.245000000000005,50.245000000000005,98.48780487804878,96.4859175377468,42.99268292682927,47.03955647502903,98.48780487804878
2016,7,1,42.99268292682927,50.245000000000005,14.160365853658538,4.529634146341463,1.1968292682926829,22.42390243902439,98.48780487804878,98.48780487804878,98.48780487804878,42.99268292682927,42.99268292682927,42.99268292682927,50.245000000000005,50.245000000000005,98.48780487804878,97.48686120789779,42.99268292682927,45.01611970092915,98.48780487804878
2016,7,1,42.99268292682927,50.245000000000005,14.160365853658538,4.529634146341463,1.1968292682926829,22.42390243902439,98.48780487804878,98.48780487804878,98.48780487804878,42.99268292682927,42.99268292682927,42.99268292682927,50.245000000000005,50.245000000000005,98.48780487804878,98.48780487804878,42.99268292682927,42.99268292682927,98.48780487804878
2016,7,1,42.99268292682927,50.245000000000005,14.160365853658538,4.529634146341463,1.1968292682926829,22.42390243902439,98.48780487804878,98.48780487804878,98.48780487804878,42.99268292682927,42.99268292682927,42.99268292682927,50.245000000000005,50.245000000000005,98.48780487804878,98.48780487804878,42.99268292682927,42.99268292682927,98.48780487804878
2016,7,1,42.99268292682927,50.245000000000005,14.160365853658538,4.529634146341463,1.1968292682926829,22.42390243902439,98.48780487804878,98.48780487804878,98.48780487804878,42.99268292682927,42.99268292682927,42.99268292682927,50.245000000000005,50.245000000000005,98.48780487804878,98.48780487804878,42.99268292682927,42.99268292682927,98.48780487804878
2016,7,1,42.99268292682927,50.245000000000005,14.160365853658538,4.529634146341463,1.1968292682926829,22.42390243902439,98.48780487804878,98.48780487804878,98.48780487804878,42.99268292682927,42.99268292682927,42.99268292682927,50.245000000000005,50.245000000000005,98.48780487804878,98.48780487804878,42.99268292682927,42.99268292682927,98.48780487804878
2016,7,1,42.99268292682927,50.245000000000005,14.160365853658538,4.529634146341463,1.1968292682926829,22.42390243902439,98.48780487804878,98.48780487804878,98.48780487804878,42.99268292682927,42.99268292682927,42.99268292682927,50.245000000000005,50.245000000000005,98.48780487804878,98.48780487804878,42.99268292682927,42.99268292682927,98.48780487804878
2016,8,1,36.36171232876712,50.245000000000005,13.17068493150685,4.3878082191780825,10.661917808219178,23.34931506849315,98.48780487804878,98.48780487804878,98.48780487804878,42.99268292682927,42.99268292682927,42.99268292682927,50.245000000000005,50.245000000000005,108.72246352600511,103.60513420202695,40.782359394141885,41.887521160485576,129.1917808219178
2016,8,1,36.36171232876712,50.245000000000005,13.17068493150685,4.3878082191780825,10.661917808219178,23.34931506849315,129.1917808219178,98.48780487804878,98.48780487804878,36.36171232876712,42.99268292682927,42.99268292682927,50.245000000000005,50.245000000000005,118.95712217396147,108.72246352600511,38.5720358614545,40.782359394141885,129.1917808219178
2016,8,1,36.36171232876712,50.245000000000005,13.17068493150685,4.3878082191780825,10.661917808219178,23.34931506849315,129.1917808219178,129.1917808219178,98.48780487804878,36.36171232876712,36.36171232876712,42.99268292682927,50.245000000000005,50.245000000000005,129.1917808219178,113.83979284998328,36.36171232876712,39.67719762779819,129.1917808219178
2016,8,1,36.36171232876712,50.245000000000005,13.17068493150685,4.3878082191780825,10.661917808219178,23.34931506849315,129.1917808219178,129.1917808219178,129.1917808219178,36.36171232876712,36.36171232876712,36.36171232876712,50.245000000000005,50.245000000000005,129.1917808219178,118.95712217396147,36.36171232876712,38.5720358614545,129.1917808219178
2016,8,1,36.36171232876712,50.245000000000005,13.17068493150685,4.3878082191780825,10.661917808219178,23.34931506849315,129.1917808219178,129.1917808219178,129.1917808219178,36.36171232876712,36.36171232876712,36.36171232876712,50.245000000000005,50.245000000000005,129.1917808219178,124.07445149793962,36.36171232876712,37.46687409511081,129.1917808219178
2016,8,1,36.36171232876712,50.245000000000005,13.17068493150685,4.3878082191780825,10.661917808219178,23.34931506849315,129.1917808219178,129.1917808219178,129.1917808219178,36.36171232876712,36.36171232876712,36.36171232876712,50.245000000000005,50.245000000000005,129.1917808219178,129.1917808219178,36.36171232876712,36.36171232876712,129.1917808219178
2016,8,1,36.36171232876712,50.245000000000005,13.17068493150685,4.3878082191780825,10.661917808219178,23.34931506849315,129.1917808219178,129.1917808219178,129.1917808219178,36.36171232876712,36.36171232876712,36.36171232876712,50.245000000000005,50.245000000000005,129.1917808219178,129.1917808219178,36.36171232876712,36.36171232876712,129.1917808219178
2016,8,1,36.36171232876712,50.245000000000005,13.17068493150685,4.3878082191780825,10.661917808219178,23.34931506849315,129.1917808219178,129.1917808219178,129.1917808219178,36.36171232876712,36.36171232876712,36.36171232876712,50.245000000000005,50.245000000000005,129.1917808219178,129.1917808219178,36.36171232876712,36.36171232876712,129.1917808219178
2016,8,1,36.36171232876712,50.245000000000005,13.17068493150685,4.3878082191780825,10.661917808219178,23.34931506849315,129.1917808219178,129.1917808219178,129.1917808219178,36.36171232876712,36.36171232876712,36.36171232876712,50.245000000000005,50.245000000000005,129.1917808219178,129.1917808219178,36.36171232876712,36.36171232876712,129.1917808219178
2016,8,1,36.36171232876712,50.245000000000005,13.17068493150685,4.3878082191780825,10.661917808219178,23.34931506849315,129.1917808219178,129.1917808219178,129.1917808219178,36.36171232876712,36.36171232876712,36.36171232876712,50.245000000000005,50.245000000000005,129.1917808219178,129.1917808219178,36.36171232876712,36.36171232876712,129.1917808219178
2016,9,1,33.84480392156863,50.245000000000005,19.32921568627451,3.464705882352941,11.023921568627452,23.192156862745097,129.1917808219178,129.1917808219178,129.1917808219178,36.36171232876712,36.36171232876712,36.36171232876712,50.245000000000005,50.245000000000005,143.7487689139583,136.47027486793806,35.522742859700955,35.94222759423403,172.86274509803923
2016,9,1,33.84480392156863,50.245000000000005,19.32921568627451,3.464705882352941,11.023921568627452,23.192156862745097,172.86274509803923,129.1917808219178,129.1917808219178,33.84480392156863,36.36171232876712,36.36171232876712,50.245000000000005,50.245000000000005,158.30575700599877,143.7487689139583,34.68377339063479,35.522742859700955,172.86274509803923
2016,9,1,33.84480392156863,50.245000000000005,19.32921568627451,3.464705882352941,11.023921568627452,23.192156862745097,172.86274509803923,172.86274509803923,129.1917808219178,33.84480392156863,33.84480392156863,36.36171232876712,50.245000000000005,50.245000000000005,172.86274509803923,151.02726295997851,33.84480392156863,35.103258125167876,172.86274509803923
2016,9,1,33.84480392156863,50.245000000000005,19.32921568627451,3.464705882352941,11.023921568627452,23.192156862745097,172.86274509803923,172.86274509803923,172.86274509803923,33.84480392156863,33.84480392156863,33.84480392156863,50.245000000000005,50.245000000000005,172.86274509803923,158.30575700599877,33.84480392156863,34.68377339063479,172.86274509803923
2016,9,1,33.84480392156863,50.245000000000005,19.32921568627451,3.464705882352941,11.023921568627452,23.192156862745097,172.86274509803923,172.86274509803923,172.86274509803923,33.84480392156863,33.84480392156863,33.84480392156863,50.245000000000005,50.245000000000005,172.86274509803923,165.584251052019,33.84480392156863,34.264288656101705,172.86274509803923
2016,9,1,33.84480392156863,50.245000000000005,19.32921568627451,3.464705882352941,11.023921568627452,23.192156862745097,172.86274509803923,172.86274509803923,172.86274509803923,33.84480392156863,33.84480392156863,33.84480392156863,50.245000000000005,50.245000000000005,172.86274509803923,172.86274509803923,33.84480392156863,33.84480392156863,172.86274509803923
2016,9,1,33.84480392156863,50.245000000000005,19.32921568627451,3.464705882352941,11.023921568627452,23.192156862745097,172.86274509803923,172.86274509803923,172.86274509803923,33.84480392156863,33.84480392156863,33.84480392156863,50.245000000000005,50.245000000000005,172.86274509803923,172.86274509803923,33.84480392156863,33.84480392156863,172.86274509803923
2016,9,1,33.84480392156863,50.245000000000005,19.32921568627451,3.464705882352941,11.023921568627452,23.192156862745097,172.86274509803923,172.86274509803923,172.86274509803923,33.84480392156863,33.84480392156863,33.84480392156863,50.245000000000005,50.245000000000005,172.86274509803923,172.86274509803923,33.84480392156863,33.84480392156863,172.86274509803923
2016,9,1,33.84480392156863,50.245000000000005,19.32921568627451,3.464705882352941,11.023921568627452,23.192156862745097,172.86274509803923,172.86274509803923,172.86274509803923,33.84480392156863,33.84480392156863,33.84480392156863,50.245000000000005,50.245000000000005,172.86274509803923,172.86274509803923,33.84480392156863,33.84480392156863,172.86274509803923
2016,9,1,33.84480392156863,50.245000000000005,19.32921568627451,3.464705882352941,11.023921568627452,23.192156862745097,172.86274509803923,172.86274509803923,172.86274509803923,33.84480392156863,33.84480392156863,33.84480392156863,50.245000000000005,50.245000000000005,172.86274509803923,172.86274509803923,33.84480392156863,33.84480392156863,172.86274509803923
2016,10,1,64.45467741935484,50.24500000000001,24.706451612903223,7.394193548387097,1.8806451612903223,46.31516129032258,172.86274509803923,172.86274509803923,172.86274509803923,33.84480392156863,33.84480392156863,33.84480392156863,50.245000000000005,50.245000000000005,164.79021716213367,168.82648113008645,44.04809508749736,38.946449504533,148.6451612903226
2016,10,1,64.45467741935484,50.24500000000001,24.706451612903223,7.394193548387097,1.8806451612903223,46.31516129032258,148.6451612903226,172.86274509803923,172.86274509803923,64.45467741935484,33.84480392156863,33.84480392156863,50.24500000000001,50.245000000000005,156.71768922622812,164.7902171621337,54.2513862534261,44.04809508749736,148.6451612903226
2016,10,1,64.45467741935484,50.24500000000001,24.706451612903223,7.394193548387097,1.8806451612903223,46.31516129032258,148.6451612903226,148.6451612903226,172.86274509803923,64.45467741935484,64.45467741935484,33.84480392156863,50.24500000000001,50.24500000000001,148.6451612903226,160.75395319418092,64.45467741935484,49.14974067046173,148.6451612903226
2016,10,1,64.45467741935484,50.24500000000001,24.706451612903223,7.394193548387097,1.8806451612903223,46.31516129032258,148.6451612903226,148.6451612903226,148.6451612903226,64.45467741935484,64.45467741935484,64.45467741935484,50.24500000000001,50.24500000000001,148.6451612903226,156.71768922622815,64.45467741935484,54.2513862534261,148.6451612903226
2016,10,1,64.45467741935484,50.24500000000001,24.706451612903223,7.394193548387097,1.8806451612903223,46.31516129032258,148.6451612903226,148.6451612903226,148.6451612903226,64.45467741935484,64.45467741935484,64.45467741935484,50.24500000000001,50.24500000000001,148.6451612903226,152.68142525827537,64.45467741935484,59.35303183639047,148.6451612903226
2016,10,1,64.45467741935484,50.24500000000001,24.706451612903223,7.394193548387097,1.8806451612903223,46.31516129032258,148.6451612903226,148.6451612903226,148.6451612903226,64.45467741935484,64.45467741935484,64.45467741935484,50.24500000000001,50.24500000000001,148.6451612903226,148.6451612903226,64.45467741935484,64.45467741935484,148.6451612903226
2016,10,1,64.45467741935484,50.24500000000001,24.706451612903223,7.394193548387097,1.8806451612903223,46.31516129032258,148.6451612903226,148.6451612903226,148.6451612903226,64.45467741935484,64.45467741935484,64.45467741935484,50.24500000000001,50.24500000000001,148.6451612903226,148.6451612903226,64.45467741935484,64.45467741935484,148.6451612903226
2016,10,1,64.45467741935484,50.24500000000001,24.706451612903223,7.394193548387097,1.8806451612903223,46.31516129032258,148.6451612903226,148.6451612903226,148.6451612903226,64.45467741935484,64.45467741935484,64.45467741935484,50.24500000000001,50.24500000000001,148.6451612903226,148.6451612903226,64.45467741935484,64.45467741935484,148.6451612903226
2016,10,1,64.45467741935484,50.24500000000001,24.706451612903223,7.394193548387097,1.8806451612903223,46.31516129032258,148.6451612903226,148.6451612903226,148.6451612903226,64.45467741935484,64.45467741935484,64.45467741935484,50.24500000000001,50.24500000000001,148.6451612903226,148.6451612903226,64.45467741935484,64.45467741935484,148.6451612903226
2016,10,1,64.45467741935484,50.24500000000001,24.706451612903223,7.394193548387097,1.8806451612903223,46.31516129032258,148.6451612903226,148.6451612903226,148.6451612903226,64.45467741935484,64.45467741935484,64.45467741935484,50.24500000000001,50.24500000000001,148.6451612903226,148.6451612903226,64.45467741935484,64.45467741935484,148.6451612903226
2016,11,1,68.9215625,50.245000000000005,24.4090625,4.5825000000000005,1.27875,41.2640625,148.6451612903226,148.6451612903226,148.6451612903226,64.45467741935484,64.45467741935484,64.45467741935484,50.24500000000001,50.24500000000001,145.07594086021507,146.86055107526883,65.94363911290323,65.19915826612903,137.9375
2016,11,1,68.9215625,50.245000000000005,24.4090625,4.5825000000000005,1.27875,41.2640625,137.9375,148.6451612903226,148.6451612903226,68.9215625,64.45467741935484,64.45467741935484,50.245000000000005,50.24500000000001,141.50672043010752,145.07594086021507,67.4326008064516,65.94363911290323,137.9375
2016,11,1,68.9215625,50.245000000000005,24.4090625,4.5825000000000005,1.27875,41.2640625,137.9375,137.9375,148.6451612903226,68.9215625,68.9215625,64.45467741935484,50.245000000000005,50.245000000000005,137.9375,143.2913306451613,68.9215625,66.68811995967742,137.9375
2016,11,1,68.9215625,50.245000000000005,24.4090625,4.5825000000000005,1.27875,41.2640625,137.9375,137.9375,137.9375,68.9215625,68.9215625,68.9215625,50.245000000000005,50.245000000000005,137.9375,141.50672043010752,68.9215625,67.43260080645162,137.9375
2016,11,1,68.9215625,50.245000000000005,24.4090625,4.5825000000000005,1.27875,41.2640625,137.9375,137.9375,137.9375,68.9215625,68.9215625,68.9215625,50.245000000000005,50.245000000000005,137.9375,139.72211021505376,68.9215625,68.1770816532258,137.9375
2016,11,1,68.9215625,50.245000000000005,24.4090625,4.5825000000000005,1.27875,41.2640625,137.9375,137.9375,137.9375,68.9215625,68.9215625,68.9215625,50.245000000000005,50.245000000000005,137.9375,137.9375,68.9215625,68.9215625,137.9375
2016,11,1,68.9215625,50.245000000000005,24.4090625,4.5825000000000005,1.27875,41.2640625,137.9375,137.9375,137.9375,68.9215625,68.9215625,68.9215625,50.245000000000005,50.245000000000005,137.9375,137.9375,68.9215625,68.9215625,137.9375
2016,11,1,68.9215625,50.245000000000005,24.4090625,4.5825000000000005,1.27875,41.2640625,137.9375,137.9375,137.9375,68.9215625,68.9215625,68.9215625,50.245000000000005,50.245000000000005,137.9375,137.9375,68.9215625,68.9215625,137.9375
2016,11,1,68.9215625,50.245000000000005,24.4090625,4.5825000000000005,1.27875,41.2640625,137.9375,137.9375,137.9375,68.9215625,68.9215625,68.9215625,50.245000000000005,50.245000000000005,137.9375,137.9375,68.9215625,68.9215625,137.9375
2016,11,1,68.9215625,50.245000000000005,24.4090625,4.5825000000000005,1.27875,41.2640625,137.9375,137.9375,137.9375,68.9215625,68.9215625,68.9215625,50.245000000000005,50.245000000000005,137.9375,137.9375,68.9215625,68.9215625,137.9375
2016,12,1,58.87166666666667,50.245000000000005,25.24333333333333,4.225333333333333,1.514,33.199333333333335,137.9375,137.9375,137.9375,68.9215625,68.9215625,68.9215625,50.245000000000005,50.245000000000005,130.33611111111114,134.13680555555555,65.57159722222222,67.2465798611111,115.13333333333334
2016,12,1,58.87166666666667,50.245000000000005,25.24333333333333,4.225333333333333,1.514,33.199333333333335,115.13333333333334,137.9375,137.9375,58.87166666666667,68.9215625,68.9215625,50.245000000000005,50.245000000000005,122.73472222222222,130.3361111111111,62.22163194444445,65.57159722222222,115.13333333333334
2016,12,1,58.87166666666667,50.245000000000005,25.24333333333333,4.225333333333333,1.514,33.199333333333335,115.13333333333334,115.13333333333334,137.9375,58.87166666666667,58.87166666666667,68.9215625,50.245000000000005,50.245000000000005,115.13333333333334,126.53541666666666,58.87166666666667,63.89661458333333,115.13333333333334
2016,12,1,58.87166666666667,50.245000000000005,25.24333333333333,4.225333333333333,1.514,33.199333333333335,115.13333333333334,115.13333333333334,115.13333333333334,58.87166666666667,58.87166666666667,58.87166666666667,50.245000000000005,50.245000000000005,115.13333333333334,122.73472222222222,58.87166666666667,62.22163194444445,115.13333333333334
2016,12,1,58.87166666666667,50.245000000000005,25.24333333333333,4.225333333333333,1.514,33.199333333333335,115.13333333333334,115.13333333333334,115.13333333333334,58.87166666666667,58.87166666666667,58.87166666666667,50.245000000000005,50.245000000000005,115.13333333333334,118.93402777777779,58.87166666666667,60.546649305555555,115.13333333333334
2016,12,1,58.87166666666667,50.245000000000005,25.24333333333333,4.225333333333333,1.514,33.199333333333335,115.13333333333334,115.13333333333334,115.13333333333334,58.87166666666667,58.87166666666667,58.87166666666667,50.245000000000005,50.245000000000005,115.13333333333334,115.13333333333334,58.87166666666667,58.87166666666667,115.13333333333334
2016,12,1,58.87166666666667,50.245000000000005,25.24333333333333,4.225333333333333,1.514,33.199333333333335,115.13333333333334,115.13333333333334,115.13333333333334,58.87166666666667,58.87166666666667,58.87166666666667,50.245000000000005,50.245000000000005,115.13333333333334,115.13333333333334,58.87166666666667,58.87166666666667,115.13333333333334
2016,12,1,58.87166666666667,50.245000000000005,25.24333333333333,4.225333333333333,1.514,33.199333333333335,115.13333333333334,115.13333333333334,115.13333333333334,58.87166666666667,58.87166666666667,58.87166666666667,50.245000000000005,50.245000000000005,115.13333333333334,115.13333333333334,58.87166666666667,58.87166666666667,115.13333333333334
2016,12,1,58.87166666666667,50.245000000000005,25.24333333333333,4.225333333333333,1.514,33.199333333333335,115.13333333333334,115.13333333333334,115.13333333333334,58.87166666666667,58.87166666666667,58.87166666666667,50.245000000000005,50.245000000000005,115.13333333333334,115.13333333333334,58.87166666666667,58.87166666666667,115.13333333333334
2016,12,1,58.87166666666667,50.245000000000005,25.24333333333333,4.225333333333333,1.514,33.199333333333335,115.13333333333334,115.13333333333334,115.13333333333334,58.87166666666667,58.87166666666667,58.87166666666667,50.245000000000005,50.245000000000005,115.13333333333334,115.13333333333334,58.87166666666667,58.87166666666667,115.13333333333334
2017,1,1,69.23096774193547,50.24500000000001,13.825806451612904,4.742258064516129,1.027741935483871,38.44967741935484,115.13333333333334,115.13333333333334,115.13333333333334,58.87166666666667,58.87166666666667,58.87166666666667,50.245000000000005,50.245000000000005,118.22867383512545,116.6810035842294,62.324767025089606,60.59821684587814,124.41935483870968
2017,1,1,69.23096774193547,50.24500000000001,13.825806451612904,4.742258064516129,1.027741935483871,38.44967741935484,124.41935483870968,115.13333333333334,115.13333333333334,69.23096774193547,58.87166666666667,58.87166666666667,50.24500000000001,50.245000000000005,121.32401433691757,118.22867383512545,65.77786738351254,62.324767025089606,124.41935483870968
2017,1,1,69.23096774193547,50.24500000000001,13.825806451612904,4.742258064516129,1.027741935483871,38.44967741935484,124.41935483870968,124.41935483870968,115.13333333333334,69.23096774193547,69.23096774193547,58.87166666666667,50.24500000000001,50.24500000000001,124.41935483870968,119.7763440860215,69.23096774193547,64.05131720430107,124.41935483870968
2017,1,1,69.23096774193547,50.24500000000001,13.825806451612904,4.742258064516129,1.027741935483871,38.44967741935484,124.41935483870968,124.41935483870968,124.41935483870968,69.23096774193547,69.23096774193547,69.23096774193547,50.24500000000001,50.24500000000001,124.41935483870968,121.32401433691757,69.23096774193547,65.77786738351254,124.41935483870968
2017,1,1,69.23096774193547,50.24500000000001,13.825806451612904,4.742258064516129,1.027741935483871,38.44967741935484,124.41935483870968,124.41935483870968,124.41935483870968,69.23096774193547,69.23096774193547,69.23096774193547,50.24500000000001,50.24500000000001,124.41935483870968,122.87168458781362,69.23096774193547,67.50441756272402,124.41935483870968
2017,1,1,69.23096774193547,50.24500000000001,13.825806451612904,4.742258064516129,1.027741935483871,38.44967741935484,124.41935483870968,124.41935483870968,124.41935483870968,69.23096774193547,69.23096774193547,69.23096774193547,50.24500000000001,50.24500000000001,124.41935483870968,124.41935483870968,69.23096774193547,69.23096774193547,124.41935483870968
2017,1,1,69.23096774193547,50.24500000000001,13.825806451612904,4.742258064516129,1.027741935483871,38.44967741935484,124.41935483870968,124.41935483870968,124.41935483870968,69.23096774193547,69.23096774193547,69.23096774193547,50.24500000000001,50.24500000000001,124.41935483870968,124.41935483870968,69.23096774193547,69.23096774193547,124.41935483870968
2017,1,1,69.23096774193547,50.24500000000001,13.825806451612904,4.742258064516129,1.027741935483871,38.44967741935484,124.41935483870968,124.41935483870968,124.41935483870968,69.23096774193547,69.23096774193547,69.23096774193547,50.24500000000001,50.24500000000001,124.41935483870968,124.41935483870968,69.23096774193547,69.23096774193547,124.41935483870968
2017,1,1,69.23096774193547,50.24500000000001,13.825806451612904,4.742258064516129,1.027741935483871,38.44967741935484,124.41935483870968,124.41935483870968,124.41935483870968,69.23096774193547,69.23096774193547,69.23096774193547,50.24500000000001,50.24500000000001,124.41935483870968,124.41935483870968,69.23096774193547,69.23096774193547,124.41935483870968
2017,1,1,69.23096774193547,50.24500000000001,13.825806451612904,4.742258064516129,1.027741935483871,38.44967741935484,124.41935483870968,124.41935483870968,124.41935483870968,69.23096774193547,69.23096774193547,69.23096774193547,50.24500000000001,50.24500000000001,124.41935483870968,124.41935483870968,69.23096774193547,69.23096774193547,124.41935483870968
2017,2,1,62.58142857142857,50.245000000000005,14.624642857142858,3.825357142857143,1.0453571428571429,34.53214285714286,124.41935483870968,124.41935483870968,124.41935483870968,69.23096774193547,69.23096774193547,69.23096774193547,50.24500000000001,50.24500000000001,123.06528417818741,123.74231950844855,67.01445468509984,68.12271121351766,120.35714285714286
2017,2,1,62.58142857142857,50.245000000000005,14.624642857142858,3.825357142857143,1.0453571428571429,34.53214285714286,120.35714285714286,124.41935483870968,124.41935483870968,62.58142857142857,69.23096774193547,69.23096774193547,50.245000000000005,50.24500000000001,121.71121351766514,123.06528417818743,64.7979416282642,67.01445468509984,120.35714285714286
2017,2,1,62.58142857142857,50.245000000000005,14.624642857142858,3.825357142857143,1.0453571428571429,34.53214285714286,120.35714285714286,120.35714285714286,124.41935483870968,62.58142857142857,62.58142857142857,69.23096774193547,50.245000000000005,50.245000000000005,120.35714285714286,122.38824884792626,62.58142857142857,65.90619815668202,120.35714285714286
2017,2,1,62.58142857142857,50.245000000000005,14.624642857142858,3.825357142857143,1.0453571428571429,34.53214285714286,120.35714285714286,120.35714285714286,120.35714285714286,62.58142857142857,62.58142857142857,62.58142857142857,50.245000000000005,50.245000000000005,120.35714285714286,121.71121351766514,62.58142857142857,64.7979416282642,120.35714285714286
2017,2,1,62.58142857142857,50.245000000000005,14.624642857142858,3.825357142857143,1.0453571428571429,34.53214285714286,120.35714285714286,120.35714285714286,120.35714285714286,62.58142857142857,62.58142857142857,62.58142857142857,50.245000000000005,50.245000000000005,120.35714285714286,121.034178187404,62.58142857142857,63.68968509984638,120.35714285714286
2017,2,1,62.58142857142857,50.245000000000005,14.624642857142858,3.825357142857143,1.0453571428571429,34.53214285714286,120.35714285714286,120.35714285714286,120.35714285714286,62.58142857142857,62.58142857142857,62.58142857142857,50.245000000000005,50.245000000000005,120.35714285714286,120.35714285714286,62.58142857142857,62.58142857142857,120.35714285714286
2017,2,1,62.58142857142857,50.245000000000005,14.624642857142858,3.825357142857143,1.0453571428571429,34.53214285714286,120.35714285714286,120.35714285714286,120.35714285714286,62.58142857142857,62.58142857142857,62.58142857142857,50.245000000000005,50.245000000000005,120.35714285714286,120.35714285714286,62.58142857142857,62.58142857142857,120.35714285714286
2017,2,1,62.58142857142857,50.245000000000005,14.624642857142858,3.825357142857143,1.0453571428571429,34.53214285714286,120.35714285714286,120.35714285714286,120.35714285714286,62.58142857142857,62.58142857142857,62.58142857142857,50.245000000000005,50.245000000000005,120.35714285714286,120.35714285714286,62.58142857142857,62.58142857142857,120.35714285714286
2017,2,1,62.58142857142857,50.245000000000005,14.624642857142858,3.825357142857143,1.0453571428571429,34.53214285714286,120.35714285714286,120.35714285714286,120.35714285714286,62.58142857142857,62.58142857142857,62.58142857142857,50.245000000000005,50.245000000000005,120.35714285714286,120.35714285714286,62.58142857142857,62.58142857142857,120.35714285714286
2017,2,1,62.58142857142857,50.245000000000005,14.624642857142858,3.825357142857143,1.0453571428571429,34.53214285714286,120.35714285714286,120.35714285714286,120.35714285714286,62.58142857142857,62.58142857142857,62.58142857142857,50.245000000000005,50.245000000000005,120.35714285714286,120.35714285714286,62.58142857142857,62.58142857142857,120.35714285714286
2017,3,1,60.38225806451613,50.24500000000001,11.27258064516129,3.400645161290323,1.278709677419355,23.79741935483871,120.35714285714286,120.35714285714286,120.35714285714286,62.58142857142857,62.58142857142857,62.58142857142857,50.245000000000005,50.245000000000005,117.11981566820276,118.73847926267281,61.84837173579109,62.214900153609825,110.64516129032258
2017,3,1,60.38225806451613,50.24500000000001,11.27258064516129,3.400645161290323,1.278709677419355,23.79741935483871,110.64516129032258,120.35714285714286,120.35714285714286,60.38225806451613,62.58142857142857,62.58142857142857,50.24500000000001,50.245000000000005,113.88248847926268,117.11981566820276,61.11531490015361,61.84837173579109,110.64516129032258
2017,3,1,60.38225806451613,50.24500000000001,11.27258064516129,3.400645161290323,1.278709677419355,23.79741935483871,110.64516129032258,110.64516129032258,120.35714285714286,60.38225806451613,60.38225806451613,62.58142857142857,50.24500000000001,50.24500000000001,110.64516129032258,115.50115207373273,60.38225806451613,61.48184331797234,110.64516129032258
2017,3,1,60.38225806451613,50.24500000000001,11.27258064516129,3.400645161290323,1.278709677419355,23.79741935483871,110.64516129032258,110.64516129032258,110.64516129032258,60.38225806451613,60.38225806451613,60.38225806451613,50.24500000000001,50.24500000000001,110.64516129032258,113.88248847926268,60.38225806451613,61.11531490015361,110.64516129032258
2017,3,1,60.38225806451613,50.24500000000001,11.27258064516129,3.400645161290323,1.278709677419355,23.79741935483871,110.64516129032258,110.64516129032258,110.64516129032258,60.38225806451613,60.38225806451613,60.38225806451613,50.24500000000001,50.24500000000001,110.64516129032258,112.26382488479261,60.38225806451613,60.74878648233487,110.64516129032258
2017,3,1,60.38225806451613,50.24500000000001,11.27258064516129,3.400645161290323,1.278709677419355,23.79741935483871,110.64516129032258,110.64516129032258,110.64516129032258,60.38225806451613,60.38225806451613,60.38225806451613,50.24500000000001,50.24500000000001,110.64516129032258,110.64516129032258,60.38225806451613,60.38225806451613,110.64516129032258
2017,3,1,60.38225806451613,50.24500000000001,11.27258064516129,3.400645161290323,1.278709677419355,23.79741935483871,110.64516129032258,110.64516129032258,110.64516129032258,60.38225806451613,60.38225806451613,60.38225806451613,50.24500000000001,50.24500000000001,110.64516129032258,110.64516129032258,60.38225806451613,60.38225806451613,110.64516129032258
2017,3,1,60.38225806451613,50.24500000000001,11.27258064516129,3.400645161290323,1.278709677419355,23.79741935483871,110.64516129032258,110.64516129032258,110.64516129032258,60.38225806451613,60.38225806451613,60.38225806451613,50.24500000000001,50.24500000000001,110.64516129032258,110.64516129032258,60.38225806451613,60.38225806451613,110.64516129032258
2017,3,1,60.38225806451613,50.24500000000001,11.27258064516129,3.400645161290323,1.278709677419355,23.79741935483871,110.64516129032258,110.64516129032258,110.64516129032258,60.38225806451613,60.38225806451613,60.38225806451613,50.24500000000001,50.24500000000001,110.64516129032258,110.64516129032258,60.38225806451613,60.38225806451613,110.64516129032258
2017,3,1,60.38225806451613,50.24500000000001,11.27258064516129,3.400645161290323,1.278709677419355,23.79741935483871,110.64516129032258,110.64516129032258,110.64516129032258,60.38225806451613,60.38225806451613,60.38225806451613,50.24500000000001,50.24500000000001,110.64516129032258,110.64516129032258,60.38225806451613,60.38225806451613,110.64516129032258
2017,4,1,56.89233333333333,50.245000000000005,10.583,5.549,1.0673333333333337,32.211666666666666,110.64516129032258,110.64516129032258,110.64516129032258,60.38225806451613,60.38225806451613,60.38225806451613,50.24500000000001,50.24500000000001,108.96344086021504,109.80430107526881,59.21894982078853,59.80060394265234,105.6
2017,4,1,56.89233333333333,50.245000000000005,10.583,5.549,1.0673333333333337,32.211666666666666,105.6,110.64516129032258,110.64516129032258,56.89233333333333,60.38225806451613,60.38225806451613,50.245000000000005,50.24500000000001,107.28172043010754,108.96344086021504,58.05564157706093,59.21894982078853,105.6
2017,4,1,56.89233333333333,50.245000000000005,10.583,5.549,1.0673333333333337,32.211666666666666,105.6,105.6,110.64516129032258,56.89233333333333,56.89233333333333,60.38225806451613,50.245000000000005,50.245000000000005,105.6,108.12258064516129,56.89233333333333,58.63729569892473,105.6
2017,4,1,56.89233333333333,50.245000000000005,10.583,5.549,1.0673333333333337,32.211666666666666,105.6,105.6,105.6,56.89233333333333,56.89233333333333,56.89233333333333,50.245000000000005,50.245000000000005,105.6,107.28172043010751,56.89233333333333,58.05564157706093,105.6
2017,4,1,56.89233333333333,50.245000000000005,10.583,5.549,1.0673333333333337,32.211666666666666,105.6,105.6,105.6,56.89233333333333,56.89233333333333,56.89233333333333,50.245000000000005,50.245000000000005,105.6,106.44086021505375,56.89233333333333,57.473987455197125,105.6
2017,4,1,56.89233333333333,50.245000000000005,10.583,5.549,1.0673333333333337,32.211666666666666,105.6,105.6,105.6,56.89233333333333,56.89233333333333,56.89233333333333,50.245000000000005,50.245000000000005,105.6,105.6,56.89233333333333,56.89233333333333,105.6
2017,4,1,56.89233333333333,50.245000000000005,10.583,5.549,1.0673333333333337,32.211666666666666,105.6,105.6,105.6,56.89233333333333,56.89233333333333,56.89233333333333,50.245000000000005,50.245000000000005,105.6,105.6,56.89233333333333,56.89233333333333,105.6
2017,4,1,56.89233333333333,50.245000000000005,10.583,5.549,1.0673333333333337,32.211666666666666,105.6,105.6,105.6,56.89233333333333,56.89233333333333,56.89233333333333,50.245000000000005,50.245000000000005,105.6,105.6,56.89233333333333,56.89233333333333,105.6
2017,4,1,56.89233333333333,50.245000000000005,10.583,5.549,1.0673333333333337,32.211666666666666,105.6,105.6,105.6,56.89233333333333,56.89233333333333,56.89233333333333,50.245000000000005,50.245000000000005,105.6,105.6,56.89233333333333,56.89233333333333,105.6
2017,4,1,56.89233333333333,50.245000000000005,10.583,5.549,1.0673333333333337,32.211666666666666,105.6,105.6,105.6,56.89233333333333,56.89233333333333,56.89233333333333,50.245000000000005,50.245000000000005,105.6,105.6,56.89233333333333,56.89233333333333,105.6
2017,5,1,57.36354838709677,50.24500000000001,14.051290322580646,7.963225806451613,1.1287096774193548,44.10096774193549,105.6,105.6,105.6,56.89233333333333,56.89233333333333,56.89233333333333,50.245000000000005,50.245000000000005,110.9268817204301,108.26344086021506,57.049405017921146,56.97086917562725,121.58064516129032
2017,5,1,57.36354838709677,50.24500000000001,14.051290322580646,7.963225806451613,1.1287096774193548,44.10096774193549,121.58064516129032,105.6,105.6,57.36354838709677,56.89233333333333,56.89233333333333,50.24500000000001,50.245000000000005,116.25376344086021,110.9268817204301,57.20647670250895,57.049405017921146,121.58064516129032
2017,5,1,57.36354838709677,50.24500000000001,14.051290322580646,7.963225806451613,1.1287096774193548,44.10096774193549,121.58064516129032,121.58064516129032,105.6,57.36354838709677,57.36354838709677,56.89233333333333,50.24500000000001,50.24500000000001,121.58064516129032,113.59032258064515,57.36354838709677,57.127940860215055,121.58064516129032
2017,5,1,57.36354838709677,50.24500000000001,14.051290322580646,7.963225806451613,1.1287096774193548,44.10096774193549,121.58064516129032,121.58064516129032,121.58064516129032,57.36354838709677,57.36354838709677,57.36354838709677,50.24500000000001,50.24500000000001,121.58064516129032,116.25376344086021,57.36354838709677,57.20647670250896,121.58064516129032
2017,5,1,57.36354838709677,50.24500000000001,14.051290322580646,7.963225806451613,1.1287096774193548,44.10096774193549,121.58064516129032,121.58064516129032,121.58064516129032,57.36354838709677,57.36354838709677,57.36354838709677,50.24500000000001,50.24500000000001,121.58064516129032,118.91720430107527,57.36354838709677,57.28501254480286,121.58064516129032
2017,5,1,57.36354838709677,50.24500000000001,14.051290322580646,7.963225806451613,1.1287096774193548,44.10096774193549,121.58064516129032,121.58064516129032,121.58064516129032,57.36354838709677,57.36354838709677,57.36354838709677,50.24500000000001,50.24500000000001,121.58064516129032,121.58064516129032,57.36354838709677,57.36354838709677,121.58064516129032
2017,5,1,57.36354838709677,50.24500000000001,14.051290322580646,7.963225806451613,1.1287096774193548,44.10096774193549,121.58064516129032,121.58064516129032,121.58064516129032,57.36354838709677,57.36354838709677,57.36354838709677,50.24500000000001,50.24500000000001,121.58064516129032,121.58064516129032,57.36354838709677,57.36354838709677,121.58064516129032
2017,5,1,57.36354838709677,50.24500000000001,14.051290322580646,7.963225806451613,1.1287096774193548,44.10096774193549,121.58064516129032,121.58064516129032,121.58064516129032,57.36354838709677,57.36354838709677,57.36354838709677,50.24500000000001,50.24500000000001,121.58064516129032,121.58064516129032,57.36354838709677,57.36354838709677,121.58064516129032
2017,5,1,57.36354838709677,50.24500000000001,14.051290322580646,7.963225806451613,1.1287096774193548,44.10096774193549,121.58064516129032,121.58064516129032,121.58064516129032,57.36354838709677,57.36354838709677,57.36354838709677,50.24500000000001,50.24500000000001,121.58064516129032,121.58064516129032,57.36354838709677,57.36354838709677,121.58064516129032
2017,5,1,57.36354838709677,50.24500000000001,14.051290322580646,7.963225806451613,1.1287096774193548,44.10096774193549,121.58064516129032,121.58064516129032,121.58064516129032,57.36354838709677,57.36354838709677,57.36354838709677,50.24500000000001,50.24500000000001,121.58064516129032,121.58064516129032,57.36354838709677,57.36354838709677,121.58064516129032
2017,6,1,45.41666666666666,50.245000000000005,11.977666666666666,5.344666666666667,1.1323333333333332,28.18733333333333,121.58064516129032,121.58064516129032,121.58064516129032,57.36354838709677,57.36354838709677,57.36354838709677,50.24500000000001,50.24500000000001,108.10931899641577,114.84498207885305,53.381254480286735,55.37240143369175,81.16666666666667
2017,6,1,45.41666666666666,50.245000000000005,11.977666666666666,5.344666666666667,1.1323333333333332,28.18733333333333,81.16666666666667,121.58064516129032,121.58064516129032,45.41666666666666,57.36354838709677,57.36354838709677,50.245000000000005,50.24500000000001,94.63799283154123,108.10931899641577,49.3989605734767,53.381254480286735,81.16666666666667
2017,6,1,45.41666666666666,50.245000000000005,11.977666666666666,5.344666666666667,1.1323333333333332,28.18733333333333,81.16666666666667,81.16666666666667,121.58064516129032,45.41666666666666,45.41666666666666,57.36354838709677,50.245000000000005,50.245000000000005,81.16666666666667,101.3736559139785,45.41666666666666,51.390107526881714,81.16666666666667
2017,6,1,45.41666666666666,50.245000000000005,11.977666666666666,5.344666666666667,1.1323333333333332,28.18733333333333,81.16666666666667,81.16666666666667,81.16666666666667,45.41666666666666,45.41666666666666,45.41666666666666,50.245000000000005,50.245000000000005,81.16666666666667,94.63799283154123,45.41666666666666,49.39896057347669,81.16666666666667
2017,6,1,45.41666666666666,50.245000000000005,11.977666666666666,5.344666666666667,1.1323333333333332,28.18733333333333,81.16666666666667,81.16666666666667,81.16666666666667,45.41666666666666,45.41666666666666,45.41666666666666,50.245000000000005,50.245000000000005,81.16666666666667,87.90232974910394,45.41666666666666,47.40781362007167,81.16666666666667
2017,6,1,45.41666666666666,50.245000000000005,11.977666666666666,5.344666666666667,1.1323333333333332,28.18733333333333,81.16666666666667,81.16666666666667,81.16666666666667,45.41666666666666,45.41666666666666,45.41666666666666,50.245000000000005,50.245000000000005,81.16666666666667,81.16666666666667,45.41666666666666,45.41666666666666,81.16666666666667
2017,6,1,45.41666666666666,50.245000000000005,11.977666666666666,5.344666666666667,1.1323333333333332,28.18733333333333,81.16666666666667,81.16666666666667,81.16666666666667,45.41666666666666,45.41666666666666,45.41666666666666,50.245000000000005,50.245000000000005,81.16666666666667,81.16666666666667,45.41666666666666,45.41666666666666,81.16666666666667
2017,6,1,45.41666666666666,50.245000000000005,11.977666666666666,5.344666666666667,1.1323333333333332,28.18733333333333,81.16666666666667,81.16666666666667,81.16666666666667,45.41666666666666,45.41666666666666,45.41666666666666,50.245000000000005,50.245000000000005,81.16666666666667,81.16666666666667,45.41666666666666,45.41666666666666,81.16666666666667
2017,6,1,45.41666666666666,50.245000000000005,11.977666666666666,5.344666666666667,1.1323333333333332,28.18733333333333,81.16666666666667,81.16666666666667,81.16666666666667,45.41666666666666,45.41666666666666,45.41666666666666,50.245000000000005,50.245000000000005,81.16666666666667,81.16666666666667,45.41666666666666,45.41666666666666,81.16666666666667
2017,6,1,45.41666666666666,50.245000000000005,11.977666666666666,5.344666666666667,1.1323333333333332,28.18733333333333,81.16666666666667,81.16666666666667,81.16666666666667,45.41666666666666,45.41666666666666,45.41666666666666,50.245000000000005,50.245000000000005,81.16666666666667,81.16666666666667,45.41666666666666,45.41666666666666,81.16666666666667
2017,7,1,53.98290322580645,50.24500000000001,14.18483870967742,4.937741935483871,1.124516129032258,23.065161290322585,81.16666666666667,81.16666666666667,81.16666666666667,45.41666666666666,45.41666666666666,45.41666666666666,50.245000000000005,50.245000000000005,88.11111111111113,84.6388888888889,48.272078853046594,46.84437275985662,102.0
2017,7,1,53.98290322580645,50.24500000000001,14.18483870967742,4.937741935483871,1.124516129032258,23.065161290322585,102.0,81.16666666666667,81.16666666666667,53.98290322580645,45.41666666666666,45.41666666666666,50.24500000000001,50.245000000000005,95.05555555555554,88.11111111111113,51.12749103942652,48.27207885304659,102.0
2017,7,1,53.98290322580645,50.24500000000001,14.18483870967742,4.937741935483871,1.124516129032258,23.065161290322585,102.0,102.0,81.16666666666667,53.98290322580645,53.98290322580645,45.41666666666666,50.24500000000001,50.24500000000001,102.0,91.58333333333333,53.98290322580645,49.699784946236555,102.0
2017,7,1,53.98290322580645,50.24500000000001,14.18483870967742,4.937741935483871,1.124516129032258,23.065161290322585,102.0,102.0,102.0,53.98290322580645,53.98290322580645,53.98290322580645,50.24500000000001,50.24500000000001,102.0,95.05555555555556,53.98290322580645,51.12749103942652,102.0
2017,7,1,53.98290322580645,50.24500000000001,14.18483870967742,4.937741935483871,1.124516129032258,23.065161290322585,102.0,102.0,102.0,53.98290322580645,53.98290322580645,53.98290322580645,50.24500000000001,50.24500000000001,102.0,98.52777777777777,53.98290322580645,52.55519713261649,102.0
2017,7,1,53.98290322580645,50.24500000000001,14.18483870967742,4.937741935483871,1.124516129032258,23.065161290322585,102.0,102.0,102.0,53.98290322580645,53.98290322580645,53.98290322580645,50.24500000000001,50.24500000000001,102.0,102.0,53.98290322580645,53.98290322580645,102.0
2017,7,1,53.98290322580645,50.24500000000001,14.18483870967742,4.937741935483871,1.124516129032258,23.065161290322585,102.0,102.0,102.0,53.98290322580645,53.98290322580645,53.98290322580645,50.24500000000001,50.24500000000001,102.0,102.0,53.98290322580645,53.98290322580645,102.0
2017,7,1,53.98290322580645,50.24500000000001,14.18483870967742,4.937741935483871,1.124516129032258,23.065161290322585,102.0,102.0,102.0,53.98290322580645,53.98290322580645,53.98290322580645,50.24500000000001,50.24500000000001,102.0,102.0,53.98290322580645,53.98290322580645,102.0
2017,7,1,53.98290322580645,50.24500000000001,14.18483870967742,4.937741935483871,1.124516129032258,23.065161290322585,102.0,102.0,102.0,53.98290322580645,53.98290322580645,53.98290322580645,50.24500000000001,50.24500000000001,102.0,102.0,53.98290322580645,53.98290322580645,102.0
2017,7,1,53.98290322580645,50.24500000000001,14.18483870967742,4.937741935483871,1.124516129032258,23.065161290322585,102.0,102.0,102.0,53.98290322580645,53.98290322580645,53.98290322580645,50.24500000000001,50.24500000000001,102.0,102.0,53.98290322580645,53.98290322580645,102.0
2017,8,1,42.14327586206896,50.245,11.301379310344828,5.035862068965517,1.5013793103448276,24.780344827586205,102.0,102.0,102.0,53.98290322580645,53.98290322580645,53.98290322580645,50.24500000000001,50.24500000000001,99.79310344827587,100.89655172413795,50.036360771227294,52.00963199851687,95.3793103448276
2017,8,1,42.14327586206896,50.245,11.301379310344828,5.035862068965517,1.5013793103448276,24.780344827586205,95.3793103448276,102.0,102.0,42.14327586206896,53.98290322580645,53.98290322580645,50.245,50.24500000000001,97.58620689655174,99.79310344827587,46.08981831664812,50.036360771227294,95.3793103448276
2017,8,1,42.14327586206896,50.245,11.301379310344828,5.035862068965517,1.5013793103448276,24.780344827586205,95.3793103448276,95.3793103448276,102.0,42.14327586206896,42.14327586206896,53.98290322580645,50.245,50.245,95.3793103448276,98.6896551724138,42.14327586206896,48.06308954393771,95.3793103448276
2017,8,1,42.14327586206896,50.245,11.301379310344828,5.035862068965517,1.5013793103448276,24.780344827586205,95.3793103448276,95.3793103448276,95.3793103448276,42.14327586206896,42.14327586206896,42.14327586206896,50.245,50.245,95.3793103448276,97.58620689655174,42.14327586206896,46.08981831664812,95.3793103448276
2017,8,1,42.14327586206896,50.245,11.301379310344828,5.035862068965517,1.5013793103448276,24.780344827586205,95.3793103448276,95.3793103448276,95.3793103448276,42.14327586206896,42.14327586206896,42.14327586206896,50.245,50.245,95.3793103448276,96.48275862068967,42.14327586206896,44.11654708935854,95.3793103448276
2017,8,1,42.14327586206896,50.245,11.301379310344828,5.035862068965517,1.5013793103448276,24.780344827586205,95.3793103448276,95.3793103448276,95.3793103448276,42.14327586206896,42.14327586206896,42.14327586206896,50.245,50.245,95.3793103448276,95.3793103448276,42.14327586206896,42.14327586206896,95.3793103448276
2017,8,1,42.14327586206896,50.245,11.301379310344828,5.035862068965517,1.5013793103448276,24.780344827586205,95.3793103448276,95.3793103448276,95.3793103448276,42.14327586206896,42.14327586206896,42.14327586206896,50.245,50.245,95.3793103448276,95.3793103448276,42.14327586206896,42.14327586206896,95.3793103448276
2017,8,1,42.14327586206896,50.245,11.301379310344828,5.035862068965517,1.5013793103448276,24.780344827586205,95.3793103448276,95.3793103448276,95.3793103448276,42.14327586206896,42.14327586206896,42.14327586206896,50.245,50.245,95.3793103448276,95.3793103448276,42.14327586206896,42.14327586206896,95.3793103448276
2017,8,1,42.14327586206896,50.245,11.301379310344828,5.035862068965517,1.5013793103448276,24.780344827586205,95.3793103448276,95.3793103448276,95.3793103448276,42.14327586206896,42.14327586206896,42.14327586206896,50.245,50.245,95.3793103448276,95.3793103448276,42.14327586206896,42.14327586206896,95.3793103448276
2017,8,1,42.14327586206896,50.245,11.301379310344828,5.035862068965517,1.5013793103448276,24.780344827586205,95.3793103448276,95.3793103448276,95.3793103448276,42.14327586206896,42.14327586206896,42.14327586206896,50.245,50.245,95.3793103448276,95.3793103448276,42.14327586206896,42.14327586206896,95.3793103448276
2017,9,1,40.13970588235294,50.245000000000005,12.986470588235294,12.407941176470588,1.1688235294117648,30.77235294117647,95.3793103448276,95.3793103448276,95.3793103448276,42.14327586206896,42.14327586206896,42.14327586206896,50.245,50.245,93.20385395537527,94.29158215010143,41.47541920216362,41.80934753211629,88.8529411764706
2017,9,1,40.13970588235294,50.245000000000005,12.986470588235294,12.407941176470588,1.1688235294117648,30.77235294117647,88.8529411764706,95.3793103448276,95.3793103448276,40.13970588235294,42.14327586206896,42.14327586206896,50.245000000000005,50.245,91.02839756592293,93.20385395537527,40.80756254225828,41.475419202163614,88.8529411764706
2017,9,1,40.13970588235294,50.245000000000005,12.986470588235294,12.407941176470588,1.1688235294117648,30.77235294117647,88.8529411764706,88.8529411764706,95.3793103448276,40.13970588235294,40.13970588235294,42.14327586206896,50.245000000000005,50.245000000000005,88.8529411764706,92.1161257606491,40.13970588235294,41.14149087221095,88.8529411764706
2017,9,1,40.13970588235294,50.245000000000005,12.986470588235294,12.407941176470588,1.1688235294117648,30.77235294117647,88.8529411764706,88.8529411764706,88.8529411764706,40.13970588235294,40.13970588235294,40.13970588235294,50.245000000000005,50.245000000000005,88.8529411764706,91.02839756592293,40.13970588235294,40.807562542258275,88.8529411764706
2017,9,1,40.13970588235294,50.245000000000005,12.986470588235294,12.407941176470588,1.1688235294117648,30.77235294117647,88.8529411764706,88.8529411764706,88.8529411764706,40.13970588235294,40.13970588235294,40.13970588235294,50.245000000000005,50.245000000000005,88.8529411764706,89.94066937119676,40.13970588235294,40.47363421230561,88.8529411764706
2017,9,1,40.13970588235294,50.245000000000005,12.986470588235294,12.407941176470588,1.1688235294117648,30.77235294117647,88.8529411764706,88.8529411764706,88.8529411764706,40.13970588235294,40.13970588235294,40.13970588235294,50.245000000000005,50.245000000000005,88.8529411764706,88.8529411764706,40.13970588235294,40.13970588235294,88.8529411764706
2017,9,1,40.13970588235294,50.245000000000005,12.986470588235294,12.407941176470588,1.1688235294117648,30.77235294117647,88.8529411764706,88.8529411764706,88.8529411764706,40.13970588235294,40.13970588235294,40.13970588235294,50.245000000000005,50.245000000000005,88.8529411764706,88.8529411764706,40.13970588235294,40.13970588235294,88.8529411764706
2017,9,1,40.13970588235294,50.245000000000005,12.986470588235294,12.407941176470588,1.1688235294117648,30.77235294117647,88.8529411764706,88.8529411764706,88.8529411764706,40.13970588235294,40.13970588235294,40.13970588235294,50.245000000000005,50.245000000000005,88.8529411764706,88.8529411764706,40.13970588235294,40.13970588235294,88.8529411764706
2017,9,1,40.13970588235294,50.245000000000005,12.986470588235294,12.407941176470588,1.1688235294117648,30.77235294117647,88.8529411764706,88.8529411764706,88.8529411764706,40.13970588235294,40.13970588235294,40.13970588235294,50.245000000000005,50.245000000000005,88.8529411764706,88.8529411764706,40.13970588235294,40.13970588235294,88.8529411764706
2017,9,1,40.13970588235294,50.245000000000005,12.986470588235294,12.407941176470588,1.1688235294117648,30.77235294117647,88.8529411764706,88.8529411764706,88.8529411764706,40.13970588235294,40.13970588235294,40.13970588235294,50.245000000000005,50.245000000000005,88.8529411764706,88.8529411764706,40.13970588235294,40.13970588235294,88.8529411764706
2017,10,1,45.48747311827957,50.24500000000001,17.72,9.920860215053764,1.6165591397849464,27.268602150537635,88.8529411764706,88.8529411764706,88.8529411764706,40.13970588235294,40.13970588235294,40.13970588235294,50.245000000000005,50.245000000000005,93.2854733291166,91.06920725279359,41.92229496099515,41.031000421674044,102.1505376344086
2017,10,1,45.48747311827957,50.24500000000001,17.72,9.920860215053764,1.6165591397849464,27.268602150537635,102.1505376344086,88.8529411764706,88.8529411764706,45.48747311827957,40.13970588235294,40.13970588235294,50.24500000000001,50.245000000000005,97.71800548176259,93.2854733291166,43.70488403963736,41.92229496099515,102.1505376344086
2017,10,1,45.48747311827957,50.24500000000001,17.72,9.920860215053764,1.6165591397849464,27.268602150537635,102.1505376344086,102.1505376344086,88.8529411764706,45.48747311827957,45.48747311827957,40.13970588235294,50.24500000000001,50.24500000000001,102.1505376344086,95.5017394054396,45.48747311827957,42.813589500316255,102.1505376344086
2017,10,1,45.48747311827957,50.24500000000001,17.72,9.920860215053764,1.6165591397849464,27.268602150537635,102.1505376344086,102.1505376344086,102.1505376344086,45.48747311827957,45.48747311827957,45.48747311827957,50.24500000000001,50.24500000000001,102.1505376344086,97.71800548176259,45.48747311827957,43.70488403963736,102.1505376344086
2017,10,1,45.48747311827957,50.24500000000001,17.72,9.920860215053764,1.6165591397849464,27.268602150537635,102.1505376344086,102.1505376344086,102.1505376344086,45.48747311827957,45.48747311827957,45.48747311827957,50.24500000000001,50.24500000000001,102.1505376344086,99.93427155808558,45.48747311827957,44.596178578958465,102.1505376344086
2017,10,1,45.48747311827957,50.24500000000001,17.72,9.920860215053764,1.6165591397849464,27.268602150537635,102.1505376344086,102.1505376344086,102.1505376344086,45.48747311827957,45.48747311827957,45.48747311827957,50.24500000000001,50.24500000000001,102.1505376344086,102.1505376344086,45.48747311827957,45.48747311827957,102.1505376344086
2017,10,1,45.48747311827957,50.24500000000001,17.72,9.920860215053764,1.6165591397849464,27.268602150537635,102.1505376344086,102.1505376344086,102.1505376344086,45.48747311827957,45.48747311827957,45.48747311827957,50.24500000000001,50.24500000000001,102.1505376344086,102.1505376344086,45.48747311827957,45.48747311827957,102.1505376344086
2017,10,1,45.48747311827957,50.24500000000001,17.72,9.920860215053764,1.6165591397849464,27.268602150537635,102.1505376344086,102.1505376344086,102.1505376344086,45.48747311827957,45.48747311827957,45.48747311827957,50.24500000000001,50.24500000000001,102.1505376344086,102.1505376344086,45.48747311827957,45.48747311827957,102.1505376344086
2017,10,1,45.48747311827957,50.24500000000001,17.72,9.920860215053764,1.6165591397849464,27.268602150537635,102.1505376344086,102.1505376344086,102.1505376344086,45.48747311827957,45.48747311827957,45.48747311827957,50.24500000000001,50.24500000000001,102.1505376344086,102.1505376344086,45.48747311827957,45.48747311827957,102.1505376344086
2017,10,1,45.48747311827957,50.24500000000001,17.72,9.920860215053764,1.6165591397849464,27.268602150537635,102.1505376344086,102.1505376344086,102.1505376344086,45.48747311827957,45.48747311827957,45.48747311827957,50.24500000000001,50.24500000000001,102.1505376344086,102.1505376344086,45.48747311827957,45.48747311827957,102.1505376344086
2017,11,1,43.46094444444444,50.245000000000005,23.553111111111114,12.044777777777778,0.911,24.704666666666668,102.1505376344086,102.1505376344086,102.1505376344086,45.48747311827957,45.48747311827957,45.48747311827957,50.24500000000001,50.24500000000001,98.54480286738351,100.34767025089604,44.811963560334526,45.14971833930704,91.33333333333331
2017,11,1,43.46094444444444,50.245000000000005,23.553111111111114,12.044777777777778,0.911,24.704666666666668,91.33333333333331,102.1505376344086,102.1505376344086,43.46094444444444,45.48747311827957,45.48747311827957,50.245000000000005,50.24500000000001,94.9390681003584,98.54480286738351,44.136454002389485,44.811963560334526,91.33333333333331
2017,11,1,43.46094444444444,50.245000000000005,23.553111111111114,12.044777777777778,0.911,24.704666666666668,91.33333333333331,91.33333333333331,102.1505376344086,43.46094444444444,43.46094444444444,45.48747311827957,50.245000000000005,50.245000000000005,91.33333333333331,96.74193548387096,43.46094444444444,44.474208781362,91.33333333333331
2017,11,1,43.46094444444444,50.245000000000005,23.553111111111114,12.044777777777778,0.911,24.704666666666668,91.33333333333331,91.33333333333331,91.33333333333331,43.46094444444444,43.46094444444444,43.46094444444444,50.245000000000005,50.245000000000005,91.33333333333331,94.9390681003584,43.46094444444444,44.136454002389485,91.33333333333331
2017,11,1,43.46094444444444,50.245000000000005,23.553111111111114,12.044777777777778,0.911,24.704666666666668,91.33333333333331,91.33333333333331,91.33333333333331,43.46094444444444,43.46094444444444,43.46094444444444,50.245000000000005,50.245000000000005,91.33333333333331,93.13620071684586,43.46094444444444,43.79869922341697,91.33333333333331
2017,11,1,43.46094444444444,50.245000000000005,23.553111111111114,12.044777777777778,0.911,24.704666666666668,91.33333333333331,91.33333333333331,91.33333333333331,43.46094444444444,43.46094444444444,43.46094444444444,50.245000000000005,50.245000000000005,91.33333333333331,91.33333333333331,43.46094444444444,43.46094444444444,91.33333333333331
2017,11,1,43.46094444444444,50.245000000000005,23.553111111111114,12.044777777777778,0.911,24.704666666666668,91.33333333333331,91.33333333333331,91.33333333333331,43.46094444444444,43.46094444444444,43.46094444444444,50.245000000000005,50.245000000000005,91.33333333333331,91.33333333333331,43.46094444444444,43.46094444444444,91.33333333333331
2017,11,1,43.46094444444444,50.245000000000005,23.553111111111114,12.044777777777778,0.911,24.704666666666668,91.33333333333331,91.33333333333331,91.33333333333331,43.46094444444444,43.46094444444444,43.46094444444444,50.245000000000005,50.245000000000005,91.33333333333331,91.33333333333331,43.46094444444444,43.46094444444444,91.33333333333331
2017,11,1,43.46094444444444,50.245000000000005,23.553111111111114,12.044777777777778,0.911,24.704666666666668,91.33333333333331,91.33333333333331,91.33333333333331,43.46094444444444,43.46094444444444,43.46094444444444,50.245000000000005,50.245000000000005,91.33333333333331,91.33333333333331,43.46094444444444,43.46094444444444,91.33333333333331
2017,11,1,43.46094444444444,50.245000000000005,23.553111111111114,12.044777777777778,0.911,24.704666666666668,91.33333333333331,91.33333333333331,91.33333333333331,43.46094444444444,43.46094444444444,43.46094444444444,50.245000000000005,50.245000000000005,91.33333333333331,91.33333333333331,43.46094444444444,43.46094444444444,91.33333333333331
2017,12,1,55.66373626373626,50.245,23.29747252747253,11.722307692307693,0.5438461538461539,33.997252747252745,91.33333333333331,91.33333333333331,91.33333333333331,43.46094444444444,43.46094444444444,43.46094444444444,50.245000000000005,50.245000000000005,96.49328449328448,93.91330891330891,47.528541717541714,45.49474308099308,106.81318681318682
2017,12,1,55.66373626373626,50.245,23.29747252747253,11.722307692307693,0.5438461538461539,33.997252747252745,106.81318681318682,91.33333333333331,91.33333333333331,55.66373626373626,43.46094444444444,43.46094444444444,50.245,50.245000000000005,101.65323565323565,96.49328449328448,51.59613899063899,47.528541717541714,106.81318681318682
2017,12,1,55.66373626373626,50.245,23.29747252747253,11.722307692307693,0.5438461538461539,33.997252747252745,106.81318681318682,106.81318681318682,91.33333333333331,55.66373626373626,55.66373626373626,43.46094444444444,50.245,50.245,106.81318681318682,99.07326007326007,55.66373626373626,49.56234035409036,106.81318681318682
2017,12,1,55.66373626373626,50.245,23.29747252747253,11.722307692307693,0.5438461538461539,33.997252747252745,106.81318681318682,106.81318681318682,106.81318681318682,55.66373626373626,55.66373626373626,55.66373626373626,50.245,50.245,106.81318681318682,101.65323565323565,55.66373626373626,51.596138990638984,106.81318681318682
2017,12,1,55.66373626373626,50.245,23.29747252747253,11.722307692307693,0.5438461538461539,33.997252747252745,106.81318681318682,106.81318681318682,106.81318681318682,55.66373626373626,55.66373626373626,55.66373626373626,50.245,50.245,106.81318681318682,104.23321123321125,55.66373626373626,53.62993762718762,106.81318681318682
2017,12,1,55.66373626373626,50.245,23.29747252747253,11.722307692307693,0.5438461538461539,33.997252747252745,106.81318681318682,106.81318681318682,106.81318681318682,55.66373626373626,55.66373626373626,55.66373626373626,50.245,50.245,106.81318681318682,106.81318681318682,55.66373626373626,55.66373626373626,106.81318681318682
2017,12,1,55.66373626373626,50.245,23.29747252747253,11.722307692307693,0.5438461538461539,33.997252747252745,106.81318681318682,106.81318681318682,106.81318681318682,55.66373626373626,55.66373626373626,55.66373626373626,50.245,50.245,106.81318681318682,106.81318681318682,55.66373626373626,55.66373626373626,106.81318681318682
2017,12,1,55.66373626373626,50.245,23.29747252747253,11.722307692307693,0.5438461538461539,33.997252747252745,106.81318681318682,106.81318681318682,106.81318681318682,55.66373626373626,55.66373626373626,55.66373626373626,50.245,50.245,106.81318681318682,106.81318681318682,55.66373626373626,55.66373626373626,106.81318681318682
2017,12,1,55.66373626373626,50.245,23.29747252747253,11.722307692307693,0.5438461538461539,33.997252747252745,106.81318681318682,106.81318681318682,106.81318681318682,55.66373626373626,55.66373626373626,55.66373626373626,50.245,50.245,106.81318681318682,106.81318681318682,55.66373626373626,55.66373626373626,106.81318681318682
2017,12,1,55.66373626373626,50.245,23.29747252747253,11.722307692307693,0.5438461538461539,33.997252747252745,106.81318681318682,106.81318681318682,106.81318681318682,55.66373626373626,55.66373626373626,55.66373626373626,50.245,50.245,106.81318681318682,106.81318681318682,55.66373626373626,55.66373626373626,106.81318681318682
2018,1,1,76.13397849462366,50.24500000000001,18.13827956989247,15.951290322580643,0.6088172043010752,35.784193548387094,106.81318681318682,106.81318681318682,106.81318681318682,55.66373626373626,55.66373626373626,55.66373626373626,50.245,50.245,122.8324471227697,114.82281696797826,62.487150340698726,59.0754433022175,154.8709677419355
2018,1,1,76.13397849462366,50.24500000000001,18.13827956989247,15.951290322580643,0.6088172043010752,35.784193548387094,154.8709677419355,106.81318681318682,106.81318681318682,76.13397849462366,55.66373626373626,55.66373626373626,50.24500000000001,50.245,138.85170743235258,122.8324471227697,69.31056441766118,62.487150340698726,154.8709677419355
2018,1,1,76.13397849462366,50.24500000000001,18.13827956989247,15.951290322580643,0.6088172043010752,35.784193548387094,154.8709677419355,154.8709677419355,106.81318681318682,76.13397849462366,76.13397849462366,55.66373626373626,50.24500000000001,50.24500000000001,154.8709677419355,130.84207727756115,76.13397849462366,65.89885737917996,154.8709677419355
2018,1,1,76.13397849462366,50.24500000000001,18.13827956989247,15.951290322580643,0.6088172043010752,35.784193548387094,154.8709677419355,154.8709677419355,154.8709677419355,76.13397849462366,76.13397849462366,76.13397849462366,50.24500000000001,50.24500000000001,154.8709677419355,138.85170743235258,76.13397849462366,69.3105644176612,154.8709677419355
2018,1,1,76.13397849462366,50.24500000000001,18.13827956989247,15.951290322580643,0.6088172043010752,35.784193548387094,154.8709677419355,154.8709677419355,154.8709677419355,76.13397849462366,76.13397849462366,76.13397849462366,50.24500000000001,50.24500000000001,154.8709677419355,146.86133758714405,76.13397849462366,72.72227145614242,154.8709677419355
2018,1,1,76.13397849462366,50.24500000000001,18.13827956989247,15.951290322580643,0.6088172043010752,35.784193548387094,154.8709677419355,154.8709677419355,154.8709677419355,76.13397849462366,76.13397849462366,76.13397849462366,50.24500000000001,50.24500000000001,154.8709677419355,154.8709677419355,76.13397849462366,76.13397849462366,154.8709677419355
2018,1,1,76.13397849462366,50.24500000000001,18.13827956989247,15.951290322580643,0.6088172043010752,35.784193548387094,154.8709677419355,154.8709677419355,154.8709677419355,76.13397849462366,76.13397849462366,76.13397849462366,50.24500000000001,50.24500000000001,154.8709677419355,154.8709677419355,76.13397849462366,76.13397849462366,154.8709677419355
2018,1,1,76.13397849462366,50.24500000000001,18.13827956989247,15.951290322580643,0.6088172043010752,35.784193548387094,154.8709677419355,154.8709677419355,154.8709677419355,76.13397849462366,76.13397849462366,76.13397849462366,50.24500000000001,50.24500000000001,154.8709677419355,154.8709677419355,76.13397849462366,76.13397849462366,154.8709677419355
2018,1,1,76.13397849462366,50.24500000000001,18.13827956989247,15.951290322580643,0.6088172043010752,35.784193548387094,154.8709677419355,154.8709677419355,154.8709677419355,76.13397849462366,76.13397849462366,76.13397849462366,50.24500000000001,50.24500000000001,154.8709677419355,154.8709677419355,76.13397849462366,76.13397849462366,154.8709677419355
2018,1,1,76.13397849462366,50.24500000000001,18.13827956989247,15.951290322580643,0.6088172043010752,35.784193548387094,154.8709677419355,154.8709677419355,154.8709677419355,76.13397849462366,76.13397849462366,76.13397849462366,50.24500000000001,50.24500000000001,154.8709677419355,154.8709677419355,76.13397849462366,76.13397849462366,154.8709677419355
2018,2,1,55.97975903614457,50.245,17.30289156626506,8.660481927710844,0.8625301204819278,29.589397590361447,154.8709677419355,154.8709677419355,154.8709677419355,76.13397849462366,76.13397849462366,76.13397849462366,50.24500000000001,50.24500000000001,141.48024355486464,148.17560564840005,69.41590534179731,72.77494191821047,114.6987951807229
2018,2,1,55.97975903614457,50.245,17.30289156626506,8.660481927710844,0.8625301204819278,29.589397590361447,114.6987951807229,154.8709677419355,154.8709677419355,55.97975903614457,76.13397849462366,76.13397849462366,50.245,50.24500000000001,128.08951936779374,141.48024355486464,62.69783218897093,69.4159053417973,114.6987951807229
2018,2,1,55.97975903614457,50.245,17.30289156626506,8.660481927710844,0.8625301204819278,29.589397590361447,114.6987951807229,114.6987951807229,154.8709677419355,55.97975903614457,55.97975903614457,76.13397849462366,50.245,50.245,114.6987951807229,134.7848814613292,55.97975903614457,66.05686876538411,114.6987951807229
2018,2,1,55.97975903614457,50.245,17.30289156626506,8.660481927710844,0.8625301204819278,29.589397590361447,114.6987951807229,114.6987951807229,114.6987951807229,55.97975903614457,55.97975903614457,55.97975903614457,50.245,50.245,114.6987951807229,128.08951936779377,55.97975903614457,62.69783218897093,114.6987951807229
2018,2,1,55.97975903614457,50.245,17.30289156626506,8.660481927710844,0.8625301204819278,29.589397590361447,114.6987951807229,114.6987951807229,114.6987951807229,55.97975903614457,55.97975903614457,55.97975903614457,50.245,50.245,114.6987951807229,121.39415727425835,55.97975903614457,59.33879561255775,114.6987951807229
2018,2,1,55.97975903614457,50.245,17.30289156626506,8.660481927710844,0.8625301204819278,29.589397590361447,114.6987951807229,114.6987951807229,114.6987951807229,55.97975903614457,55.97975903614457,55.97975903614457,50.245,50.245,114.6987951807229,114.6987951807229,55.97975903614457,55.97975903614457,114.6987951807229
2018,2,1,55.97975903614457,50.245,17.30289156626506,8.660481927710844,0.8625301204819278,29.589397590361447,114.6987951807229,114.6987951807229,114.6987951807229,55.97975903614457,55.97975903614457,55.97975903614457,50.245,50.245,114.6987951807229,114.6987951807229,55.97975903614457,55.97975903614457,114.6987951807229
2018,2,1,55.97975903614457,50.245,17.30289156626506,8.660481927710844,0.8625301204819278,29.589397590361447,114.6987951807229,114.6987951807229,114.6987951807229,55.97975903614457,55.97975903614457,55.97975903614457,50.245,50.245,114.6987951807229,114.6987951807229,55.97975903614457,55.97975903614457,114.6987951807229
2018,2,1,55.97975903614457,50.245,17.30289156626506,8.660481927710844,0.8625301204819278,29.589397590361447,114.6987951807229,114.6987951807229,114.6987951807229,55.97975903614457,55.97975903614457,55.97975903614457,50.245,50.245,114.6987951807229,114.6987951807229,55.97975903614457,55.97975903614457,114.6987951807229
2018,2,1,55.97975903614457,50.245,17.30289156626506,8.660481927710844,0.8625301204819278,29.589397590361447,114.6987951807229,114.6987951807229,114.6987951807229,55.97975903614457,55.97975903614457,55.97975903614457,50.245,50.245,114.6987951807229,114.6987951807229,55.97975903614457,55.97975903614457,114.6987951807229
2018,3,1,51.398387096774194,50.24500000000001,16.418709677419354,8.351935483870967,0.9393548387096774,28.09989247311828,114.6987951807229,114.6987951807229,114.6987951807229,55.97975903614457,55.97975903614457,55.97975903614457,50.245,50.245,112.20063047890487,113.44971282981386,54.452635056354445,55.21619704624951,107.20430107526882
2018,3,1,51.398387096774194,50.24500000000001,16.418709677419354,8.351935483870967,0.9393548387096774,28.09989247311828,107.20430107526882,114.6987951807229,114.6987951807229,51.398387096774194,55.97975903614457,55.97975903614457,50.24500000000001,50.245,109.70246577708684,112.20063047890487,52.92551107656433,54.452635056354445,107.20430107526882
2018,3,1,51.398387096774194,50.24500000000001,16.418709677419354,8.351935483870967,0.9393548387096774,28.09989247311828,107.20430107526882,107.20430107526882,114.6987951807229,51.398387096774194,51.398387096774194,55.97975903614457,50.24500000000001,50.24500000000001,107.20430107526882,110.95154812799586,51.398387096774194,53.68907306645938,107.20430107526882
2018,3,1,51.398387096774194,50.24500000000001,16.418709677419354,8.351935483870967,0.9393548387096774,28.09989247311828,107.20430107526882,107.20430107526882,107.20430107526882,51.398387096774194,51.398387096774194,51.398387096774194,50.24500000000001,50.24500000000001,107.20430107526882,109.70246577708684,51.398387096774194,52.92551107656433,107.20430107526882
2018,3,1,51.398387096774194,50.24500000000001,16.418709677419354,8.351935483870967,0.9393548387096774,28.09989247311828,107.20430107526882,107.20430107526882,107.20430107526882,51.398387096774194,51.398387096774194,51.398387096774194,50.24500000000001,50.24500000000001,107.20430107526882,108.45338342617784,51.398387096774194,52.16194908666926,107.20430107526882
2018,3,1,51.398387096774194,50.24500000000001,16.418709677419354,8.351935483870967,0.9393548387096774,28.09989247311828,107.20430107526882,107.20430107526882,107.20430107526882,51.398387096774194,51.398387096774194,51.398387096774194,50.24500000000001,50.24500000000001,107.20430107526882,107.20430107526882,51.398387096774194,51.398387096774194,107.20430107526882
2018,3,1,51.398387096774194,50.24500000000001,16.418709677419354,8.351935483870967,0.9393548387096774,28.09989247311828,107.20430107526882,107.20430107526882,107.20430107526882,51.398387096774194,51.398387096774194,51.398387096774194,50.24500000000001,50.24500000000001,107.20430107526882,107.20430107526882,51.398387096774194,51.398387096774194,107.20430107526882
2018,3,1,51.398387096774194,50.24500000000001,16.418709677419354,8.351935483870967,0.9393548387096774,28.09989247311828,107.20430107526882,107.20430107526882,107.20430107526882,51.398387096774194,51.398387096774194,51.398387096774194,50.24500000000001,50.24500000000001,107.20430107526882,107.20430107526882,51.398387096774194,51.398387096774194,107.20430107526882
2018,3,1,51.398387096774194,50.24500000000001,16.418709677419354,8.351935483870967,0.9393548387096774,28.09989247311828,107.20430107526882,107.20430107526882,107.20430107526882,51.398387096774194,51.398387096774194,51.398387096774194,50.24500000000001,50.24500000000001,107.20430107526882,107.20430107526882,51.398387096774194,51.398387096774194,107.20430107526882
2018,3,1,51.398387096774194,50.24500000000001,16.418709677419354,8.351935483870967,0.9393548387096774,28.09989247311828,107.20430107526882,107.20430107526882,107.20430107526882,51.398387096774194,51.398387096774194,51.398387096774194,50.24500000000001,50.24500000000001,107.20430107526882,107.20430107526882,51.398387096774194,51.398387096774194,107.20430107526882
2018,4,1,36.41114864864865,50.245000000000005,26.16283783783784,7.089594594594595,1.005135135135135,31.059864864864863,107.20430107526882,107.20430107526882,107.20430107526882,51.398387096774194,51.398387096774194,51.398387096774194,50.24500000000001,50.24500000000001,96.01908359972875,101.61169233749878,46.402640947399014,48.900514022086604,73.64864864864865
2018,4,1,36.41114864864865,50.245000000000005,26.16283783783784,7.089594594594595,1.005135135135135,31.059864864864863,73.64864864864865,107.20430107526882,107.20430107526882,36.41114864864865,51.398387096774194,51.398387096774194,50.245000000000005,50.24500000000001,84.8338661241887,96.01908359972875,41.40689479802383,46.402640947399014,73.64864864864865
2018,4,1,36.41114864864865,50.245000000000005,26.16283783783784,7.089594594594595,1.005135135135135,31.059864864864863,73.64864864864865,73.64864864864865,107.20430107526882,36.41114864864865,36.41114864864865,51.398387096774194,50.245000000000005,50.245000000000005,73.64864864864865,90.42647486195874,36.41114864864865,43.904767872711425,73.64864864864865
2018,4,1,36.41114864864865,50.245000000000005,26.16283783783784,7.089594594594595,1.005135135135135,31.059864864864863,73.64864864864865,73.64864864864865,73.64864864864865,36.41114864864865,36.41114864864865,36.41114864864865,50.245000000000005,50.245000000000005,73.64864864864865,84.8338661241887,36.41114864864865,41.406894798023835,73.64864864864865
2018,4,1,36.41114864864865,50.245000000000005,26.16283783783784,7.089594594594595,1.005135135135135,31.059864864864863,73.64864864864865,73.64864864864865,73.64864864864865,36.41114864864865,36.41114864864865,36.41114864864865,50.245000000000005,50.245000000000005,73.64864864864865,79.24125738641867,36.41114864864865,38.909021723336245,73.64864864864865
2018,4,1,36.41114864864865,50.245000000000005,26.16283783783784,7.089594594594595,1.005135135135135,31.059864864864863,73.64864864864865,73.64864864864865,73.64864864864865,36.41114864864865,36.41114864864865,36.41114864864865,50.245000000000005,50.245000000000005,73.64864864864865,73.64864864864865,36.41114864864865,36.41114864864865,73.64864864864865
2018,4,1,36.41114864864865,50.245000000000005,26.16283783783784,7.089594594594595,1.005135135135135,31.059864864864863,73.64864864864865,73.64864864864865,73.64864864864865,36.41114864864865,36.41114864864865,36.41114864864865,50.245000000000005,50.245000000000005,73.64864864864865,73.64864864864865,36.41114864864865,36.41114864864865,73.64864864864865
2018,4,1,36.41114864864865,50.245000000000005,26.16283783783784,7.089594594594595,1.005135135135135,31.059864864864863,73.64864864864865,73.64864864864865,73.64864864864865,36.41114864864865,36.41114864864865,36.41114864864865,50.245000000000005,50.245000000000005,73.64864864864865,73.64864864864865,36.41114864864865,36.41114864864865,73.64864864864865
2018,4,1,36.41114864864865,50.245000000000005,26.16283783783784,7.089594594594595,1.005135135135135,31.059864864864863,73.64864864864865,73.64864864864865,73.64864864864865,36.41114864864865,36.41114864864865,36.41114864864865,50.245000000000005,50.245000000000005,73.64864864864865,73.64864864864865,36.41114864864865,36.41114864864865,73.64864864864865
2018,4,1,36.41114864864865,50.245000000000005,26.16283783783784,7.089594594594595,1.005135135135135,31.059864864864863,73.64864864864865,73.64864864864865,73.64864864864865,36.41114864864865,36.41114864864865,36.41114864864865,50.245000000000005,50.245000000000005,73.64864864864865,73.64864864864865,36.41114864864865,36.41114864864865,73.64864864864865
2018,5,1,37.727291666666666,50.245000000000005,30.46819444444445,6.495833333333334,1.0170833333333331,32.62041666666667,73.64864864864865,73.64864864864865,73.64864864864865,36.41114864864865,36.41114864864865,36.41114864864865,50.245000000000005,50.245000000000005,77.10835835835836,75.3785035035035,36.84986298798799,36.63050581831832,84.02777777777777
2018,5,1,37.727291666666666,50.245000000000005,30.46819444444445,6.495833333333334,1.0170833333333331,32.62041666666667,84.02777777777777,73.64864864864865,73.64864864864865,37.727291666666666,36.41114864864865,36.41114864864865,50.245000000000005,50.245000000000005,80.56806806806806,77.10835835835836,37.288577327327324,36.84986298798799,84.02777777777777
2018,5,1,37.727291666666666,50.245000000000005,30.46819444444445,6.495833333333334,1.0170833333333331,32.62041666666667,84.02777777777777,84.02777777777777,73.64864864864865,37.727291666666666,37.727291666666666,36.41114864864865,50.245000000000005,50.245000000000005,84.02777777777777,78.83821321321321,37.727291666666666,37.06922015765766,84.02777777777777
2018,5,1,37.727291666666666,50.245000000000005,30.46819444444445,6.495833333333334,1.0170833333333331,32.62041666666667,84.02777777777777,84.02777777777777,84.02777777777777,37.727291666666666,37.727291666666666,37.727291666666666,50.245000000000005,50.245000000000005,84.02777777777777,80.56806806806806,37.727291666666666,37.288577327327324,84.02777777777777
2018,5,1,37.727291666666666,50.245000000000005,30.46819444444445,6.495833333333334,1.0170833333333331,32.62041666666667,84.02777777777777,84.02777777777777,84.02777777777777,37.727291666666666,37.727291666666666,37.727291666666666,50.245000000000005,50.245000000000005,84.02777777777777,82.29792292292292,37.727291666666666,37.507934496997,84.02777777777777
2018,5,1,37.727291666666666,50.245000000000005,30.46819444444445,6.495833333333334,1.0170833333333331,32.62041666666667,84.02777777777777,84.02777777777777,84.02777777777777,37.727291666666666,37.727291666666666,37.727291666666666,50.245000000000005,50.245000000000005,84.02777777777777,84.02777777777777,37.727291666666666,37.727291666666666,84.02777777777777
2018,5,1,37.727291666666666,50.245000000000005,30.46819444444445,6.495833333333334,1.0170833333333331,32.62041666666667,84.02777777777777,84.02777777777777,84.02777777777777,37.727291666666666,37.727291666666666,37.727291666666666,50.245000000000005,50.245000000000005,84.02777777777777,84.02777777777777,37.727291666666666,37.727291666666666,84.02777777777777
2018,5,1,37.727291666666666,50.245000000000005,30.46819444444445,6.495833333333334,1.0170833333333331,32.62041666666667,84.02777777777777,84.02777777777777,84.02777777777777,37.727291666666666,37.727291666666666,37.727291666666666,50.245000000000005,50.245000000000005,84.02777777777777,84.02777777777777,37.727291666666666,37.727291666666666,84.02777777777777
2018,5,1,37.727291666666666,50.245000000000005,30.46819444444445,6.495833333333334,1.0170833333333331,32.62041666666667,84.02777777777777,84.02777777777777,84.02777777777777,37.727291666666666,37.727291666666666,37.727291666666666,50.245000000000005,50.245000000000005,84.02777777777777,84.02777777777777,37.727291666666666,37.727291666666666,84.02777777777777
2018,5,1,37.727291666666666,50.245000000000005,30.46819444444445,6.495833333333334,1.0170833333333331,32.62041666666667,84.02777777777777,84.02777777777777,84.02777777777777,37.727291666666666,37.727291666666666,37.727291666666666,50.245000000000005,50.245000000000005,84.02777777777777,84.02777777777777,37.727291666666666,37.727291666666666,84.02777777777777
2018,6,1,72.48371212121212,50.245000000000005,22.29878787878788,5.981212121212121,0.8578787878787878,29.59575757575757,84.02777777777777,84.02777777777777,84.02777777777777,37.727291666666666,37.727291666666666,37.727291666666666,50.245000000000005,50.245000000000005,88.22053872053873,86.12415824915824,49.31276515151515,43.52002840909091,96.6060606060606
2018,6,1,72.48371212121212,50.245000000000005,22.29878787878788,5.981212121212121,0.8578787878787878,29.59575757575757,96.6060606060606,84.02777777777777,84.02777777777777,72.48371212121212,37.727291666666666,37.727291666666666,50.245000000000005,50.245000000000005,92.41329966329965,88.22053872053873,60.89823863636364,49.31276515151515,96.6060606060606
2018,6,1,72.48371212121212,50.245000000000005,22.29878787878788,5.981212121212121,0.8578787878787878,29.59575757575757,96.6060606060606,96.6060606060606,84.02777777777777,72.48371212121212,72.48371212121212,37.727291666666666,50.245000000000005,50.245000000000005,96.6060606060606,90.31691919191918,72.48371212121212,55.10550189393939,96.6060606060606
2018,6,1,72.48371212121212,50.245000000000005,22.29878787878788,5.981212121212121,0.8578787878787878,29.59575757575757,96.6060606060606,96.6060606060606,96.6060606060606,72.48371212121212,72.48371212121212,72.48371212121212,50.245000000000005,50.245000000000005,96.6060606060606,92.41329966329965,72.48371212121212,60.89823863636364,96.6060606060606
2018,6,1,72.48371212121212,50.245000000000005,22.29878787878788,5.981212121212121,0.8578787878787878,29.59575757575757,96.6060606060606,96.6060606060606,96.6060606060606,72.48371212121212,72.48371212121212,72.48371212121212,50.245000000000005,50.245000000000005,96.6060606060606,94.50968013468012,72.48371212121212,66.69097537878788,96.6060606060606
2018,6,1,72.48371212121212,50.245000000000005,22.29878787878788,5.981212121212121,0.8578787878787878,29.59575757575757,96.6060606060606,96.6060606060606,96.6060606060606,72.48371212121212,72.48371212121212,72.48371212121212,50.245000000000005,50.245000000000005,96.6060606060606,96.6060606060606,72.48371212121212,72.48371212121212,96.6060606060606
2018,6,1,72.48371212121212,50.245000000000005,22.29878787878788,5.981212121212121,0.8578787878787878,29.59575757575757,96.6060606060606,96.6060606060606,96.6060606060606,72.48371212121212,72.48371212121212,72.48371212121212,50.245000000000005,50.245000000000005,96.6060606060606,96.6060606060606,72.48371212121212,72.48371212121212,96.6060606060606
2018,6,1,72.48371212121212,50.245000000000005,22.29878787878788,5.981212121212121,0.8578787878787878,29.59575757575757,96.6060606060606,96.6060606060606,96.6060606060606,72.48371212121212,72.48371212121212,72.48371212121212,50.245000000000005,50.245000000000005,96.6060606060606,96.6060606060606,72.48371212121212,72.48371212121212,96.6060606060606
2018,6,1,72.48371212121212,50.245000000000005,22.29878787878788,5.981212121212121,0.8578787878787878,29.59575757575757,96.6060606060606,96.6060606060606,96.6060606060606,72.48371212121212,72.48371212121212,72.48371212121212,50.245000000000005,50.245000000000005,96.6060606060606,96.6060606060606,72.48371212121212,72.48371212121212,96.6060606060606
2018,6,1,72.48371212121212,50.245000000000005,22.29878787878788,5.981212121212121,0.8578787878787878,29.59575757575757,96.6060606060606,96.6060606060606,96.6060606060606,72.48371212121212,72.48371212121212,72.48371212121212,50.245000000000005,50.245000000000005,96.6060606060606,96.6060606060606,72.48371212121212,72.48371212121212,96.6060606060606
2018,7,1,51.57683823529412,50.245000000000005,20.986323529411763,6.756176470588236,0.8436764705882352,24.52823529411765,96.6060606060606,96.6060606060606,96.6060606060606,72.48371212121212,72.48371212121212,72.48371212121212,50.245000000000005,50.245000000000005,95.47266785502079,96.03936423054068,65.51475415923944,68.9992331402258,93.20588235294116
2018,7,1,51.57683823529412,50.245000000000005,20.986323529411763,6.756176470588236,0.8436764705882352,24.52823529411765,93.20588235294116,96.6060606060606,96.6060606060606,51.57683823529412,72.48371212121212,72.48371212121212,50.245000000000005,50.245000000000005,94.33927510398098,95.47266785502079,58.54579619726678,65.51475415923946,93.20588235294116
2018,7,1,51.57683823529412,50.245000000000005,20.986323529411763,6.756176470588236,0.8436764705882352,24.52823529411765,93.20588235294116,93.20588235294116,96.6060606060606,51.57683823529412,51.57683823529412,72.48371212121212,50.245000000000005,50.245000000000005,93.20588235294116,94.90597147950086,51.57683823529412,62.03027517825311,93.20588235294116
2018,7,1,51.57683823529412,50.245000000000005,20.986323529411763,6.756176470588236,0.8436764705882352,24.52823529411765,93.20588235294116,93.20588235294116,93.20588235294116,51.57683823529412,51.57683823529412,51.57683823529412,50.245000000000005,50.245000000000005,93.20588235294116,94.33927510398098,51.57683823529412,58.54579619726678,93.20588235294116
2018,7,1,51.57683823529412,50.245000000000005,20.986323529411763,6.756176470588236,0.8436764705882352,24.52823529411765,93.20588235294116,93.20588235294116,93.20588235294116,51.57683823529412,51.57683823529412,51.57683823529412,50.245000000000005,50.245000000000005,93.20588235294116,93.77257872846106,51.57683823529412,55.06131721628046,93.20588235294116
2018,7,1,51.57683823529412,50.245000000000005,20.986323529411763,6.756176470588236,0.8436764705882352,24.52823529411765,93.20588235294116,93.20588235294116,93.20588235294116,51.57683823529412,51.57683823529412,51.57683823529412,50.245000000000005,50.245000000000005,93.20588235294116,93.20588235294116,51.57683823529412,51.57683823529412,93.20588235294116
2018,7,1,51.57683823529412,50.245000000000005,20.986323529411763,6.756176470588236,0.8436764705882352,24.52823529411765,93.20588235294116,93.20588235294116,93.20588235294116,51.57683823529412,51.57683823529412,51.57683823529412,50.245000000000005,50.245000000000005,93.20588235294116,93.20588235294116,51.57683823529412,51.57683823529412,93.20588235294116
2018,7,1,51.57683823529412,50.245000000000005,20.986323529411763,6.756176470588236,0.8436764705882352,24.52823529411765,93.20588235294116,93.20588235294116,93.20588235294116,51.57683823529412,51.57683823529412,51.57683823529412,50.245000000000005,50.245000000000005,93.20588235294116,93.20588235294116,51.57683823529412,51.57683823529412,93.20588235294116
2018,7,1,51.57683823529412,50.245000000000005,20.986323529411763,6.756176470588236,0.8436764705882352,24.52823529411765,93.20588235294116,93.20588235294116,93.20588235294116,51.57683823529412,51.57683823529412,51.57683823529412,50.245000000000005,50.245000000000005,93.20588235294116,93.20588235294116,51.57683823529412,51.57683823529412,93.20588235294116
2018,7,1,51.57683823529412,50.245000000000005,20.986323529411763,6.756176470588236,0.8436764705882352,24.52823529411765,93.20588235294116,93.20588235294116,93.20588235294116,51.57683823529412,51.57683823529412,51.57683823529412,50.245000000000005,50.245000000000005,93.20588235294116,93.20588235294116,51.57683823529412,51.57683823529412,93.20588235294116
2018,8,1,44.67958333333333,50.245000000000005,19.65597222222222,10.157222222222224,0.8744444444444445,21.746805555555557,93.20588235294116,93.20588235294116,93.20588235294116,51.57683823529412,51.57683823529412,51.57683823529412,50.245000000000005,50.245000000000005,91.15114379084967,92.17851307189541,49.27775326797386,50.427295751633984,87.04166666666667
2018,8,1,44.67958333333333,50.245000000000005,19.65597222222222,10.157222222222224,0.8744444444444445,21.746805555555557,87.04166666666667,93.20588235294116,93.20588235294116,44.67958333333333,51.57683823529412,51.57683823529412,50.245000000000005,50.245000000000005,89.09640522875816,91.15114379084967,46.978668300653595,49.27775326797386,87.04166666666667
2018,8,1,44.67958333333333,50.245000000000005,19.65597222222222,10.157222222222224,0.8744444444444445,21.746805555555557,87.04166666666667,87.04166666666667,93.20588235294116,44.67958333333333,44.67958333333333,51.57683823529412,50.245000000000005,50.245000000000005,87.04166666666667,90.12377450980392,44.67958333333333,48.12821078431372,87.04166666666667
2018,8,1,44.67958333333333,50.245000000000005,19.65597222222222,10.157222222222224,0.8744444444444445,21.746805555555557,87.04166666666667,87.04166666666667,87.04166666666667,44.67958333333333,44.67958333333333,44.67958333333333,50.245000000000005,50.245000000000005,87.04166666666667,89.09640522875816,44.67958333333333,46.978668300653595,87.04166666666667
2018,8,1,44.67958333333333,50.245000000000005,19.65597222222222,10.157222222222224,0.8744444444444445,21.746805555555557,87.04166666666667,87.04166666666667,87.04166666666667,44.67958333333333,44.67958333333333,44.67958333333333,50.245000000000005,50.245000000000005,87.04166666666667,88.06903594771241,44.67958333333333,45.82912581699347,87.04166666666667
2018,8,1,44.67958333333333,50.245000000000005,19.65597222222222,10.157222222222224,0.8744444444444445,21.746805555555557,87.04166666666667,87.04166666666667,87.04166666666667,44.67958333333333,44.67958333333333,44.67958333333333,50.245000000000005,50.245000000000005,87.04166666666667,87.04166666666667,44.67958333333333,44.67958333333333,87.04166666666667
2018,8,1,44.67958333333333,50.245000000000005,19.65597222222222,10.157222222222224,0.8744444444444445,21.746805555555557,87.04166666666667,87.04166666666667,87.04166666666667,44.67958333333333,44.67958333333333,44.67958333333333,50.245000000000005,50.245000000000005,87.04166666666667,87.04166666666667,44.67958333333333,44.67958333333333,87.04166666666667
2018,8,1,44.67958333333333,50.245000000000005,19.65597222222222,10.157222222222224,0.8744444444444445,21.746805555555557,87.04166666666667,87.04166666666667,87.04166666666667,44.67958333333333,44.67958333333333,44.67958333333333,50.245000000000005,50.245000000000005,87.04166666666667,87.04166666666667,44.67958333333333,44.67958333333333,87.04166666666667
2018,8,1,44.67958333333333,50.245000000000005,19.65597222222222,10.157222222222224,0.8744444444444445,21.746805555555557,87.04166666666667,87.04166666666667,87.04166666666667,44.67958333333333,44.67958333333333,44.67958333333333,50.245000000000005,50.245000000000005,87.04166666666667,87.04166666666667,44.67958333333333,44.67958333333333,87.04166666666667
2018,8,1,44.67958333333333,50.245000000000005,19.65597222222222,10.157222222222224,0.8744444444444445,21.746805555555557,87.04166666666667,87.04166666666667,87.04166666666667,44.67958333333333,44.67958333333333,44.67958333333333,50.245000000000005,50.245000000000005,87.04166666666667,87.04166666666667,44.67958333333333,44.67958333333333,87.04166666666667
2018,9,1,48.24883333333333,50.245000000000005,16.74,8.052999999999999,0.8552222222222222,28.267666666666667,87.04166666666667,87.04166666666667,87.04166666666667,44.67958333333333,44.67958333333333,44.67958333333333,50.245000000000005,50.245000000000005,91.37962962962963,89.21064814814815,45.86933333333334,45.274458333333335,100.05555555555556
2018,9,1,48.24883333333333,50.245000000000005,16.74,8.052999999999999,0.8552222222222222,28.267666666666667,100.05555555555556,87.04166666666667,87.04166666666667,48.24883333333333,44.67958333333333,44.67958333333333,50.245000000000005,50.245000000000005,95.7175925925926,91.37962962962963,47.05908333333333,45.86933333333334,100.05555555555556
2018,9,1,48.24883333333333,50.245000000000005,16.74,8.052999999999999,0.8552222222222222,28.267666666666667,100.05555555555556,100.05555555555556,87.04166666666667,48.24883333333333,48.24883333333333,44.67958333333333,50.245000000000005,50.245000000000005,100.05555555555556,93.54861111111113,48.24883333333333,46.464208333333325,100.05555555555556
2018,9,1,48.24883333333333,50.245000000000005,16.74,8.052999999999999,0.8552222222222222,28.267666666666667,100.05555555555556,100.05555555555556,100.05555555555556,48.24883333333333,48.24883333333333,48.24883333333333,50.245000000000005,50.245000000000005,100.05555555555556,95.7175925925926,48.24883333333333,47.05908333333334,100.05555555555556
2018,9,1,48.24883333333333,50.245000000000005,16.74,8.052999999999999,0.8552222222222222,28.267666666666667,100.05555555555556,100.05555555555556,100.05555555555556,48.24883333333333,48.24883333333333,48.24883333333333,50.245000000000005,50.245000000000005,100.05555555555556,97.88657407407408,48.24883333333333,47.65395833333333,100.05555555555556
2018,9,1,48.24883333333333,50.245000000000005,16.74,8.052999999999999,0.8552222222222222,28.267666666666667,100.05555555555556,100.05555555555556,100.05555555555556,48.24883333333333,48.24883333333333,48.24883333333333,50.245000000000005,50.245000000000005,100.05555555555556,100.05555555555556,48.24883333333333,48.24883333333333,100.05555555555556
2018,9,1,48.24883333333333,50.245000000000005,16.74,8.052999999999999,0.8552222222222222,28.267666666666667,100.05555555555556,100.05555555555556,100.05555555555556,48.24883333333333,48.24883333333333,48.24883333333333,50.245000000000005,50.245000000000005,100.05555555555556,100.05555555555556,48.24883333333333,48.24883333333333,100.05555555555556
2018,9,1,48.24883333333333,50.245000000000005,16.74,8.052999999999999,0.8552222222222222,28.267666666666667,100.05555555555556,100.05555555555556,100.05555555555556,48.24883333333333,48.24883333333333,48.24883333333333,50.245000000000005,50.245000000000005,100.05555555555556,100.05555555555556,48.24883333333333,48.24883333333333,100.05555555555556
2018,9,1,48.24883333333333,50.245000000000005,16.74,8.052999999999999,0.8552222222222222,28.267666666666667,100.05555555555556,100.05555555555556,100.05555555555556,48.24883333333333,48.24883333333333,48.24883333333333,50.245000000000005,50.245000000000005,100.05555555555556,100.05555555555556,48.24883333333333,48.24883333333333,100.05555555555556
2018,9,1,48.24883333333333,50.245000000000005,16.74,8.052999999999999,0.8552222222222222,28.267666666666667,100.05555555555556,100.05555555555556,100.05555555555556,48.24883333333333,48.24883333333333,48.24883333333333,50.245000000000005,50.245000000000005,100.05555555555556,100.05555555555556,48.24883333333333,48.24883333333333,100.05555555555556
2018,10,1,49.99849462365591,50.24500000000001,17.37537634408602,10.378279569892474,0.9441935483870968,24.558279569892477,100.05555555555556,100.05555555555556,100.05555555555556,48.24883333333333,48.24883333333333,48.24883333333333,50.245000000000005,50.245000000000005,102.1194743130227,101.08751493428913,48.832053763440854,48.540443548387096,106.247311827957
2018,10,1,49.99849462365591,50.24500000000001,17.37537634408602,10.378279569892474,0.9441935483870968,24.558279569892477,106.247311827957,100.05555555555556,100.05555555555556,49.99849462365591,48.24883333333333,48.24883333333333,50.24500000000001,50.245000000000005,104.18339307048986,102.1194743130227,49.415274193548385,48.832053763440854,106.247311827957
2018,10,1,49.99849462365591,50.24500000000001,17.37537634408602,10.378279569892474,0.9441935483870968,24.558279569892477,106.247311827957,106.247311827957,100.05555555555556,49.99849462365591,49.99849462365591,48.24883333333333,50.24500000000001,50.24500000000001,106.247311827957,103.15143369175628,49.99849462365591,49.12366397849462,106.247311827957
2018,10,1,49.99849462365591,50.24500000000001,17.37537634408602,10.378279569892474,0.9441935483870968,24.558279569892477,106.247311827957,106.247311827957,106.247311827957,49.99849462365591,49.99849462365591,49.99849462365591,50.24500000000001,50.24500000000001,106.247311827957,104.18339307048986,49.99849462365591,49.415274193548385,106.247311827957
2018,10,1,49.99849462365591,50.24500000000001,17.37537634408602,10.378279569892474,0.9441935483870968,24.558279569892477,106.247311827957,106.247311827957,106.247311827957,49.99849462365591,49.99849462365591,49.99849462365591,50.24500000000001,50.24500000000001,106.247311827957,105.21535244922343,49.99849462365591,49.70688440860215,106.247311827957
2018,10,1,49.99849462365591,50.24500000000001,17.37537634408602,10.378279569892474,0.9441935483870968,24.558279569892477,106.247311827957,106.247311827957,106.247311827957,49.99849462365591,49.99849462365591,49.99849462365591,50.24500000000001,50.24500000000001,106.247311827957,106.247311827957,49.99849462365591,49.99849462365591,106.247311827957
2018,10,1,49.99849462365591,50.24500000000001,17.37537634408602,10.378279569892474,0.9441935483870968,24.558279569892477,106.247311827957,106.247311827957,106.247311827957,49.99849462365591,49.99849462365591,49.99849462365591,50.24500000000001,50.24500000000001,106.247311827957,106.247311827957,49.99849462365591,49.99849462365591,106.247311827957
2018,10,1,49.99849462365591,50.24500000000001,17.37537634408602,10.378279569892474,0.9441935483870968,24.558279569892477,106.247311827957,106.247311827957,106.247311827957,49.99849462365591,49.99849462365591,49.99849462365591,50.24500000000001,50.24500000000001,106.247311827957,106.247311827957,49.99849462365591,49.99849462365591,106.247311827957
2018,10,1,49.99849462365591,50.24500000000001,17.37537634408602,10.378279569892474,0.9441935483870968,24.558279569892477,106.247311827957,106.247311827957,106.247311827957,49.99849462365591,49.99849462365591,49.99849462365591,50.24500000000001,50.24500000000001,106.247311827957,106.247311827957,49.99849462365591,49.99849462365591,106.247311827957
2018,10,1,49.99849462365591,50.24500000000001,17.37537634408602,10.378279569892474,0.9441935483870968,24.558279569892477,106.247311827957,106.247311827957,106.247311827957,49.99849462365591,49.99849462365591,49.99849462365591,50.24500000000001,50.24500000000001,106.247311827957,106.247311827957,49.99849462365591,49.99849462365591,106.247311827957
2018,11,1,56.57422222222223,50.245000000000005,17.811333333333334,9.770111111111111,1.014222222222222,26.74888888888889,106.247311827957,106.247311827957,106.247311827957,49.99849462365591,49.99849462365591,49.99849462365591,50.24500000000001,50.24500000000001,110.05376344086024,108.15053763440862,52.19040382317801,51.094449223416966,117.66666666666669
2018,11,1,56.57422222222223,50.245000000000005,17.811333333333334,9.770111111111111,1.014222222222222,26.74888888888889,117.66666666666669,106.247311827957,106.247311827957,56.57422222222223,49.99849462365591,49.99849462365591,50.245000000000005,50.24500000000001,113.86021505376345,110.05376344086024,54.382313022700124,52.19040382317801,117.66666666666669
2018,11,1,56.57422222222223,50.245000000000005,17.811333333333334,9.770111111111111,1.014222222222222,26.74888888888889,117.66666666666669,117.66666666666669,106.247311827957,56.57422222222223,56.57422222222223,49.99849462365591,50.245000000000005,50.245000000000005,117.66666666666669,111.95698924731185,56.57422222222223,53.28635842293907,117.66666666666669
2018,11,1,56.57422222222223,50.245000000000005,17.811333333333334,9.770111111111111,1.014222222222222,26.74888888888889,117.66666666666669,117.66666666666669,117.66666666666669,56.57422222222223,56.57422222222223,56.57422222222223,50.245000000000005,50.245000000000005,117.66666666666669,113.86021505376345,56.57422222222223,54.382313022700124,117.66666666666669
2018,11,1,56.57422222222223,50.245000000000005,17.811333333333334,9.770111111111111,1.014222222222222,26.74888888888889,117.66666666666669,117.66666666666669,117.66666666666669,56.57422222222223,56.57422222222223,56.57422222222223,50.245000000000005,50.245000000000005,117.66666666666669,115.76344086021506,56.57422222222223,55.478267622461175,117.66666666666669
2018,11,1,56.57422222222223,50.245000000000005,17.811333333333334,9.770111111111111,1.014222222222222,26.74888888888889,117.66666666666669,117.66666666666669,117.66666666666669,56.57422222222223,56.57422222222223,56.57422222222223,50.245000000000005,50.245000000000005,117.66666666666669,117.66666666666669,56.57422222222223,56.57422222222223,117.66666666666669
2018,11,1,56.57422222222223,50.245000000000005,17.811333333333334,9.770111111111111,1.014222222222222,26.74888888888889,117.66666666666669,117.66666666666669,117.66666666666669,56.57422222222223,56.57422222222223,56.57422222222223,50.245000000000005,50.245000000000005,117.66666666666669,117.66666666666669,56.57422222222223,56.57422222222223,117.66666666666669
2018,11,1,56.57422222222223,50.245000000000005,17.811333333333334,9.770111111111111,1.014222222222222,26.74888888888889,117.66666666666669,117.66666666666669,117.66666666666669,56.57422222222223,56.57422222222223,56.57422222222223,50.245000000000005,50.245000000000005,117.66666666666669,117.66666666666669,56.57422222222223,56.57422222222223,117.66666666666669
2018,11,1,56.57422222222223,50.245000000000005,17.811333333333334,9.770111111111111,1.014222222222222,26.74888888888889,117.66666666666669,117.66666666666669,117.66666666666669,56.57422222222223,56.57422222222223,56.57422222222223,50.245000000000005,50.245000000000005,117.66666666666669,117.66666666666669,56.57422222222223,56.57422222222223,117.66666666666669
2018,11,1,56.57422222222223,50.245000000000005,17.811333333333334,9.770111111111111,1.014222222222222,26.74888888888889,117.66666666666669,117.66666666666669,117.66666666666669,56.57422222222223,56.57422222222223,56.57422222222223,50.245000000000005,50.245000000000005,117.66666666666669,117.66666666666669,56.57422222222223,56.57422222222223,117.66666666666669
2018,12,1,68.24634408602151,50.24500000000001,16.749247311827958,10.620215053763442,1.0264516129032255,30.75333333333333,117.66666666666669,117.66666666666669,117.66666666666669,56.57422222222223,56.57422222222223,56.57422222222223,50.245000000000005,50.245000000000005,125.13978494623659,121.40322580645163,60.46492951015532,58.51957586618878,140.08602150537635
2018,12,1,68.24634408602151,50.24500000000001,16.749247311827958,10.620215053763442,1.0264516129032255,30.75333333333333,140.08602150537635,117.66666666666669,117.66666666666669,68.24634408602151,56.57422222222223,56.57422222222223,50.24500000000001,50.245000000000005,132.61290322580646,125.13978494623656,64.35563679808841,60.46492951015532,140.08602150537635
2018,12,1,68.24634408602151,50.24500000000001,16.749247311827958,10.620215053763442,1.0264516129032255,30.75333333333333,140.08602150537635,140.08602150537635,117.66666666666669,68.24634408602151,68.24634408602151,56.57422222222223,50.24500000000001,50.24500000000001,140.08602150537635,128.87634408602153,68.24634408602151,62.41028315412186,140.08602150537635
2018,12,1,68.24634408602151,50.24500000000001,16.749247311827958,10.620215053763442,1.0264516129032255,30.75333333333333,140.08602150537635,140.08602150537635,140.08602150537635,68.24634408602151,68.24634408602151,68.24634408602151,50.24500000000001,50.24500000000001,140.08602150537635,132.61290322580646,68.24634408602151,64.35563679808841,140.08602150537635
2018,12,1,68.24634408602151,50.24500000000001,16.749247311827958,10.620215053763442,1.0264516129032255,30.75333333333333,140.08602150537635,140.08602150537635,140.08602150537635,68.24634408602151,68.24634408602151,68.24634408602151,50.24500000000001,50.24500000000001,140.08602150537635,136.34946236559142,68.24634408602151,66.30099044205497,140.08602150537635
2018,12,1,68.24634408602151,50.24500000000001,16.749247311827958,10.620215053763442,1.0264516129032255,30.75333333333333,140.08602150537635,140.08602150537635,140.08602150537635,68.24634408602151,68.24634408602151,68.24634408602151,50.24500000000001,50.24500000000001,140.08602150537635,140.08602150537635,68.24634408602151,68.24634408602151,140.08602150537635
2018,12,1,68.24634408602151,50.24500000000001,16.749247311827958,10.620215053763442,1.0264516129032255,30.75333333333333,140.08602150537635,140.08602150537635,140.08602150537635,68.24634408602151,68.24634408602151,68.24634408602151,50.24500000000001,50.24500000000001,140.08602150537635,140.08602150537635,68.24634408602151,68.24634408602151,140.08602150537635
2018,12,1,68.24634408602151,50.24500000000001,16.749247311827958,10.620215053763442,1.0264516129032255,30.75333333333333,140.08602150537635,140.08602150537635,140.08602150537635,68.24634408602151,68.24634408602151,68.24634408602151,50.24500000000001,50.24500000000001,140.08602150537635,140.08602150537635,68.24634408602151,68.24634408602151,140.08602150537635
2018,12,1,68.24634408602151,50.24500000000001,16.749247311827958,10.620215053763442,1.0264516129032255,30.75333333333333,140.08602150537635,140.08602150537635,140.08602150537635,68.24634408602151,68.24634408602151,68.24634408602151,50.24500000000001,50.24500000000001,140.08602150537635,140.08602150537635,68.24634408602151,68.24634408602151,140.08602150537635
2018,12,1,68.24634408602151,50.24500000000001,16.749247311827958,10.620215053763442,1.0264516129032255,30.75333333333333,140.08602150537635,140.08602150537635,140.08602150537635,68.24634408602151,68.24634408602151,68.24634408602151,50.24500000000001,50.24500000000001,140.08602150537635,140.08602150537635,68.24634408602151,68.24634408602151,140.08602150537635
2015,1,2,117.20536723163843,204.17644067796613,38.58361581920904,7.79271186440678,8.728361581920904,28.978587570621468,261.7005649717514,261.7005649717514,261.7005649717514,117.20536723163843,117.20536723163843,117.20536723163843,204.17644067796613,204.17644067796613,261.7005649717514,261.7005649717514,117.20536723163843,117.20536723163843,261.7005649717514
2015,1,2,117.20536723163843,204.17644067796613,38.58361581920904,7.79271186440678,8.728361581920904,28.978587570621468,261.7005649717514,261.7005649717514,261.7005649717514,117.20536723163843,117.20536723163843,117.20536723163843,204.17644067796613,204.17644067796613,261.7005649717514,261.7005649717514,117.20536723163843,117.20536723163843,261.7005649717514
2015,1,2,117.20536723163843,204.17644067796613,38.58361581920904,7.79271186440678,8.728361581920904,28.978587570621468,261.7005649717514,261.7005649717514,261.7005649717514,117.20536723163843,117.20536723163843,117.20536723163843,204.17644067796613,204.17644067796613,261.7005649717514,261.7005649717514,117.20536723163843,117.20536723163843,261.7005649717514
2015,1,2,117.20536723163843,204.17644067796613,38.58361581920904,7.79271186440678,8.728361581920904,28.978587570621468,261.7005649717514,261.7005649717514,261.7005649717514,117.20536723163843,117.20536723163843,117.20536723163843,204.17644067796613,204.17644067796613,261.7005649717514,261.7005649717514,117.20536723163843,117.20536723163843,261.7005649717514
2015,1,2,117.20536723163843,204.17644067796613,38.58361581920904,7.79271186440678,8.728361581920904,28.978587570621468,261.7005649717514,261.7005649717514,261.7005649717514,117.20536723163843,117.20536723163843,117.20536723163843,204.17644067796613,204.17644067796613,261.7005649717514,261.7005649717514,117.20536723163843,117.20536723163843,261.7005649717514
2015,2,2,107.5262874251497,196.4694011976048,44.34041916167665,9.33179640718563,9.38311377245509,31.39107784431138,261.7005649717514,261.7005649717514,261.7005649717514,117.20536723163843,117.20536723163843,117.20536723163843,204.17644067796613,204.17644067796613,259.157662076976,260.4291135243637,113.97900729614219,115.59218726389031,254.0718562874252
2015,2,2,107.5262874251497,196.4694011976048,44.34041916167665,9.33179640718563,9.38311377245509,31.39107784431138,254.0718562874252,261.7005649717514,261.7005649717514,107.5262874251497,117.20536723163843,117.20536723163843,196.4694011976048,204.17644067796613,256.6147591822006,259.157662076976,110.75264736064594,113.97900729614219,254.0718562874252
2015,2,2,107.5262874251497,196.4694011976048,44.34041916167665,9.33179640718563,9.38311377245509,31.39107784431138,254.0718562874252,254.0718562874252,261.7005649717514,107.5262874251497,107.5262874251497,117.20536723163843,196.4694011976048,196.4694011976048,254.0718562874252,257.88621062958833,107.5262874251497,112.36582732839406,254.0718562874252
2015,2,2,107.5262874251497,196.4694011976048,44.34041916167665,9.33179640718563,9.38311377245509,31.39107784431138,254.0718562874252,254.0718562874252,254.0718562874252,107.5262874251497,107.5262874251497,107.5262874251497,196.4694011976048,196.4694011976048,254.0718562874252,256.6147591822006,107.5262874251497,110.75264736064594,254.0718562874252
2015,2,2,107.5262874251497,196.4694011976048,44.34041916167665,9.33179640718563,9.38311377245509,31.39107784431138,254.0718562874252,254.0718562874252,254.0718562874252,107.5262874251497,107.5262874251497,107.5262874251497,196.4694011976048,196.4694011976048,254.0718562874252,255.3433077348129,107.5262874251497,109.13946739289783,254.0718562874252
2015,2,2,107.5262874251497,196.4694011976048,44.34041916167665,9.33179640718563,9.38311377245509,31.39107784431138,254.0718562874252,254.0718562874252,254.0718562874252,107.5262874251497,107.5262874251497,107.5262874251497,196.4694011976048,196.4694011976048,254.0718562874252,254.0718562874252,107.5262874251497,107.5262874251497,254.0718562874252
2015,2,2,107.5262874251497,196.4694011976048,44.34041916167665,9.33179640718563,9.38311377245509,31.39107784431138,254.0718562874252,254.0718562874252,254.0718562874252,107.5262874251497,107.5262874251497,107.5262874251497,196.4694011976048,196.4694011976048,254.0718562874252,254.0718562874252,107.5262874251497,107.5262874251497,254.0718562874252
2015,2,2,107.5262874251497,196.4694011976048,44.34041916167665,9.33179640718563,9.38311377245509,31.39107784431138,254.0718562874252,254.0718562874252,254.0718562874252,107.5262874251497,107.5262874251497,107.5262874251497,196.4694011976048,196.4694011976048,254.0718562874252,254.0718562874252,107.5262874251497,107.5262874251497,254.0718562874252
2015,2,2,107.5262874251497,196.4694011976048,44.34041916167665,9.33179640718563,9.38311377245509,31.39107784431138,254.0718562874252,254.0718562874252,254.0718562874252,107.5262874251497,107.5262874251497,107.5262874251497,196.4694011976048,196.4694011976048,254.0718562874252,254.0718562874252,107.5262874251497,107.5262874251497,254.0718562874252
2015,2,2,107.5262874251497,196.4694011976048,44.34041916167665,9.33179640718563,9.38311377245509,31.39107784431138,254.0718562874252,254.0718562874252,254.0718562874252,107.5262874251497,107.5262874251497,107.5262874251497,196.4694011976048,196.4694011976048,254.0718562874252,254.0718562874252,107.5262874251497,107.5262874251497,254.0718562874252
2015,3,2,82.19591397849463,179.1294623655914,24.52478494623656,9.846720430107528,8.244301075268817,29.393602150537635,254.0718562874252,254.0718562874252,254.0718562874252,107.5262874251497,107.5262874251497,107.5262874251497,196.4694011976048,196.4694011976048,249.4941407507566,251.7829985190909,99.08282960959802,103.30455851737385,240.33870967741936
2015,3,2,82.19591397849463,179.1294623655914,24.52478494623656,9.846720430107528,8.244301075268817,29.393602150537635,240.33870967741936,254.0718562874252,254.0718562874252,82.19591397849463,107.5262874251497,107.5262874251497,179.1294623655914,196.4694011976048,244.91642521408798,249.49414075075654,90.63937179404633,99.08282960959802,240.33870967741936
2015,3,2,82.19591397849463,179.1294623655914,24.52478494623656,9.846720430107528,8.244301075268817,29.393602150537635,240.33870967741936,240.33870967741936,254.0718562874252,82.19591397849463,82.19591397849463,107.5262874251497,179.1294623655914,179.1294623655914,240.33870967741936,247.2052829824223,82.19591397849463,94.86110070182217,240.33870967741936
2015,3,2,82.19591397849463,179.1294623655914,24.52478494623656,9.846720430107528,8.244301075268817,29.393602150537635,240.33870967741936,240.33870967741936,240.33870967741936,82.19591397849463,82.19591397849463,82.19591397849463,179.1294623655914,179.1294623655914,240.33870967741936,244.91642521408798,82.19591397849463,90.63937179404633,240.33870967741936
2015,3,2,82.19591397849463,179.1294623655914,24.52478494623656,9.846720430107528,8.244301075268817,29.393602150537635,240.33870967741936,240.33870967741936,240.33870967741936,82.19591397849463,82.19591397849463,82.19591397849463,179.1294623655914,179.1294623655914,240.33870967741936,242.62756744575367,82.19591397849463,86.41764288627047,240.33870967741936
2015,3,2,82.19591397849463,179.1294623655914,24.52478494623656,9.846720430107528,8.244301075268817,29.393602150537635,240.33870967741936,240.33870967741936,240.33870967741936,82.19591397849463,82.19591397849463,82.19591397849463,179.1294623655914,179.1294623655914,240.33870967741936,240.33870967741936,82.19591397849463,82.19591397849463,240.33870967741936
2015,3,2,82.19591397849463,179.1294623655914,24.52478494623656,9.846720430107528,8.244301075268817,29.393602150537635,240.33870967741936,240.33870967741936,240.33870967741936,82.19591397849463,82.19591397849463,82.19591397849463,179.1294623655914,179.1294623655914,240.33870967741936,240.33870967741936,82.19591397849463,82.19591397849463,240.33870967741936
2015,3,2,82.19591397849463,179.1294623655914,24.52478494623656,9.846720430107528,8.244301075268817,29.393602150537635,240.33870967741936,240.33870967741936,240.33870967741936,82.19591397849463,82.19591397849463,82.19591397849463,179.1294623655914,179.1294623655914,240.33870967741936,240.33870967741936,82.19591397849463,82.19591397849463,240.33870967741936
2015,3,2,82.19591397849463,179.1294623655914,24.52478494623656,9.846720430107528,8.244301075268817,29.393602150537635,240.33870967741936,240.33870967741936,240.33870967741936,82.19591397849463,82.19591397849463,82.19591397849463,179.1294623655914,179.1294623655914,240.33870967741936,240.33870967741936,82.19591397849463,82.19591397849463,240.33870967741936
2015,3,2,82.19591397849463,179.1294623655914,24.52478494623656,9.846720430107528,8.244301075268817,29.393602150537635,240.33870967741936,240.33870967741936,240.33870967741936,82.19591397849463,82.19591397849463,82.19591397849463,179.1294623655914,179.1294623655914,240.33870967741936,240.33870967741936,82.19591397849463,82.19591397849463,240.33870967741936
2015,4,2,90.21564,198.92316,46.275760000000005,15.56816,6.9116800000000005,57.232800000000005,240.33870967741936,240.33870967741936,240.33870967741936,82.19591397849463,82.19591397849463,82.19591397849463,179.1294623655914,179.1294623655914,259.1271397849462,249.7329247311828,84.86915598566308,83.53253498207886,296.704
2015,4,2,90.21564,198.92316,46.275760000000005,15.56816,6.9116800000000005,57.232800000000005,296.704,240.33870967741936,240.33870967741936,90.21564,82.19591397849463,82.19591397849463,198.92316,179.1294623655914,277.9155698924731,259.1271397849462,87.54239799283154,84.86915598566308,296.704
2015,4,2,90.21564,198.92316,46.275760000000005,15.56816,6.9116800000000005,57.232800000000005,296.704,296.704,240.33870967741936,90.21564,90.21564,82.19591397849463,198.92316,198.92316,296.704,268.52135483870967,90.21564,86.20577698924733,296.704
2015,4,2,90.21564,198.92316,46.275760000000005,15.56816,6.9116800000000005,57.232800000000005,296.704,296.704,296.704,90.21564,90.21564,90.21564,198.92316,198.92316,296.704,277.9155698924731,90.21564,87.54239799283152,296.704
2015,4,2,90.21564,198.92316,46.275760000000005,15.56816,6.9116800000000005,57.232800000000005,296.704,296.704,296.704,90.21564,90.21564,90.21564,198.92316,198.92316,296.704,287.30978494623656,90.21564,88.87901899641577,296.704
2015,4,2,90.21564,198.92316,46.275760000000005,15.56816,6.9116800000000005,57.232800000000005,296.704,296.704,296.704,90.21564,90.21564,90.21564,198.92316,198.92316,296.704,296.704,90.21564,90.21564,296.704
2015,4,2,90.21564,198.92316,46.275760000000005,15.56816,6.9116800000000005,57.232800000000005,296.704,296.704,296.704,90.21564,90.21564,90.21564,198.92316,198.92316,296.704,296.704,90.21564,90.21564,296.704
2015,4,2,90.21564,198.92316,46.275760000000005,15.56816,6.9116800000000005,57.232800000000005,296.704,296.704,296.704,90.21564,90.21564,90.21564,198.92316,198.92316,296.704,296.704,90.21564,90.21564,296.704
2015,4,2,90.21564,198.92316,46.275760000000005,15.56816,6.9116800000000005,57.232800000000005,296.704,296.704,296.704,90.21564,90.21564,90.21564,198.92316,198.92316,296.704,296.704,90.21564,90.21564,296.704
2015,4,2,90.21564,198.92316,46.275760000000005,15.56816,6.9116800000000005,57.232800000000005,296.704,296.704,296.704,90.21564,90.21564,90.21564,198.92316,198.92316,296.704,296.704,90.21564,90.21564,296.704
2015,5,2,95.1769264069264,232.1560606060606,61.495930735930735,16.074675324675326,7.986060606060606,69.40186147186147,296.704,296.704,296.704,90.21564,90.21564,90.21564,198.92316,198.92316,308.04509090909096,302.37454545454545,91.86940213564213,91.04252106782106,330.72727272727275
2015,5,2,95.1769264069264,232.1560606060606,61.495930735930735,16.074675324675326,7.986060606060606,69.40186147186147,330.72727272727275,296.704,296.704,95.1769264069264,90.21564,90.21564,232.1560606060606,198.92316,319.3861818181818,308.0450909090909,93.52316427128426,91.86940213564212,330.72727272727275
2015,5,2,95.1769264069264,232.1560606060606,61.495930735930735,16.074675324675326,7.986060606060606,69.40186147186147,330.72727272727275,330.72727272727275,296.704,95.1769264069264,95.1769264069264,90.21564,232.1560606060606,232.1560606060606,330.72727272727275,313.7156363636364,95.1769264069264,92.69628320346321,330.72727272727275
2015,5,2,95.1769264069264,232.1560606060606,61.495930735930735,16.074675324675326,7.986060606060606,69.40186147186147,330.72727272727275,330.72727272727275,330.72727272727275,95.1769264069264,95.1769264069264,95.1769264069264,232.1560606060606,232.1560606060606,330.72727272727275,319.38618181818185,95.1769264069264,93.52316427128426,330.72727272727275
2015,5,2,95.1769264069264,232.1560606060606,61.495930735930735,16.074675324675326,7.986060606060606,69.40186147186147,330.72727272727275,330.72727272727275,330.72727272727275,95.1769264069264,95.1769264069264,95.1769264069264,232.1560606060606,232.1560606060606,330.72727272727275,325.0567272727273,95.1769264069264,94.35004533910534,330.72727272727275
2015,5,2,95.1769264069264,232.1560606060606,61.495930735930735,16.074675324675326,7.986060606060606,69.40186147186147,330.72727272727275,330.72727272727275,330.72727272727275,95.1769264069264,95.1769264069264,95.1769264069264,232.1560606060606,232.1560606060606,330.72727272727275,330.72727272727275,95.1769264069264,95.1769264069264,330.72727272727275
2015,5,2,95.1769264069264,232.1560606060606,61.495930735930735,16.074675324675326,7.986060606060606,69.40186147186147,330.72727272727275,330.72727272727275,330.72727272727275,95.1769264069264,95.1769264069264,95.1769264069264,232.1560606060606,232.1560606060606,330.72727272727275,330.72727272727275,95.1769264069264,95.1769264069264,330.72727272727275
2015,5,2,95.1769264069264,232.1560606060606,61.495930735930735,16.074675324675326,7.986060606060606,69.40186147186147,330.72727272727275,330.72727272727275,330.72727272727275,95.1769264069264,95.1769264069264,95.1769264069264,232.1560606060606,232.1560606060606,330.72727272727275,330.72727272727275,95.1769264069264,95.1769264069264,330.72727272727275
2015,5,2,95.1769264069264,232.1560606060606,61.495930735930735,16.074675324675326,7.986060606060606,69.40186147186147,330.72727272727275,330.72727272727275,330.72727272727275,95.1769264069264,95.1769264069264,95.1769264069264,232.1560606060606,232.1560606060606,330.72727272727275,330.72727272727275,95.1769264069264,95.1769264069264,330.72727272727275
2015,5,2,95.1769264069264,232.1560606060606,61.495930735930735,16.074675324675326,7.986060606060606,69.40186147186147,330.72727272727275,330.72727272727275,330.72727272727275,95.1769264069264,95.1769264069264,95.1769264069264,232.1560606060606,232.1560606060606,330.72727272727275,330.72727272727275,95.1769264069264,95.1769264069264,330.72727272727275
2015,6,2,84.89447115384615,188.18225961538465,56.96245192307693,8.35139423076923,2.5342307692307693,62.02307692307692,330.72727272727275,330.72727272727275,330.72727272727275,95.1769264069264,95.1769264069264,95.1769264069264,232.1560606060606,232.1560606060606,300.37106643356645,315.5491695804196,91.74944132256633,93.46318386474634,239.65865384615384
2015,6,2,84.89447115384615,188.18225961538465,56.96245192307693,8.35139423076923,2.5342307692307693,62.02307692307692,239.65865384615384,330.72727272727275,330.72727272727275,84.89447115384615,95.1769264069264,95.1769264069264,188.18225961538465,232.1560606060606,270.0148601398601,300.37106643356645,88.32195623820625,91.74944132256633,239.65865384615384
2015,6,2,84.89447115384615,188.18225961538465,56.96245192307693,8.35139423076923,2.5342307692307693,62.02307692307692,239.65865384615384,239.65865384615384,330.72727272727275,84.89447115384615,84.89447115384615,95.1769264069264,188.18225961538465,188.18225961538465,239.65865384615384,285.1929632867133,84.89447115384615,90.03569878038627,239.65865384615384
2015,6,2,84.89447115384615,188.18225961538465,56.96245192307693,8.35139423076923,2.5342307692307693,62.02307692307692,239.65865384615384,239.65865384615384,239.65865384615384,84.89447115384615,84.89447115384615,84.89447115384615,188.18225961538465,188.18225961538465,239.65865384615384,270.0148601398601,84.89447115384615,88.32195623820623,239.65865384615384
2015,6,2,84.89447115384615,188.18225961538465,56.96245192307693,8.35139423076923,2.5342307692307693,62.02307692307692,239.65865384615384,239.65865384615384,239.65865384615384,84.89447115384615,84.89447115384615,84.89447115384615,188.18225961538465,188.18225961538465,239.65865384615384,254.83675699300696,84.89447115384615,86.6082136960262,239.65865384615384
2015,6,2,84.89447115384615,188.18225961538465,56.96245192307693,8.35139423076923,2.5342307692307693,62.02307692307692,239.65865384615384,239.65865384615384,239.65865384615384,84.89447115384615,84.89447115384615,84.89447115384615,188.18225961538465,188.18225961538465,239.65865384615384,239.65865384615384,84.89447115384615,84.89447115384615,239.65865384615384
2015,6,2,84.89447115384615,188.18225961538465,56.96245192307693,8.35139423076923,2.5342307692307693,62.02307692307692,239.65865384615384,239.65865384615384,239.65865384615384,84.89447115384615,84.89447115384615,84.89447115384615,188.18225961538465,188.18225961538465,239.65865384615384,239.65865384615384,84.89447115384615,84.89447115384615,239.65865384615384
2015,6,2,84.89447115384615,188.18225961538465,56.96245192307693,8.35139423076923,2.5342307692307693,62.02307692307692,239.65865384615384,239.65865384615384,239.65865384615384,84.89447115384615,84.89447115384615,84.89447115384615,188.18225961538465,188.18225961538465,239.65865384615384,239.65865384615384,84.89447115384615,84.89447115384615,239.65865384615384
2015,6,2,84.89447115384615,188.18225961538465,56.96245192307693,8.35139423076923,2.5342307692307693,62.02307692307692,239.65865384615384,239.65865384615384,239.65865384615384,84.89447115384615,84.89447115384615,84.89447115384615,188.18225961538465,188.18225961538465,239.65865384615384,239.65865384615384,84.89447115384615,84.89447115384615,239.65865384615384
2015,6,2,84.89447115384615,188.18225961538465,56.96245192307693,8.35139423076923,2.5342307692307693,62.02307692307692,239.65865384615384,239.65865384615384,239.65865384615384,84.89447115384615,84.89447115384615,84.89447115384615,188.18225961538465,188.18225961538465,239.65865384615384,239.65865384615384,84.89447115384615,84.89447115384615,239.65865384615384
2015,7,2,61.16540404040404,153.044898989899,41.435656565656565,10.284242424242423,1.9638888888888888,47.772777777777776,239.65865384615384,239.65865384615384,239.65865384615384,84.89447115384615,84.89447115384615,84.89447115384615,188.18225961538465,188.18225961538465,227.26065138565139,233.45965261590263,76.98478211603212,80.93962663493913,202.46464646464648
2015,7,2,61.16540404040404,153.044898989899,41.435656565656565,10.284242424242423,1.9638888888888888,47.772777777777776,202.46464646464648,239.65865384615384,239.65865384615384,61.16540404040404,84.89447115384615,84.89447115384615,153.044898989899,188.18225961538465,214.86264892514896,227.2606513856514,69.07509307821807,76.98478211603212,202.46464646464648
2015,7,2,61.16540404040404,153.044898989899,41.435656565656565,10.284242424242423,1.9638888888888888,47.772777777777776,202.46464646464648,202.46464646464648,239.65865384615384,61.16540404040404,61.16540404040404,84.89447115384615,153.044898989899,153.044898989899,202.46464646464648,221.06165015540014,61.16540404040404,73.0299375971251,202.46464646464648
2015,7,2,61.16540404040404,153.044898989899,41.435656565656565,10.284242424242423,1.9638888888888888,47.772777777777776,202.46464646464648,202.46464646464648,202.46464646464648,61.16540404040404,61.16540404040404,61.16540404040404,153.044898989899,153.044898989899,202.46464646464648,214.86264892514893,61.16540404040404,69.07509307821807,202.46464646464648
2015,7,2,61.16540404040404,153.044898989899,41.435656565656565,10.284242424242423,1.9638888888888888,47.772777777777776,202.46464646464648,202.46464646464648,202.46464646464648,61.16540404040404,61.16540404040404,61.16540404040404,153.044898989899,153.044898989899,202.46464646464648,208.6636476948977,61.16540404040404,65.12024855931107,202.46464646464648
2015,7,2,61.16540404040404,153.044898989899,41.435656565656565,10.284242424242423,1.9638888888888888,47.772777777777776,202.46464646464648,202.46464646464648,202.46464646464648,61.16540404040404,61.16540404040404,61.16540404040404,153.044898989899,153.044898989899,202.46464646464648,202.46464646464648,61.16540404040404,61.16540404040404,202.46464646464648
2015,7,2,61.16540404040404,153.044898989899,41.435656565656565,10.284242424242423,1.9638888888888888,47.772777777777776,202.46464646464648,202.46464646464648,202.46464646464648,61.16540404040404,61.16540404040404,61.16540404040404,153.044898989899,153.044898989899,202.46464646464648,202.46464646464648,61.16540404040404,61.16540404040404,202.46464646464648
2015,7,2,61.16540404040404,153.044898989899,41.435656565656565,10.284242424242423,1.9638888888888888,47.772777777777776,202.46464646464648,202.46464646464648,202.46464646464648,61.16540404040404,61.16540404040404,61.16540404040404,153.044898989899,153.044898989899,202.46464646464648,202.46464646464648,61.16540404040404,61.16540404040404,202.46464646464648
2015,7,2,61.16540404040404,153.044898989899,41.435656565656565,10.284242424242423,1.9638888888888888,47.772777777777776,202.46464646464648,202.46464646464648,202.46464646464648,61.16540404040404,61.16540404040404,61.16540404040404,153.044898989899,153.044898989899,202.46464646464648,202.46464646464648,61.16540404040404,61.16540404040404,202.46464646464648
2015,7,2,61.16540404040404,153.044898989899,41.435656565656565,10.284242424242423,1.9638888888888888,47.772777777777776,202.46464646464648,202.46464646464648,202.46464646464648,61.16540404040404,61.16540404040404,61.16540404040404,153.044898989899,153.044898989899,202.46464646464648,202.46464646464648,61.16540404040404,61.16540404040404,202.46464646464648
2015,8,2,61.25921348314606,168.91067415730336,42.611179775280895,10.605280898876403,1.7464044943820225,47.92331460674158,202.46464646464648,202.46464646464648,202.46464646464648,61.16540404040404,61.16540404040404,61.16540404040404,153.044898989899,153.044898989899,206.9221238603261,204.6933851624863,61.19667385465138,61.18103894752772,215.8370786516854
2015,8,2,61.25921348314606,168.91067415730336,42.611179775280895,10.605280898876403,1.7464044943820225,47.92331460674158,215.8370786516854,202.46464646464648,202.46464646464648,61.25921348314606,61.16540404040404,61.16540404040404,168.91067415730336,153.044898989899,211.37960125600577,206.92212386032614,61.22794366889872,61.19667385465138,215.8370786516854
2015,8,2,61.25921348314606,168.91067415730336,42.611179775280895,10.605280898876403,1.7464044943820225,47.92331460674158,215.8370786516854,215.8370786516854,202.46464646464648,61.25921348314606,61.25921348314606,61.16540404040404,168.91067415730336,168.91067415730336,215.8370786516854,209.15086255816593,61.25921348314606,61.212308761775056,215.8370786516854
2015,8,2,61.25921348314606,168.91067415730336,42.611179775280895,10.605280898876403,1.7464044943820225,47.92331460674158,215.8370786516854,215.8370786516854,215.8370786516854,61.25921348314606,61.25921348314606,61.25921348314606,168.91067415730336,168.91067415730336,215.8370786516854,211.37960125600577,61.25921348314606,61.22794366889872,215.8370786516854
2015,8,2,61.25921348314606,168.91067415730336,42.611179775280895,10.605280898876403,1.7464044943820225,47.92331460674158,215.8370786516854,215.8370786516854,215.8370786516854,61.25921348314606,61.25921348314606,61.25921348314606,168.91067415730336,168.91067415730336,215.8370786516854,213.60833995384561,61.25921348314606,61.243578576022394,215.8370786516854
2015,8,2,61.25921348314606,168.91067415730336,42.611179775280895,10.605280898876403,1.7464044943820225,47.92331460674158,215.8370786516854,215.8370786516854,215.8370786516854,61.25921348314606,61.25921348314606,61.25921348314606,168.91067415730336,168.91067415730336,215.8370786516854,215.8370786516854,61.25921348314606,61.25921348314606,215.8370786516854
2015,8,2,61.25921348314606,168.91067415730336,42.611179775280895,10.605280898876403,1.7464044943820225,47.92331460674158,215.8370786516854,215.8370786516854,215.8370786516854,61.25921348314606,61.25921348314606,61.25921348314606,168.91067415730336,168.91067415730336,215.8370786516854,215.8370786516854,61.25921348314606,61.25921348314606,215.8370786516854
2015,8,2,61.25921348314606,168.91067415730336,42.611179775280895,10.605280898876403,1.7464044943820225,47.92331460674158,215.8370786516854,215.8370786516854,215.8370786516854,61.25921348314606,61.25921348314606,61.25921348314606,168.91067415730336,168.91067415730336,215.8370786516854,215.8370786516854,61.25921348314606,61.25921348314606,215.8370786516854
2015,8,2,61.25921348314606,168.91067415730336,42.611179775280895,10.605280898876403,1.7464044943820225,47.92331460674158,215.8370786516854,215.8370786516854,215.8370786516854,61.25921348314606,61.25921348314606,61.25921348314606,168.91067415730336,168.91067415730336,215.8370786516854,215.8370786516854,61.25921348314606,61.25921348314606,215.8370786516854
2015,8,2,61.25921348314606,168.91067415730336,42.611179775280895,10.605280898876403,1.7464044943820225,47.92331460674158,215.8370786516854,215.8370786516854,215.8370786516854,61.25921348314606,61.25921348314606,61.25921348314606,168.91067415730336,168.91067415730336,215.8370786516854,215.8370786516854,61.25921348314606,61.25921348314606,215.8370786516854
2015,9,2,75.43772925764193,195.70781659388643,44.98275109170305,12.017423580786025,1.43353711790393,56.533799126637554,215.8370786516854,215.8370786516854,215.8370786516854,61.25921348314606,61.25921348314606,61.25921348314606,168.91067415730336,168.91067415730336,217.78803787841616,216.8125582650508,65.98538540797801,63.62229944556204,221.6899563318777
2015,9,2,75.43772925764193,195.70781659388643,44.98275109170305,12.017423580786025,1.43353711790393,56.533799126637554,221.6899563318777,215.8370786516854,215.8370786516854,75.43772925764193,61.25921348314606,61.25921348314606,195.70781659388643,168.91067415730336,219.73899710514695,217.78803787841616,70.71155733280999,65.98538540797801,221.6899563318777
2015,9,2,75.43772925764193,195.70781659388643,44.98275109170305,12.017423580786025,1.43353711790393,56.533799126637554,221.6899563318777,221.6899563318777,215.8370786516854,75.43772925764193,75.43772925764193,61.25921348314606,195.70781659388643,195.70781659388643,221.6899563318777,218.76351749178153,75.43772925764193,68.348471370394,221.6899563318777
2015,9,2,75.43772925764193,195.70781659388643,44.98275109170305,12.017423580786025,1.43353711790393,56.533799126637554,221.6899563318777,221.6899563318777,221.6899563318777,75.43772925764193,75.43772925764193,75.43772925764193,195.70781659388643,195.70781659388643,221.6899563318777,219.73899710514695,75.43772925764193,70.71155733280997,221.6899563318777
2015,9,2,75.43772925764193,195.70781659388643,44.98275109170305,12.017423580786025,1.43353711790393,56.533799126637554,221.6899563318777,221.6899563318777,221.6899563318777,75.43772925764193,75.43772925764193,75.43772925764193,195.70781659388643,195.70781659388643,221.6899563318777,220.71447671851232,75.43772925764193,73.07464329522595,221.6899563318777
2015,9,2,75.43772925764193,195.70781659388643,44.98275109170305,12.017423580786025,1.43353711790393,56.533799126637554,221.6899563318777,221.6899563318777,221.6899563318777,75.43772925764193,75.43772925764193,75.43772925764193,195.70781659388643,195.70781659388643,221.6899563318777,221.6899563318777,75.43772925764193,75.43772925764193,221.6899563318777
2015,9,2,75.43772925764193,195.70781659388643,44.98275109170305,12.017423580786025,1.43353711790393,56.533799126637554,221.6899563318777,221.6899563318777,221.6899563318777,75.43772925764193,75.43772925764193,75.43772925764193,195.70781659388643,195.70781659388643,221.6899563318777,221.6899563318777,75.43772925764193,75.43772925764193,221.6899563318777
2015,9,2,75.43772925764193,195.70781659388643,44.98275109170305,12.017423580786025,1.43353711790393,56.533799126637554,221.6899563318777,221.6899563318777,221.6899563318777,75.43772925764193,75.43772925764193,75.43772925764193,195.70781659388643,195.70781659388643,221.6899563318777,221.6899563318777,75.43772925764193,75.43772925764193,221.6899563318777
2015,9,2,75.43772925764193,195.70781659388643,44.98275109170305,12.017423580786025,1.43353711790393,56.533799126637554,221.6899563318777,221.6899563318777,221.6899563318777,75.43772925764193,75.43772925764193,75.43772925764193,195.70781659388643,195.70781659388643,221.6899563318777,221.6899563318777,75.43772925764193,75.43772925764193,221.6899563318777
2015,9,2,75.43772925764193,195.70781659388643,44.98275109170305,12.017423580786025,1.43353711790393,56.533799126637554,221.6899563318777,221.6899563318777,221.6899563318777,75.43772925764193,75.43772925764193,75.43772925764193,195.70781659388643,195.70781659388643,221.6899563318777,221.6899563318777,75.43772925764193,75.43772925764193,221.6899563318777
2015,10,2,110.713179916318,232.5538075313808,52.34573221757323,14.289958158995816,2.5110460251046023,63.938786610878665,221.6899563318777,221.6899563318777,221.6899563318777,75.43772925764193,75.43772925764193,75.43772925764193,195.70781659388643,195.70781659388643,240.72217451413883,231.20606542300825,87.19621281053395,81.31697103408794,278.78661087866107
2015,10,2,110.713179916318,232.5538075313808,52.34573221757323,14.289958158995816,2.5110460251046023,63.938786610878665,278.78661087866107,221.6899563318777,221.6899563318777,110.713179916318,75.43772925764193,75.43772925764193,232.5538075313808,195.70781659388643,259.7543926963999,240.72217451413883,98.95469636342597,87.19621281053395,278.78661087866107
2015,10,2,110.713179916318,232.5538075313808,52.34573221757323,14.289958158995816,2.5110460251046023,63.938786610878665,278.78661087866107,278.78661087866107,221.6899563318777,110.713179916318,110.713179916318,75.43772925764193,232.5538075313808,232.5538075313808,278.78661087866107,250.2382836052694,110.713179916318,93.07545458697996,278.78661087866107
2015,10,2,110.713179916318,232.5538075313808,52.34573221757323,14.289958158995816,2.5110460251046023,63.938786610878665,278.78661087866107,278.78661087866107,278.78661087866107,110.713179916318,110.713179916318,110.713179916318,232.5538075313808,232.5538075313808,278.78661087866107,259.7543926963999,110.713179916318,98.95469636342598,278.78661087866107
2015,10,2,110.713179916318,232.5538075313808,52.34573221757323,14.289958158995816,2.5110460251046023,63.938786610878665,278.78661087866107,278.78661087866107,278.78661087866107,110.713179916318,110.713179916318,110.713179916318,232.5538075313808,232.5538075313808,278.78661087866107,269.27050178753046,110.713179916318,104.83393813987198,278.78661087866107
2015,10,2,110.713179916318,232.5538075313808,52.34573221757323,14.289958158995816,2.5110460251046023,63.938786610878665,278.78661087866107,278.78661087866107,278.78661087866107,110.713179916318,110.713179916318,110.713179916318,232.5538075313808,232.5538075313808,278.78661087866107,278.78661087866107,110.713179916318,110.713179916318,278.78661087866107
2015,10,2,110.713179916318,232.5538075313808,52.34573221757323,14.289958158995816,2.5110460251046023,63.938786610878665,278.78661087866107,278.78661087866107,278.78661087866107,110.713179916318,110.713179916318,110.713179916318,232.5538075313808,232.5538075313808,278.78661087866107,278.78661087866107,110.713179916318,110.713179916318,278.78661087866107
2015,10,2,110.713179916318,232.5538075313808,52.34573221757323,14.289958158995816,2.5110460251046023,63.938786610878665,278.78661087866107,278.78661087866107,278.78661087866107,110.713179916318,110.713179916318,110.713179916318,232.5538075313808,232.5538075313808,278.78661087866107,278.78661087866107,110.713179916318,110.713179916318,278.78661087866107
2015,10,2,110.713179916318,232.5538075313808,52.34573221757323,14.289958158995816,2.5110460251046023,63.938786610878665,278.78661087866107,278.78661087866107,278.78661087866107,110.713179916318,110.713179916318,110.713179916318,232.5538075313808,232.5538075313808,278.78661087866107,278.78661087866107,110.713179916318,110.713179916318,278.78661087866107
2015,10,2,110.713179916318,232.5538075313808,52.34573221757323,14.289958158995816,2.5110460251046023,63.938786610878665,278.78661087866107,278.78661087866107,278.78661087866107,110.713179916318,110.713179916318,110.713179916318,232.5538075313808,232.5538075313808,278.78661087866107,278.78661087866107,110.713179916318,110.713179916318,278.78661087866107
2015,11,2,195.2773725490196,310.7727058823529,71.49705882352941,21.781960784313725,2.424156862745098,85.99662745098038,278.78661087866107,278.78661087866107,278.78661087866107,110.713179916318,110.713179916318,110.713179916318,232.5538075313808,232.5538075313808,305.25643339623156,292.0215221374463,138.90124412721852,124.80721202176828,358.19607843137254
2015,11,2,195.2773725490196,310.7727058823529,71.49705882352941,21.781960784313725,2.424156862745098,85.99662745098038,358.19607843137254,278.78661087866107,278.78661087866107,195.2773725490196,110.713179916318,110.713179916318,310.7727058823529,232.5538075313808,331.72625591380205,305.25643339623156,167.08930833811905,138.90124412721852,358.19607843137254
2015,11,2,195.2773725490196,310.7727058823529,71.49705882352941,21.781960784313725,2.424156862745098,85.99662745098038,358.19607843137254,358.19607843137254,278.78661087866107,195.2773725490196,195.2773725490196,110.713179916318,310.7727058823529,310.7727058823529,358.19607843137254,318.4913446550168,195.2773725490196,152.9952762326688,358.19607843137254
2015,11,2,195.2773725490196,310.7727058823529,71.49705882352941,21.781960784313725,2.424156862745098,85.99662745098038,358.19607843137254,358.19607843137254,358.19607843137254,195.2773725490196,195.2773725490196,195.2773725490196,310.7727058823529,310.7727058823529,358.19607843137254,331.72625591380205,195.2773725490196,167.08930833811905,358.19607843137254
2015,11,2,195.2773725490196,310.7727058823529,71.49705882352941,21.781960784313725,2.424156862745098,85.99662745098038,358.19607843137254,358.19607843137254,358.19607843137254,195.2773725490196,195.2773725490196,195.2773725490196,310.7727058823529,310.7727058823529,358.19607843137254,344.9611671725873,195.2773725490196,181.18334044356934,358.19607843137254
2015,11,2,195.2773725490196,310.7727058823529,71.49705882352941,21.781960784313725,2.424156862745098,85.99662745098038,358.19607843137254,358.19607843137254,358.19607843137254,195.2773725490196,195.2773725490196,195.2773725490196,310.7727058823529,310.7727058823529,358.19607843137254,358.19607843137254,195.2773725490196,195.2773725490196,358.19607843137254
2015,11,2,195.2773725490196,310.7727058823529,71.49705882352941,21.781960784313725,2.424156862745098,85.99662745098038,358.19607843137254,358.19607843137254,358.19607843137254,195.2773725490196,195.2773725490196,195.2773725490196,310.7727058823529,310.7727058823529,358.19607843137254,358.19607843137254,195.2773725490196,195.2773725490196,358.19607843137254
2015,11,2,195.2773725490196,310.7727058823529,71.49705882352941,21.781960784313725,2.424156862745098,85.99662745098038,358.19607843137254,358.19607843137254,358.19607843137254,195.2773725490196,195.2773725490196,195.2773725490196,310.7727058823529,310.7727058823529,358.19607843137254,358.19607843137254,195.2773725490196,195.2773725490196,358.19607843137254
2015,11,2,195.2773725490196,310.7727058823529,71.49705882352941,21.781960784313725,2.424156862745098,85.99662745098038,358.19607843137254,358.19607843137254,358.19607843137254,195.2773725490196,195.2773725490196,195.2773725490196,310.7727058823529,310.7727058823529,358.19607843137254,358.19607843137254,195.2773725490196,195.2773725490196,358.19607843137254
2015,11,2,195.2773725490196,310.7727058823529,71.49705882352941,21.781960784313725,2.424156862745098,85.99662745098038,358.19607843137254,358.19607843137254,358.19607843137254,195.2773725490196,195.2773725490196,195.2773725490196,310.7727058823529,310.7727058823529,358.19607843137254,358.19607843137254,195.2773725490196,195.2773725490196,358.19607843137254
2015,12,2,167.8849528301887,286.1279716981132,78.44386792452829,19.516084905660374,4.64561320754717,77.34735849056604,358.19607843137254,358.19607843137254,358.19607843137254,195.2773725490196,195.2773725490196,195.2773725490196,310.7727058823529,310.7727058823529,349.5772598347515,353.886669133062,186.14656597607598,190.71196926254777,332.33962264150944
2015,12,2,167.8849528301887,286.1279716981132,78.44386792452829,19.516084905660374,4.64561320754717,77.34735849056604,332.33962264150944,358.19607843137254,358.19607843137254,167.8849528301887,195.2773725490196,195.2773725490196,286.1279716981132,310.7727058823529,340.9584412381305,349.5772598347515,177.0157594031323,186.14656597607595,332.33962264150944
2015,12,2,167.8849528301887,286.1279716981132,78.44386792452829,19.516084905660374,4.64561320754717,77.34735849056604,332.33962264150944,332.33962264150944,358.19607843137254,167.8849528301887,167.8849528301887,195.2773725490196,286.1279716981132,286.1279716981132,332.33962264150944,345.267850536441,167.8849528301887,181.58116268960416,332.33962264150944
2015,12,2,167.8849528301887,286.1279716981132,78.44386792452829,19.516084905660374,4.64561320754717,77.34735849056604,332.33962264150944,332.33962264150944,332.33962264150944,167.8849528301887,167.8849528301887,167.8849528301887,286.1279716981132,286.1279716981132,332.33962264150944,340.9584412381305,167.8849528301887,177.0157594031323,332.33962264150944
2015,12,2,167.8849528301887,286.1279716981132,78.44386792452829,19.516084905660374,4.64561320754717,77.34735849056604,332.33962264150944,332.33962264150944,332.33962264150944,167.8849528301887,167.8849528301887,167.8849528301887,286.1279716981132,286.1279716981132,332.33962264150944,336.64903193981996,167.8849528301887,172.4503561166605,332.33962264150944
2015,12,2,167.8849528301887,286.1279716981132,78.44386792452829,19.516084905660374,4.64561320754717,77.34735849056604,332.33962264150944,332.33962264150944,332.33962264150944,167.8849528301887,167.8849528301887,167.8849528301887,286.1279716981132,286.1279716981132,332.33962264150944,332.33962264150944,167.8849528301887,167.8849528301887,332.33962264150944
2015,12,2,167.8849528301887,286.1279716981132,78.44386792452829,19.516084905660374,4.64561320754717,77.34735849056604,332.33962264150944,332.33962264150944,332.33962264150944,167.8849528301887,167.8849528301887,167.8849528301887,286.1279716981132,286.1279716981132,332.33962264150944,332.33962264150944,167.8849528301887,167.8849528301887,332.33962264150944
2015,12,2,167.8849528301887,286.1279716981132,78.44386792452829,19.516084905660374,4.64561320754717,77.34735849056604,332.33962264150944,332.33962264150944,332.33962264150944,167.8849528301887,167.8849528301887,167.8849528301887,286.1279716981132,286.1279716981132,332.33962264150944,332.33962264150944,167.8849528301887,167.8849528301887,332.33962264150944
2015,12,2,167.8849528301887,286.1279716981132,78.44386792452829,19.516084905660374,4.64561320754717,77.34735849056604,332.33962264150944,332.33962264150944,332.33962264150944,167.8849528301887,167.8849528301887,167.8849528301887,286.1279716981132,286.1279716981132,332.33962264150944,332.33962264150944,167.8849528301887,167.8849528301887,332.33962264150944
2015,12,2,167.8849528301887,286.1279716981132,78.44386792452829,19.516084905660374,4.64561320754717,77.34735849056604,332.33962264150944,332.33962264150944,332.33962264150944,167.8849528301887,167.8849528301887,167.8849528301887,286.1279716981132,286.1279716981132,332.33962264150944,332.33962264150944,167.8849528301887,167.8849528301887,332.33962264150944
2016,1,2,205.7744,312.00337777777776,68.84577777777777,17.884888888888888,2.2910222222222223,93.72951111111112,332.33962264150944,332.33962264150944,332.33962264150944,167.8849528301887,167.8849528301887,167.8849528301887,286.1279716981132,286.1279716981132,346.5419706498951,339.4407966457023,180.51476855345913,174.19986069182391,374.94666666666666
2016,1,2,205.7744,312.00337777777776,68.84577777777777,17.884888888888888,2.2910222222222223,93.72951111111112,374.94666666666666,332.33962264150944,332.33962264150944,205.7744,167.8849528301887,167.8849528301887,312.00337777777776,286.1279716981132,360.7443186582809,346.5419706498952,193.14458427672957,180.51476855345913,374.94666666666666
2016,1,2,205.7744,312.00337777777776,68.84577777777777,17.884888888888888,2.2910222222222223,93.72951111111112,374.94666666666666,374.94666666666666,332.33962264150944,205.7744,205.7744,167.8849528301887,312.00337777777776,312.00337777777776,374.94666666666666,353.643144654088,205.7744,186.82967641509435,374.94666666666666
2016,1,2,205.7744,312.00337777777776,68.84577777777777,17.884888888888888,2.2910222222222223,93.72951111111112,374.94666666666666,374.94666666666666,374.94666666666666,205.7744,205.7744,205.7744,312.00337777777776,312.00337777777776,374.94666666666666,360.7443186582809,205.7744,193.14458427672957,374.94666666666666
2016,1,2,205.7744,312.00337777777776,68.84577777777777,17.884888888888888,2.2910222222222223,93.72951111111112,374.94666666666666,374.94666666666666,374.94666666666666,205.7744,205.7744,205.7744,312.00337777777776,312.00337777777776,374.94666666666666,367.8454926624738,205.7744,199.4594921383648,374.94666666666666
2016,1,2,205.7744,312.00337777777776,68.84577777777777,17.884888888888888,2.2910222222222223,93.72951111111112,374.94666666666666,374.94666666666666,374.94666666666666,205.7744,205.7744,205.7744,312.00337777777776,312.00337777777776,374.94666666666666,374.94666666666666,205.7744,205.7744,374.94666666666666
2016,1,2,205.7744,312.00337777777776,68.84577777777777,17.884888888888888,2.2910222222222223,93.72951111111112,374.94666666666666,374.94666666666666,374.94666666666666,205.7744,205.7744,205.7744,312.00337777777776,312.00337777777776,374.94666666666666,374.94666666666666,205.7744,205.7744,374.94666666666666
2016,1,2,205.7744,312.00337777777776,68.84577777777777,17.884888888888888,2.2910222222222223,93.72951111111112,374.94666666666666,374.94666666666666,374.94666666666666,205.7744,205.7744,205.7744,312.00337777777776,312.00337777777776,374.94666666666666,374.94666666666666,205.7744,205.7744,374.94666666666666
2016,1,2,205.7744,312.00337777777776,68.84577777777777,17.884888888888888,2.2910222222222223,93.72951111111112,374.94666666666666,374.94666666666666,374.94666666666666,205.7744,205.7744,205.7744,312.00337777777776,312.00337777777776,374.94666666666666,374.94666666666666,205.7744,205.7744,374.94666666666666
2016,1,2,205.7744,312.00337777777776,68.84577777777777,17.884888888888888,2.2910222222222223,93.72951111111112,374.94666666666666,374.94666666666666,374.94666666666666,205.7744,205.7744,205.7744,312.00337777777776,312.00337777777776,374.94666666666666,374.94666666666666,205.7744,205.7744,374.94666666666666
2016,2,2,129.73363636363635,224.36898395721929,60.79716577540107,20.92705882352941,1.736951871657754,79.18449197860963,374.94666666666666,374.94666666666666,374.94666666666666,205.7744,205.7744,205.7744,312.00337777777776,312.00337777777776,345.00900772430185,359.97783719548426,180.4274787878788,193.1009393939394,285.1336898395722
2016,2,2,129.73363636363635,224.36898395721929,60.79716577540107,20.92705882352941,1.736951871657754,79.18449197860963,285.1336898395722,374.94666666666666,374.94666666666666,129.73363636363635,205.7744,205.7744,224.36898395721929,312.00337777777776,315.07134878193705,345.00900772430185,155.08055757575758,180.4274787878788,285.1336898395722
2016,2,2,129.73363636363635,224.36898395721929,60.79716577540107,20.92705882352941,1.736951871657754,79.18449197860963,285.1336898395722,285.1336898395722,374.94666666666666,129.73363636363635,129.73363636363635,205.7744,224.36898395721929,224.36898395721929,285.1336898395722,330.0401782531194,129.73363636363635,167.75401818181817,285.1336898395722
2016,2,2,129.73363636363635,224.36898395721929,60.79716577540107,20.92705882352941,1.736951871657754,79.18449197860963,285.1336898395722,285.1336898395722,285.1336898395722,129.73363636363635,129.73363636363635,129.73363636363635,224.36898395721929,224.36898395721929,285.1336898395722,315.071348781937,129.73363636363635,155.08055757575758,285.1336898395722
2016,2,2,129.73363636363635,224.36898395721929,60.79716577540107,20.92705882352941,1.736951871657754,79.18449197860963,285.1336898395722,285.1336898395722,285.1336898395722,129.73363636363635,129.73363636363635,129.73363636363635,224.36898395721929,224.36898395721929,285.1336898395722,300.1025193107546,129.73363636363635,142.40709696969694,285.1336898395722
2016,2,2,129.73363636363635,224.36898395721929,60.79716577540107,20.92705882352941,1.736951871657754,79.18449197860963,285.1336898395722,285.1336898395722,285.1336898395722,129.73363636363635,129.73363636363635,129.73363636363635,224.36898395721929,224.36898395721929,285.1336898395722,285.1336898395722,129.73363636363635,129.73363636363635,285.1336898395722
2016,2,2,129.73363636363635,224.36898395721929,60.79716577540107,20.92705882352941,1.736951871657754,79.18449197860963,285.1336898395722,285.1336898395722,285.1336898395722,129.73363636363635,129.73363636363635,129.73363636363635,224.36898395721929,224.36898395721929,285.1336898395722,285.1336898395722,129.73363636363635,129.73363636363635,285.1336898395722
2016,2,2,129.73363636363635,224.36898395721929,60.79716577540107,20.92705882352941,1.736951871657754,79.18449197860963,285.1336898395722,285.1336898395722,285.1336898395722,129.73363636363635,129.73363636363635,129.73363636363635,224.36898395721929,224.36898395721929,285.1336898395722,285.1336898395722,129.73363636363635,129.73363636363635,285.1336898395722
2016,2,2,129.73363636363635,224.36898395721929,60.79716577540107,20.92705882352941,1.736951871657754,79.18449197860963,285.1336898395722,285.1336898395722,285.1336898395722,129.73363636363635,129.73363636363635,129.73363636363635,224.36898395721929,224.36898395721929,285.1336898395722,285.1336898395722,129.73363636363635,129.73363636363635,285.1336898395722
2016,2,2,129.73363636363635,224.36898395721929,60.79716577540107,20.92705882352941,1.736951871657754,79.18449197860963,285.1336898395722,285.1336898395722,285.1336898395722,129.73363636363635,129.73363636363635,129.73363636363635,224.36898395721929,224.36898395721929,285.1336898395722,285.1336898395722,129.73363636363635,129.73363636363635,285.1336898395722
2016,3,2,92.54466257668712,183.42638036809817,54.9419018404908,22.2738036809816,1.5542944785276074,70.75466257668712,285.1336898395722,285.1336898395722,285.1336898395722,129.73363636363635,129.73363636363635,129.73363636363635,224.36898395721929,224.36898395721929,267.2384108132935,276.18605032643285,117.33731176798659,123.53547406581147,231.4478527607362
2016,3,2,92.54466257668712,183.42638036809817,54.9419018404908,22.2738036809816,1.5542944785276074,70.75466257668712,231.4478527607362,285.1336898395722,285.1336898395722,92.54466257668712,129.73363636363635,129.73363636363635,183.42638036809817,224.36898395721929,249.34313178701487,267.2384108132935,104.94098717233686,117.3373117679866,231.4478527607362
2016,3,2,92.54466257668712,183.42638036809817,54.9419018404908,22.2738036809816,1.5542944785276074,70.75466257668712,231.4478527607362,231.4478527607362,285.1336898395722,92.54466257668712,92.54466257668712,129.73363636363635,183.42638036809817,183.42638036809817,231.4478527607362,258.2907713001542,92.54466257668712,111.13914947016173,231.4478527607362
2016,3,2,92.54466257668712,183.42638036809817,54.9419018404908,22.2738036809816,1.5542944785276074,70.75466257668712,231.4478527607362,231.4478527607362,231.4478527607362,92.54466257668712,92.54466257668712,92.54466257668712,183.42638036809817,183.42638036809817,231.4478527607362,249.34313178701487,92.54466257668712,104.94098717233686,231.4478527607362
2016,3,2,92.54466257668712,183.42638036809817,54.9419018404908,22.2738036809816,1.5542944785276074,70.75466257668712,231.4478527607362,231.4478527607362,231.4478527607362,92.54466257668712,92.54466257668712,92.54466257668712,183.42638036809817,183.42638036809817,231.4478527607362,240.39549227387556,92.54466257668712,98.742824874512,231.4478527607362
2016,3,2,92.54466257668712,183.42638036809817,54.9419018404908,22.2738036809816,1.5542944785276074,70.75466257668712,231.4478527607362,231.4478527607362,231.4478527607362,92.54466257668712,92.54466257668712,92.54466257668712,183.42638036809817,183.42638036809817,231.4478527607362,231.4478527607362,92.54466257668712,92.54466257668712,231.4478527607362
2016,3,2,92.54466257668712,183.42638036809817,54.9419018404908,22.2738036809816,1.5542944785276074,70.75466257668712,231.4478527607362,231.4478527607362,231.4478527607362,92.54466257668712,92.54466257668712,92.54466257668712,183.42638036809817,183.42638036809817,231.4478527607362,231.4478527607362,92.54466257668712,92.54466257668712,231.4478527607362
2016,3,2,92.54466257668712,183.42638036809817,54.9419018404908,22.2738036809816,1.5542944785276074,70.75466257668712,231.4478527607362,231.4478527607362,231.4478527607362,92.54466257668712,92.54466257668712,92.54466257668712,183.42638036809817,183.42638036809817,231.4478527607362,231.4478527607362,92.54466257668712,92.54466257668712,231.4478527607362
2016,3,2,92.54466257668712,183.42638036809817,54.9419018404908,22.2738036809816,1.5542944785276074,70.75466257668712,231.4478527607362,231.4478527607362,231.4478527607362,92.54466257668712,92.54466257668712,92.54466257668712,183.42638036809817,183.42638036809817,231.4478527607362,231.4478527607362,92.54466257668712,92.54466257668712,231.4478527607362
2016,3,2,92.54466257668712,183.42638036809817,54.9419018404908,22.2738036809816,1.5542944785276074,70.75466257668712,231.4478527607362,231.4478527607362,231.4478527607362,92.54466257668712,92.54466257668712,92.54466257668712,183.42638036809817,183.42638036809817,231.4478527607362,231.4478527607362,92.54466257668712,92.54466257668712,231.4478527607362
2016,4,2,107.0490625,222.04729166666667,54.71911458333333,26.468958333333333,1.5510416666666669,67.22760416666667,231.4478527607362,231.4478527607362,231.4478527607362,92.54466257668712,92.54466257668712,92.54466257668712,183.42638036809817,183.42638036809817,245.28294350715746,238.3653981339468,97.37946255112475,94.96206256390593,272.953125
2016,4,2,107.0490625,222.04729166666667,54.71911458333333,26.468958333333333,1.5510416666666669,67.22760416666667,272.953125,231.4478527607362,231.4478527607362,107.0490625,92.54466257668712,92.54466257668712,222.04729166666667,183.42638036809817,259.11803425357874,245.28294350715746,102.21426252556238,97.37946255112475,272.953125
2016,4,2,107.0490625,222.04729166666667,54.71911458333333,26.468958333333333,1.5510416666666669,67.22760416666667,272.953125,272.953125,231.4478527607362,107.0490625,107.0490625,92.54466257668712,222.04729166666667,222.04729166666667,272.953125,252.20048888036808,107.0490625,99.79686253834355,272.953125
2016,4,2,107.0490625,222.04729166666667,54.71911458333333,26.468958333333333,1.5510416666666669,67.22760416666667,272.953125,272.953125,272.953125,107.0490625,107.0490625,107.0490625,222.04729166666667,222.04729166666667,272.953125,259.11803425357874,107.0490625,102.21426252556239,272.953125
2016,4,2,107.0490625,222.04729166666667,54.71911458333333,26.468958333333333,1.5510416666666669,67.22760416666667,272.953125,272.953125,272.953125,107.0490625,107.0490625,107.0490625,222.04729166666667,222.04729166666667,272.953125,266.03557962678934,107.0490625,104.63166251278119,272.953125
2016,4,2,107.0490625,222.04729166666667,54.71911458333333,26.468958333333333,1.5510416666666669,67.22760416666667,272.953125,272.953125,272.953125,107.0490625,107.0490625,107.0490625,222.04729166666667,222.04729166666667,272.953125,272.953125,107.0490625,107.0490625,272.953125
2016,4,2,107.0490625,222.04729166666667,54.71911458333333,26.468958333333333,1.5510416666666669,67.22760416666667,272.953125,272.953125,272.953125,107.0490625,107.0490625,107.0490625,222.04729166666667,222.04729166666667,272.953125,272.953125,107.0490625,107.0490625,272.953125
2016,4,2,107.0490625,222.04729166666667,54.71911458333333,26.468958333333333,1.5510416666666669,67.22760416666667,272.953125,272.953125,272.953125,107.0490625,107.0490625,107.0490625,222.04729166666667,222.04729166666667,272.953125,272.953125,107.0490625,107.0490625,272.953125
2016,4,2,107.0490625,222.04729166666667,54.71911458333333,26.468958333333333,1.5510416666666669,67.22760416666667,272.953125,272.953125,272.953125,107.0490625,107.0490625,107.0490625,222.04729166666667,222.04729166666667,272.953125,272.953125,107.0490625,107.0490625,272.953125
2016,4,2,107.0490625,222.04729166666667,54.71911458333333,26.468958333333333,1.5510416666666669,67.22760416666667,272.953125,272.953125,272.953125,107.0490625,107.0490625,107.0490625,222.04729166666667,222.04729166666667,272.953125,272.953125,107.0490625,107.0490625,272.953125
2016,5,2,93.84412087912088,207.3839010989011,51.99120879120879,17.547142857142855,1.316868131868132,70.83807692307693,272.953125,272.953125,272.953125,107.0490625,107.0490625,107.0490625,222.04729166666667,222.04729166666667,267.8405448717949,270.39683493589746,102.6474152930403,104.84823889652016,257.61538461538464
2016,5,2,93.84412087912088,207.3839010989011,51.99120879120879,17.547142857142855,1.316868131868132,70.83807692307693,257.61538461538464,272.953125,272.953125,93.84412087912088,107.0490625,107.0490625,207.3839010989011,222.04729166666667,262.7279647435898,267.84054487179486,98.2457680860806,102.6474152930403,257.61538461538464
2016,5,2,93.84412087912088,207.3839010989011,51.99120879120879,17.547142857142855,1.316868131868132,70.83807692307693,257.61538461538464,257.61538461538464,272.953125,93.84412087912088,93.84412087912088,107.0490625,207.3839010989011,207.3839010989011,257.61538461538464,265.2842548076923,93.84412087912088,100.44659168956044,257.61538461538464
2016,5,2,93.84412087912088,207.3839010989011,51.99120879120879,17.547142857142855,1.316868131868132,70.83807692307693,257.61538461538464,257.61538461538464,257.61538461538464,93.84412087912088,93.84412087912088,93.84412087912088,207.3839010989011,207.3839010989011,257.61538461538464,262.7279647435898,93.84412087912088,98.24576808608059,257.61538461538464
2016,5,2,93.84412087912088,207.3839010989011,51.99120879120879,17.547142857142855,1.316868131868132,70.83807692307693,257.61538461538464,257.61538461538464,257.61538461538464,93.84412087912088,93.84412087912088,93.84412087912088,207.3839010989011,207.3839010989011,257.61538461538464,260.17167467948724,93.84412087912088,96.04494448260073,257.61538461538464
2016,5,2,93.84412087912088,207.3839010989011,51.99120879120879,17.547142857142855,1.316868131868132,70.83807692307693,257.61538461538464,257.61538461538464,257.61538461538464,93.84412087912088,93.84412087912088,93.84412087912088,207.3839010989011,207.3839010989011,257.61538461538464,257.61538461538464,93.84412087912088,93.84412087912088,257.61538461538464
2016,5,2,93.84412087912088,207.3839010989011,51.99120879120879,17.547142857142855,1.316868131868132,70.83807692307693,257.61538461538464,257.61538461538464,257.61538461538464,93.84412087912088,93.84412087912088,93.84412087912088,207.3839010989011,207.3839010989011,257.61538461538464,257.61538461538464,93.84412087912088,93.84412087912088,257.61538461538464
2016,5,2,93.84412087912088,207.3839010989011,51.99120879120879,17.547142857142855,1.316868131868132,70.83807692307693,257.61538461538464,257.61538461538464,257.61538461538464,93.84412087912088,93.84412087912088,93.84412087912088,207.3839010989011,207.3839010989011,257.61538461538464,257.61538461538464,93.84412087912088,93.84412087912088,257.61538461538464
2016,5,2,93.84412087912088,207.3839010989011,51.99120879120879,17.547142857142855,1.316868131868132,70.83807692307693,257.61538461538464,257.61538461538464,257.61538461538464,93.84412087912088,93.84412087912088,93.84412087912088,207.3839010989011,207.3839010989011,257.61538461538464,257.61538461538464,93.84412087912088,93.84412087912088,257.61538461538464
2016,5,2,93.84412087912088,207.3839010989011,51.99120879120879,17.547142857142855,1.316868131868132,70.83807692307693,257.61538461538464,257.61538461538464,257.61538461538464,93.84412087912088,93.84412087912088,93.84412087912088,207.3839010989011,207.3839010989011,257.61538461538464,257.61538461538464,93.84412087912088,93.84412087912088,257.61538461538464
2016,6,2,84.16046082949309,185.04824884792623,40.09769585253456,11.538248847926267,3.815714285714286,60.06534562211981,257.61538461538464,257.61538461538464,257.61538461538464,93.84412087912088,93.84412087912088,93.84412087912088,207.3839010989011,207.3839010989011,250.5730828311474,254.094233723266,90.61623419591162,92.23017753751624,236.4884792626728
2016,6,2,84.16046082949309,185.04824884792623,40.09769585253456,11.538248847926267,3.815714285714286,60.06534562211981,236.4884792626728,257.61538461538464,257.61538461538464,84.16046082949309,93.84412087912088,93.84412087912088,185.04824884792623,207.3839010989011,243.53078104691008,250.5730828311474,87.38834751270235,90.61623419591162,236.4884792626728
2016,6,2,84.16046082949309,185.04824884792623,40.09769585253456,11.538248847926267,3.815714285714286,60.06534562211981,236.4884792626728,236.4884792626728,257.61538461538464,84.16046082949309,84.16046082949309,93.84412087912088,185.04824884792623,185.04824884792623,236.4884792626728,247.0519319390287,84.16046082949309,89.00229085430698,236.4884792626728
2016,6,2,84.16046082949309,185.04824884792623,40.09769585253456,11.538248847926267,3.815714285714286,60.06534562211981,236.4884792626728,236.4884792626728,236.4884792626728,84.16046082949309,84.16046082949309,84.16046082949309,185.04824884792623,185.04824884792623,236.4884792626728,243.53078104691008,84.16046082949309,87.38834751270235,236.4884792626728
2016,6,2,84.16046082949309,185.04824884792623,40.09769585253456,11.538248847926267,3.815714285714286,60.06534562211981,236.4884792626728,236.4884792626728,236.4884792626728,84.16046082949309,84.16046082949309,84.16046082949309,185.04824884792623,185.04824884792623,236.4884792626728,240.00963015479144,84.16046082949309,85.77440417109773,236.4884792626728
2016,6,2,84.16046082949309,185.04824884792623,40.09769585253456,11.538248847926267,3.815714285714286,60.06534562211981,236.4884792626728,236.4884792626728,236.4884792626728,84.16046082949309,84.16046082949309,84.16046082949309,185.04824884792623,185.04824884792623,236.4884792626728,236.4884792626728,84.16046082949309,84.16046082949309,236.4884792626728
2016,6,2,84.16046082949309,185.04824884792623,40.09769585253456,11.538248847926267,3.815714285714286,60.06534562211981,236.4884792626728,236.4884792626728,236.4884792626728,84.16046082949309,84.16046082949309,84.16046082949309,185.04824884792623,185.04824884792623,236.4884792626728,236.4884792626728,84.16046082949309,84.16046082949309,236.4884792626728
2016,6,2,84.16046082949309,185.04824884792623,40.09769585253456,11.538248847926267,3.815714285714286,60.06534562211981,236.4884792626728,236.4884792626728,236.4884792626728,84.16046082949309,84.16046082949309,84.16046082949309,185.04824884792623,185.04824884792623,236.4884792626728,236.4884792626728,84.16046082949309,84.16046082949309,236.4884792626728
2016,6,2,84.16046082949309,185.04824884792623,40.09769585253456,11.538248847926267,3.815714285714286,60.06534562211981,236.4884792626728,236.4884792626728,236.4884792626728,84.16046082949309,84.16046082949309,84.16046082949309,185.04824884792623,185.04824884792623,236.4884792626728,236.4884792626728,84.16046082949309,84.16046082949309,236.4884792626728
2016,6,2,84.16046082949309,185.04824884792623,40.09769585253456,11.538248847926267,3.815714285714286,60.06534562211981,236.4884792626728,236.4884792626728,236.4884792626728,84.16046082949309,84.16046082949309,84.16046082949309,185.04824884792623,185.04824884792623,236.4884792626728,236.4884792626728,84.16046082949309,84.16046082949309,236.4884792626728
2016,7,2,62.73254464285714,145.33549107142858,35.26348214285714,8.744553571428572,2.5416964285714285,44.71736607142857,236.4884792626728,236.4884792626728,236.4884792626728,84.16046082949309,84.16046082949309,84.16046082949309,185.04824884792623,185.04824884792623,217.57565284178187,227.03206605222735,77.01782210061444,80.58914146505377,179.75
2016,7,2,62.73254464285714,145.33549107142858,35.26348214285714,8.744553571428572,2.5416964285714285,44.71736607142857,179.75,236.4884792626728,236.4884792626728,62.73254464285714,84.16046082949309,84.16046082949309,145.33549107142858,185.04824884792623,198.66282642089095,217.57565284178187,69.87518337173579,77.01782210061444,179.75
2016,7,2,62.73254464285714,145.33549107142858,35.26348214285714,8.744553571428572,2.5416964285714285,44.71736607142857,179.75,179.75,236.4884792626728,62.73254464285714,62.73254464285714,84.16046082949309,145.33549107142858,145.33549107142858,179.75,208.1192396313364,62.73254464285714,73.4465027361751,179.75
2016,7,2,62.73254464285714,145.33549107142858,35.26348214285714,8.744553571428572,2.5416964285714285,44.71736607142857,179.75,179.75,179.75,62.73254464285714,62.73254464285714,62.73254464285714,145.33549107142858,145.33549107142858,179.75,198.66282642089095,62.73254464285714,69.87518337173579,179.75
2016,7,2,62.73254464285714,145.33549107142858,35.26348214285714,8.744553571428572,2.5416964285714285,44.71736607142857,179.75,179.75,179.75,62.73254464285714,62.73254464285714,62.73254464285714,145.33549107142858,145.33549107142858,179.75,189.20641321044548,62.73254464285714,66.30386400729647,179.75
2016,7,2,62.73254464285714,145.33549107142858,35.26348214285714,8.744553571428572,2.5416964285714285,44.71736607142857,179.75,179.75,179.75,62.73254464285714,62.73254464285714,62.73254464285714,145.33549107142858,145.33549107142858,179.75,179.75,62.73254464285714,62.73254464285714,179.75
2016,7,2,62.73254464285714,145.33549107142858,35.26348214285714,8.744553571428572,2.5416964285714285,44.71736607142857,179.75,179.75,179.75,62.73254464285714,62.73254464285714,62.73254464285714,145.33549107142858,145.33549107142858,179.75,179.75,62.73254464285714,62.73254464285714,179.75
2016,7,2,62.73254464285714,145.33549107142858,35.26348214285714,8.744553571428572,2.5416964285714285,44.71736607142857,179.75,179.75,179.75,62.73254464285714,62.73254464285714,62.73254464285714,145.33549107142858,145.33549107142858,179.75,179.75,62.73254464285714,62.73254464285714,179.75
2016,7,2,62.73254464285714,145.33549107142858,35.26348214285714,8.744553571428572,2.5416964285714285,44.71736607142857,179.75,179.75,179.75,62.73254464285714,62.73254464285714,62.73254464285714,145.33549107142858,145.33549107142858,179.75,179.75,62.73254464285714,62.73254464285714,179.75
2016,7,2,62.73254464285714,145.33549107142858,35.26348214285714,8.744553571428572,2.5416964285714285,44.71736607142857,179.75,179.75,179.75,62.73254464285714,62.73254464285714,62.73254464285714,145.33549107142858,145.33549107142858,179.75,179.75,62.73254464285714,62.73254464285714,179.75
2016,8,2,56.23988165680474,143.55905325443786,36.04372781065089,9.703846153846154,3.053550295857988,49.92272189349113,179.75,179.75,179.75,62.73254464285714,62.73254464285714,62.73254464285714,145.33549107142858,145.33549107142858,174.60848126232744,177.1792406311637,60.56832364750634,61.65043414518174,164.32544378698225
2016,8,2,56.23988165680474,143.55905325443786,36.04372781065089,9.703846153846154,3.053550295857988,49.92272189349113,164.32544378698225,179.75,179.75,56.23988165680474,62.73254464285714,62.73254464285714,143.55905325443786,145.33549107142858,169.46696252465483,174.6084812623274,58.40410265215555,60.56832364750634,164.32544378698225
2016,8,2,56.23988165680474,143.55905325443786,36.04372781065089,9.703846153846154,3.053550295857988,49.92272189349113,164.32544378698225,164.32544378698225,179.75,56.23988165680474,56.23988165680474,62.73254464285714,143.55905325443786,143.55905325443786,164.32544378698225,172.03772189349112,56.23988165680474,59.48621314983094,164.32544378698225
2016,8,2,56.23988165680474,143.55905325443786,36.04372781065089,9.703846153846154,3.053550295857988,49.92272189349113,164.32544378698225,164.32544378698225,164.32544378698225,56.23988165680474,56.23988165680474,56.23988165680474,143.55905325443786,143.55905325443786,164.32544378698225,169.46696252465483,56.23988165680474,58.40410265215554,164.32544378698225
2016,8,2,56.23988165680474,143.55905325443786,36.04372781065089,9.703846153846154,3.053550295857988,49.92272189349113,164.32544378698225,164.32544378698225,164.32544378698225,56.23988165680474,56.23988165680474,56.23988165680474,143.55905325443786,143.55905325443786,164.32544378698225,166.89620315581854,56.23988165680474,57.32199215448014,164.32544378698225
2016,8,2,56.23988165680474,143.55905325443786,36.04372781065089,9.703846153846154,3.053550295857988,49.92272189349113,164.32544378698225,164.32544378698225,164.32544378698225,56.23988165680474,56.23988165680474,56.23988165680474,143.55905325443786,143.55905325443786,164.32544378698225,164.32544378698225,56.23988165680474,56.23988165680474,164.32544378698225
2016,8,2,56.23988165680474,143.55905325443786,36.04372781065089,9.703846153846154,3.053550295857988,49.92272189349113,164.32544378698225,164.32544378698225,164.32544378698225,56.23988165680474,56.23988165680474,56.23988165680474,143.55905325443786,143.55905325443786,164.32544378698225,164.32544378698225,56.23988165680474,56.23988165680474,164.32544378698225
2016,8,2,56.23988165680474,143.55905325443786,36.04372781065089,9.703846153846154,3.053550295857988,49.92272189349113,164.32544378698225,164.32544378698225,164.32544378698225,56.23988165680474,56.23988165680474,56.23988165680474,143.55905325443786,143.55905325443786,164.32544378698225,164.32544378698225,56.23988165680474,56.23988165680474,164.32544378698225
2016,8,2,56.23988165680474,143.55905325443786,36.04372781065089,9.703846153846154,3.053550295857988,49.92272189349113,164.32544378698225,164.32544378698225,164.32544378698225,56.23988165680474,56.23988165680474,56.23988165680474,143.55905325443786,143.55905325443786,164.32544378698225,164.32544378698225,56.23988165680474,56.23988165680474,164.32544378698225
2016,8,2,56.23988165680474,143.55905325443786,36.04372781065089,9.703846153846154,3.053550295857988,49.92272189349113,164.32544378698225,164.32544378698225,164.32544378698225,56.23988165680474,56.23988165680474,56.23988165680474,143.55905325443786,143.55905325443786,164.32544378698225,164.32544378698225,56.23988165680474,56.23988165680474,164.32544378698225
2016,9,2,67.98574626865671,179.27858208955223,47.34067164179105,12.01231343283582,2.380074626865672,62.56999999999999,164.32544378698225,164.32544378698225,164.32544378698225,56.23988165680474,56.23988165680474,56.23988165680474,143.55905325443786,143.55905325443786,180.32641526097322,172.32592952397772,60.15516986075539,58.19752575878007,212.3283582089552
2016,9,2,67.98574626865671,179.27858208955223,47.34067164179105,12.01231343283582,2.380074626865672,62.56999999999999,212.3283582089552,164.32544378698225,164.32544378698225,67.98574626865671,56.23988165680474,56.23988165680474,179.27858208955223,143.55905325443786,196.3273867349642,180.32641526097322,64.07045806470605,60.15516986075539,212.3283582089552
2016,9,2,67.98574626865671,179.27858208955223,47.34067164179105,12.01231343283582,2.380074626865672,62.56999999999999,212.3283582089552,212.3283582089552,164.32544378698225,67.98574626865671,67.98574626865671,56.23988165680474,179.27858208955223,179.27858208955223,212.3283582089552,188.3269009979687,67.98574626865671,62.11281396273072,212.3283582089552
2016,9,2,67.98574626865671,179.27858208955223,47.34067164179105,12.01231343283582,2.380074626865672,62.56999999999999,212.3283582089552,212.3283582089552,212.3283582089552,67.98574626865671,67.98574626865671,67.98574626865671,179.27858208955223,179.27858208955223,212.3283582089552,196.3273867349642,67.98574626865671,64.07045806470606,212.3283582089552
2016,9,2,67.98574626865671,179.27858208955223,47.34067164179105,12.01231343283582,2.380074626865672,62.56999999999999,212.3283582089552,212.3283582089552,212.3283582089552,67.98574626865671,67.98574626865671,67.98574626865671,179.27858208955223,179.27858208955223,212.3283582089552,204.3278724719597,67.98574626865671,66.02810216668138,212.3283582089552
2016,9,2,67.98574626865671,179.27858208955223,47.34067164179105,12.01231343283582,2.380074626865672,62.56999999999999,212.3283582089552,212.3283582089552,212.3283582089552,67.98574626865671,67.98574626865671,67.98574626865671,179.27858208955223,179.27858208955223,212.3283582089552,212.3283582089552,67.98574626865671,67.98574626865671,212.3283582089552
2016,9,2,67.98574626865671,179.27858208955223,47.34067164179105,12.01231343283582,2.380074626865672,62.56999999999999,212.3283582089552,212.3283582089552,212.3283582089552,67.98574626865671,67.98574626865671,67.98574626865671,179.27858208955223,179.27858208955223,212.3283582089552,212.3283582089552,67.98574626865671,67.98574626865671,212.3283582089552
2016,9,2,67.98574626865671,179.27858208955223,47.34067164179105,12.01231343283582,2.380074626865672,62.56999999999999,212.3283582089552,212.3283582089552,212.3283582089552,67.98574626865671,67.98574626865671,67.98574626865671,179.27858208955223,179.27858208955223,212.3283582089552,212.3283582089552,67.98574626865671,67.98574626865671,212.3283582089552
2016,9,2,67.98574626865671,179.27858208955223,47.34067164179105,12.01231343283582,2.380074626865672,62.56999999999999,212.3283582089552,212.3283582089552,212.3283582089552,67.98574626865671,67.98574626865671,67.98574626865671,179.27858208955223,179.27858208955223,212.3283582089552,212.3283582089552,67.98574626865671,67.98574626865671,212.3283582089552
2016,9,2,67.98574626865671,179.27858208955223,47.34067164179105,12.01231343283582,2.380074626865672,62.56999999999999,212.3283582089552,212.3283582089552,212.3283582089552,67.98574626865671,67.98574626865671,67.98574626865671,179.27858208955223,179.27858208955223,212.3283582089552,212.3283582089552,67.98574626865671,67.98574626865671,212.3283582089552
2016,10,2,147.1579338842975,310.07289256198345,79.35132231404958,21.178595041322318,2.590826446280992,95.89512396694217,212.3283582089552,212.3283582089552,212.3283582089552,67.98574626865671,67.98574626865671,67.98574626865671,179.27858208955223,179.27858208955223,262.3125693844825,237.32046379671885,94.3764754738703,81.1811108712635,362.2809917355372
2016,10,2,147.1579338842975,310.07289256198345,79.35132231404958,21.178595041322318,2.590826446280992,95.89512396694217,362.2809917355372,212.3283582089552,212.3283582089552,147.1579338842975,67.98574626865671,67.98574626865671,310.07289256198345,179.27858208955223,312.29678056000984,262.3125693844825,120.76720467908392,94.3764754738703,362.2809917355372
2016,10,2,147.1579338842975,310.07289256198345,79.35132231404958,21.178595041322318,2.590826446280992,95.89512396694217,362.2809917355372,362.2809917355372,212.3283582089552,147.1579338842975,147.1579338842975,67.98574626865671,310.07289256198345,310.07289256198345,362.2809917355372,287.30467497224623,147.1579338842975,107.5718400764771,362.2809917355372
2016,10,2,147.1579338842975,310.07289256198345,79.35132231404958,21.178595041322318,2.590826446280992,95.89512396694217,362.2809917355372,362.2809917355372,362.2809917355372,147.1579338842975,147.1579338842975,147.1579338842975,310.07289256198345,310.07289256198345,362.2809917355372,312.29678056000984,147.1579338842975,120.76720467908392,362.2809917355372
2016,10,2,147.1579338842975,310.07289256198345,79.35132231404958,21.178595041322318,2.590826446280992,95.89512396694217,362.2809917355372,362.2809917355372,362.2809917355372,147.1579338842975,147.1579338842975,147.1579338842975,310.07289256198345,310.07289256198345,362.2809917355372,337.28888614777355,147.1579338842975,133.9625692816907,362.2809917355372
2016,10,2,147.1579338842975,310.07289256198345,79.35132231404958,21.178595041322318,2.590826446280992,95.89512396694217,362.2809917355372,362.2809917355372,362.2809917355372,147.1579338842975,147.1579338842975,147.1579338842975,310.07289256198345,310.07289256198345,362.2809917355372,362.2809917355372,147.1579338842975,147.1579338842975,362.2809917355372
2016,10,2,147.1579338842975,310.07289256198345,79.35132231404958,21.178595041322318,2.590826446280992,95.89512396694217,362.2809917355372,362.2809917355372,362.2809917355372,147.1579338842975,147.1579338842975,147.1579338842975,310.07289256198345,310.07289256198345,362.2809917355372,362.2809917355372,147.1579338842975,147.1579338842975,362.2809917355372
2016,10,2,147.1579338842975,310.07289256198345,79.35132231404958,21.178595041322318,2.590826446280992,95.89512396694217,362.2809917355372,362.2809917355372,362.2809917355372,147.1579338842975,147.1579338842975,147.1579338842975,310.07289256198345,310.07289256198345,362.2809917355372,362.2809917355372,147.1579338842975,147.1579338842975,362.2809917355372
2016,10,2,147.1579338842975,310.07289256198345,79.35132231404958,21.178595041322318,2.590826446280992,95.89512396694217,362.2809917355372,362.2809917355372,362.2809917355372,147.1579338842975,147.1579338842975,147.1579338842975,310.07289256198345,310.07289256198345,362.2809917355372,362.2809917355372,147.1579338842975,147.1579338842975,362.2809917355372
2016,10,2,147.1579338842975,310.07289256198345,79.35132231404958,21.178595041322318,2.590826446280992,95.89512396694217,362.2809917355372,362.2809917355372,362.2809917355372,147.1579338842975,147.1579338842975,147.1579338842975,310.07289256198345,310.07289256198345,362.2809917355372,362.2809917355372,147.1579338842975,147.1579338842975,362.2809917355372
2016,11,2,251.0872077922078,351.26733766233764,93.26006493506492,20.69006493506493,2.3934415584415585,51.19246753246753,362.2809917355372,362.2809917355372,362.2809917355372,147.1579338842975,147.1579338842975,147.1579338842975,310.07289256198345,310.07289256198345,377.6483667847304,369.96467926013383,181.80102518693425,164.4794795356159,408.3831168831169
2016,11,2,251.0872077922078,351.26733766233764,93.26006493506492,20.69006493506493,2.3934415584415585,51.19246753246753,408.3831168831169,362.2809917355372,362.2809917355372,251.0872077922078,147.1579338842975,147.1579338842975,351.26733766233764,310.07289256198345,393.01574183392364,377.6483667847304,216.44411648957103,181.80102518693425,408.3831168831169
2016,11,2,251.0872077922078,351.26733766233764,93.26006493506492,20.69006493506493,2.3934415584415585,51.19246753246753,408.3831168831169,408.3831168831169,362.2809917355372,251.0872077922078,251.0872077922078,147.1579338842975,351.26733766233764,351.26733766233764,408.3831168831169,385.332054309327,251.0872077922078,199.12257083825264,408.3831168831169
2016,11,2,251.0872077922078,351.26733766233764,93.26006493506492,20.69006493506493,2.3934415584415585,51.19246753246753,408.3831168831169,408.3831168831169,408.3831168831169,251.0872077922078,251.0872077922078,251.0872077922078,351.26733766233764,351.26733766233764,408.3831168831169,393.01574183392364,251.0872077922078,216.44411648957103,408.3831168831169
2016,11,2,251.0872077922078,351.26733766233764,93.26006493506492,20.69006493506493,2.3934415584415585,51.19246753246753,408.3831168831169,408.3831168831169,408.3831168831169,251.0872077922078,251.0872077922078,251.0872077922078,351.26733766233764,351.26733766233764,408.3831168831169,400.69942935852026,251.0872077922078,233.7656621408894,408.3831168831169
2016,11,2,251.0872077922078,351.26733766233764,93.26006493506492,20.69006493506493,2.3934415584415585,51.19246753246753,408.3831168831169,408.3831168831169,408.3831168831169,251.0872077922078,251.0872077922078,251.0872077922078,351.26733766233764,351.26733766233764,408.3831168831169,408.3831168831169,251.0872077922078,251.0872077922078,408.3831168831169
2016,11,2,251.0872077922078,351.26733766233764,93.26006493506492,20.69006493506493,2.3934415584415585,51.19246753246753,408.3831168831169,408.3831168831169,408.3831168831169,251.0872077922078,251.0872077922078,251.0872077922078,351.26733766233764,351.26733766233764,408.3831168831169,408.3831168831169,251.0872077922078,251.0872077922078,408.3831168831169
2016,11,2,251.0872077922078,351.26733766233764,93.26006493506492,20.69006493506493,2.3934415584415585,51.19246753246753,408.3831168831169,408.3831168831169,408.3831168831169,251.0872077922078,251.0872077922078,251.0872077922078,351.26733766233764,351.26733766233764,408.3831168831169,408.3831168831169,251.0872077922078,251.0872077922078,408.3831168831169
2016,11,2,251.0872077922078,351.26733766233764,93.26006493506492,20.69006493506493,2.3934415584415585,51.19246753246753,408.3831168831169,408.3831168831169,408.3831168831169,251.0872077922078,251.0872077922078,251.0872077922078,351.26733766233764,351.26733766233764,408.3831168831169,408.3831168831169,251.0872077922078,251.0872077922078,408.3831168831169
2016,11,2,251.0872077922078,351.26733766233764,93.26006493506492,20.69006493506493,2.3934415584415585,51.19246753246753,408.3831168831169,408.3831168831169,408.3831168831169,251.0872077922078,251.0872077922078,251.0872077922078,351.26733766233764,351.26733766233764,408.3831168831169,408.3831168831169,251.0872077922078,251.0872077922078,408.3831168831169
2016,12,2,191.2367105263158,328.49822368421053,71.27269736842106,18.105460526315788,2.3311184210526315,35.474736842105266,408.3831168831169,408.3831168831169,408.3831168831169,251.0872077922078,251.0872077922078,251.0872077922078,351.26733766233764,351.26733766233764,394.93304283435856,401.6580798587377,231.13704203691046,241.11212491455913,368.0328947368421
2016,12,2,191.2367105263158,328.49822368421053,71.27269736842106,18.105460526315788,2.3311184210526315,35.474736842105266,368.0328947368421,408.3831168831169,408.3831168831169,191.2367105263158,251.0872077922078,251.0872077922078,328.49822368421053,351.26733766233764,381.4829687856004,394.93304283435856,211.1868762816131,231.13704203691046,368.0328947368421
2016,12,2,191.2367105263158,328.49822368421053,71.27269736842106,18.105460526315788,2.3311184210526315,35.474736842105266,368.0328947368421,368.0328947368421,408.3831168831169,191.2367105263158,191.2367105263158,251.0872077922078,328.49822368421053,328.49822368421053,368.0328947368421,388.2080058099795,191.2367105263158,221.16195915926178,368.0328947368421
2016,12,2,191.2367105263158,328.49822368421053,71.27269736842106,18.105460526315788,2.3311184210526315,35.474736842105266,368.0328947368421,368.0328947368421,368.0328947368421,191.2367105263158,191.2367105263158,191.2367105263158,328.49822368421053,328.49822368421053,368.0328947368421,381.48296878560035,191.2367105263158,211.1868762816131,368.0328947368421
2016,12,2,191.2367105263158,328.49822368421053,71.27269736842106,18.105460526315788,2.3311184210526315,35.474736842105266,368.0328947368421,368.0328947368421,368.0328947368421,191.2367105263158,191.2367105263158,191.2367105263158,328.49822368421053,328.49822368421053,368.0328947368421,374.7579317612212,191.2367105263158,201.21179340396444,368.0328947368421
2016,12,2,191.2367105263158,328.49822368421053,71.27269736842106,18.105460526315788,2.3311184210526315,35.474736842105266,368.0328947368421,368.0328947368421,368.0328947368421,191.2367105263158,191.2367105263158,191.2367105263158,328.49822368421053,328.49822368421053,368.0328947368421,368.0328947368421,191.2367105263158,191.2367105263158,368.0328947368421
2016,12,2,191.2367105263158,328.49822368421053,71.27269736842106,18.105460526315788,2.3311184210526315,35.474736842105266,368.0328947368421,368.0328947368421,368.0328947368421,191.2367105263158,191.2367105263158,191.2367105263158,328.49822368421053,328.49822368421053,368.0328947368421,368.0328947368421,191.2367105263158,191.2367105263158,368.0328947368421
2016,12,2,191.2367105263158,328.49822368421053,71.27269736842106,18.105460526315788,2.3311184210526315,35.474736842105266,368.0328947368421,368.0328947368421,368.0328947368421,191.2367105263158,191.2367105263158,191.2367105263158,328.49822368421053,328.49822368421053,368.0328947368421,368.0328947368421,191.2367105263158,191.2367105263158,368.0328947368421
2016,12,2,191.2367105263158,328.49822368421053,71.27269736842106,18.105460526315788,2.3311184210526315,35.474736842105266,368.0328947368421,368.0328947368421,368.0328947368421,191.2367105263158,191.2367105263158,191.2367105263158,328.49822368421053,328.49822368421053,368.0328947368421,368.0328947368421,191.2367105263158,191.2367105263158,368.0328947368421
2016,12,2,191.2367105263158,328.49822368421053,71.27269736842106,18.105460526315788,2.3311184210526315,35.474736842105266,368.0328947368421,368.0328947368421,368.0328947368421,191.2367105263158,191.2367105263158,191.2367105263158,328.49822368421053,328.49822368421053,368.0328947368421,368.0328947368421,191.2367105263158,191.2367105263158,368.0328947368421
2017,1,2,164.3004109589041,251.3717808219178,60.22671232876713,17.483767123287674,1.7232191780821915,35.23561643835616,368.0328947368421,368.0328947368421,368.0328947368421,191.2367105263158,191.2367105263158,191.2367105263158,328.49822368421053,328.49822368421053,350.8461307378034,359.43951273732273,182.2579440038452,186.7473272650805,316.472602739726
2017,1,2,164.3004109589041,251.3717808219178,60.22671232876713,17.483767123287674,1.7232191780821915,35.23561643835616,316.472602739726,368.0328947368421,368.0328947368421,164.3004109589041,191.2367105263158,191.2367105263158,251.3717808219178,328.49822368421053,333.65936673876473,350.8461307378034,173.27917748137466,182.2579440038452,316.472602739726
2017,1,2,164.3004109589041,251.3717808219178,60.22671232876713,17.483767123287674,1.7232191780821915,35.23561643835616,316.472602739726,316.472602739726,368.0328947368421,164.3004109589041,164.3004109589041,191.2367105263158,251.3717808219178,251.3717808219178,316.472602739726,342.252748738284,164.3004109589041,177.76856074260994,316.472602739726
2017,1,2,164.3004109589041,251.3717808219178,60.22671232876713,17.483767123287674,1.7232191780821915,35.23561643835616,316.472602739726,316.472602739726,316.472602739726,164.3004109589041,164.3004109589041,164.3004109589041,251.3717808219178,251.3717808219178,316.472602739726,333.65936673876473,164.3004109589041,173.27917748137466,316.472602739726
2017,1,2,164.3004109589041,251.3717808219178,60.22671232876713,17.483767123287674,1.7232191780821915,35.23561643835616,316.472602739726,316.472602739726,316.472602739726,164.3004109589041,164.3004109589041,164.3004109589041,251.3717808219178,251.3717808219178,316.472602739726,325.0659847392454,164.3004109589041,168.78979422013938,316.472602739726
2017,1,2,164.3004109589041,251.3717808219178,60.22671232876713,17.483767123287674,1.7232191780821915,35.23561643835616,316.472602739726,316.472602739726,316.472602739726,164.3004109589041,164.3004109589041,164.3004109589041,251.3717808219178,251.3717808219178,316.472602739726,316.472602739726,164.3004109589041,164.3004109589041,316.472602739726
2017,1,2,164.3004109589041,251.3717808219178,60.22671232876713,17.483767123287674,1.7232191780821915,35.23561643835616,316.472602739726,316.472602739726,316.472602739726,164.3004109589041,164.3004109589041,164.3004109589041,251.3717808219178,251.3717808219178,316.472602739726,316.472602739726,164.3004109589041,164.3004109589041,316.472602739726
2017,1,2,164.3004109589041,251.3717808219178,60.22671232876713,17.483767123287674,1.7232191780821915,35.23561643835616,316.472602739726,316.472602739726,316.472602739726,164.3004109589041,164.3004109589041,164.3004109589041,251.3717808219178,251.3717808219178,316.472602739726,316.472602739726,164.3004109589041,164.3004109589041,316.472602739726
2017,1,2,164.3004109589041,251.3717808219178,60.22671232876713,17.483767123287674,1.7232191780821915,35.23561643835616,316.472602739726,316.472602739726,316.472602739726,164.3004109589041,164.3004109589041,164.3004109589041,251.3717808219178,251.3717808219178,316.472602739726,316.472602739726,164.3004109589041,164.3004109589041,316.472602739726
2017,1,2,164.3004109589041,251.3717808219178,60.22671232876713,17.483767123287674,1.7232191780821915,35.23561643835616,316.472602739726,316.472602739726,316.472602739726,164.3004109589041,164.3004109589041,164.3004109589041,251.3717808219178,251.3717808219178,316.472602739726,316.472602739726,164.3004109589041,164.3004109589041,316.472602739726
2017,2,2,148.03345864661654,255.66992481203008,63.56639097744361,17.006616541353385,1.727142857142857,34.77721804511278,316.472602739726,316.472602739726,316.472602739726,164.3004109589041,164.3004109589041,164.3004109589041,251.3717808219178,251.3717808219178,315.0669481923988,315.7697754660624,158.8780935214749,161.58925224018952,312.25563909774434
2017,2,2,148.03345864661654,255.66992481203008,63.56639097744361,17.006616541353385,1.727142857142857,34.77721804511278,312.25563909774434,316.472602739726,316.472602739726,148.03345864661654,164.3004109589041,164.3004109589041,255.66992481203008,251.3717808219178,313.66129364507157,315.0669481923988,153.4557760840457,158.87809352147494,312.25563909774434
2017,2,2,148.03345864661654,255.66992481203008,63.56639097744361,17.006616541353385,1.727142857142857,34.77721804511278,312.25563909774434,312.25563909774434,316.472602739726,148.03345864661654,148.03345864661654,164.3004109589041,255.66992481203008,255.66992481203008,312.25563909774434,314.3641209187352,148.03345864661654,156.16693480276032,312.25563909774434
2017,2,2,148.03345864661654,255.66992481203008,63.56639097744361,17.006616541353385,1.727142857142857,34.77721804511278,312.25563909774434,312.25563909774434,312.25563909774434,148.03345864661654,148.03345864661654,148.03345864661654,255.66992481203008,255.66992481203008,312.25563909774434,313.66129364507157,148.03345864661654,153.45577608404574,312.25563909774434
2017,2,2,148.03345864661654,255.66992481203008,63.56639097744361,17.006616541353385,1.727142857142857,34.77721804511278,312.25563909774434,312.25563909774434,312.25563909774434,148.03345864661654,148.03345864661654,148.03345864661654,255.66992481203008,255.66992481203008,312.25563909774434,312.95846637140795,148.03345864661654,150.74461736533115,312.25563909774434
2017,2,2,148.03345864661654,255.66992481203008,63.56639097744361,17.006616541353385,1.727142857142857,34.77721804511278,312.25563909774434,312.25563909774434,312.25563909774434,148.03345864661654,148.03345864661654,148.03345864661654,255.66992481203008,255.66992481203008,312.25563909774434,312.25563909774434,148.03345864661654,148.03345864661654,312.25563909774434
2017,2,2,148.03345864661654,255.66992481203008,63.56639097744361,17.006616541353385,1.727142857142857,34.77721804511278,312.25563909774434,312.25563909774434,312.25563909774434,148.03345864661654,148.03345864661654,148.03345864661654,255.66992481203008,255.66992481203008,312.25563909774434,312.25563909774434,148.03345864661654,148.03345864661654,312.25563909774434
2017,2,2,148.03345864661654,255.66992481203008,63.56639097744361,17.006616541353385,1.727142857142857,34.77721804511278,312.25563909774434,312.25563909774434,312.25563909774434,148.03345864661654,148.03345864661654,148.03345864661654,255.66992481203008,255.66992481203008,312.25563909774434,312.25563909774434,148.03345864661654,148.03345864661654,312.25563909774434
2017,2,2,148.03345864661654,255.66992481203008,63.56639097744361,17.006616541353385,1.727142857142857,34.77721804511278,312.25563909774434,312.25563909774434,312.25563909774434,148.03345864661654,148.03345864661654,148.03345864661654,255.66992481203008,255.66992481203008,312.25563909774434,312.25563909774434,148.03345864661654,148.03345864661654,312.25563909774434
2017,2,2,148.03345864661654,255.66992481203008,63.56639097744361,17.006616541353385,1.727142857142857,34.77721804511278,312.25563909774434,312.25563909774434,312.25563909774434,148.03345864661654,148.03345864661654,148.03345864661654,255.66992481203008,255.66992481203008,312.25563909774434,312.25563909774434,148.03345864661654,148.03345864661654,312.25563909774434
2017,3,2,103.20993150684932,234.0240410958904,52.43369863013699,17.749383561643835,1.7568493150684932,32.14595890410959,312.25563909774434,312.25563909774434,312.25563909774434,148.03345864661654,148.03345864661654,148.03345864661654,255.66992481203008,255.66992481203008,294.2343530058022,303.2449960517733,133.0922829333608,140.56287078998866,258.1917808219178
2017,3,2,103.20993150684932,234.0240410958904,52.43369863013699,17.749383561643835,1.7568493150684932,32.14595890410959,258.1917808219178,312.25563909774434,312.25563909774434,103.20993150684932,148.03345864661654,148.03345864661654,234.0240410958904,255.66992481203008,276.21306691386,294.2343530058021,118.15110722010506,133.0922829333608,258.1917808219178
2017,3,2,103.20993150684932,234.0240410958904,52.43369863013699,17.749383561643835,1.7568493150684932,32.14595890410959,258.1917808219178,258.1917808219178,312.25563909774434,103.20993150684932,103.20993150684932,148.03345864661654,234.0240410958904,234.0240410958904,258.1917808219178,285.22370995983107,103.20993150684932,125.62169507673293,258.1917808219178
2017,3,2,103.20993150684932,234.0240410958904,52.43369863013699,17.749383561643835,1.7568493150684932,32.14595890410959,258.1917808219178,258.1917808219178,258.1917808219178,103.20993150684932,103.20993150684932,103.20993150684932,234.0240410958904,234.0240410958904,258.1917808219178,276.21306691386,103.20993150684932,118.15110722010506,258.1917808219178
2017,3,2,103.20993150684932,234.0240410958904,52.43369863013699,17.749383561643835,1.7568493150684932,32.14595890410959,258.1917808219178,258.1917808219178,258.1917808219178,103.20993150684932,103.20993150684932,103.20993150684932,234.0240410958904,234.0240410958904,258.1917808219178,267.2024238678889,103.20993150684932,110.68051936347717,258.1917808219178
2017,3,2,103.20993150684932,234.0240410958904,52.43369863013699,17.749383561643835,1.7568493150684932,32.14595890410959,258.1917808219178,258.1917808219178,258.1917808219178,103.20993150684932,103.20993150684932,103.20993150684932,234.0240410958904,234.0240410958904,258.1917808219178,258.1917808219178,103.20993150684932,103.20993150684932,258.1917808219178
2017,3,2,103.20993150684932,234.0240410958904,52.43369863013699,17.749383561643835,1.7568493150684932,32.14595890410959,258.1917808219178,258.1917808219178,258.1917808219178,103.20993150684932,103.20993150684932,103.20993150684932,234.0240410958904,234.0240410958904,258.1917808219178,258.1917808219178,103.20993150684932,103.20993150684932,258.1917808219178
2017,3,2,103.20993150684932,234.0240410958904,52.43369863013699,17.749383561643835,1.7568493150684932,32.14595890410959,258.1917808219178,258.1917808219178,258.1917808219178,103.20993150684932,103.20993150684932,103.20993150684932,234.0240410958904,234.0240410958904,258.1917808219178,258.1917808219178,103.20993150684932,103.20993150684932,258.1917808219178
2017,3,2,103.20993150684932,234.0240410958904,52.43369863013699,17.749383561643835,1.7568493150684932,32.14595890410959,258.1917808219178,258.1917808219178,258.1917808219178,103.20993150684932,103.20993150684932,103.20993150684932,234.0240410958904,234.0240410958904,258.1917808219178,258.1917808219178,103.20993150684932,103.20993150684932,258.1917808219178
2017,3,2,103.20993150684932,234.0240410958904,52.43369863013699,17.749383561643835,1.7568493150684932,32.14595890410959,258.1917808219178,258.1917808219178,258.1917808219178,103.20993150684932,103.20993150684932,103.20993150684932,234.0240410958904,234.0240410958904,258.1917808219178,258.1917808219178,103.20993150684932,103.20993150684932,258.1917808219178
2017,4,2,105.0156834532374,257.19028776978416,64.32561151079136,21.977338129496403,1.454460431654676,34.96870503597122,258.1917808219178,258.1917808219178,258.1917808219178,103.20993150684932,103.20993150684932,103.20993150684932,234.0240410958904,234.0240410958904,263.77053973259746,260.98116027725763,103.811848822312,103.51089016458066,274.9280575539568
2017,4,2,105.0156834532374,257.19028776978416,64.32561151079136,21.977338129496403,1.454460431654676,34.96870503597122,274.9280575539568,258.1917808219178,258.1917808219178,105.0156834532374,103.20993150684932,103.20993150684932,257.19028776978416,234.0240410958904,269.34929864327717,263.77053973259746,104.4137661377747,103.81184882231202,274.9280575539568
2017,4,2,105.0156834532374,257.19028776978416,64.32561151079136,21.977338129496403,1.454460431654676,34.96870503597122,274.9280575539568,274.9280575539568,258.1917808219178,105.0156834532374,105.0156834532374,103.20993150684932,257.19028776978416,257.19028776978416,274.9280575539568,266.55991918793734,105.0156834532374,104.11280748004337,274.9280575539568
2017,4,2,105.0156834532374,257.19028776978416,64.32561151079136,21.977338129496403,1.454460431654676,34.96870503597122,274.9280575539568,274.9280575539568,274.9280575539568,105.0156834532374,105.0156834532374,105.0156834532374,257.19028776978416,257.19028776978416,274.9280575539568,269.3492986432771,105.0156834532374,104.4137661377747,274.9280575539568
2017,4,2,105.0156834532374,257.19028776978416,64.32561151079136,21.977338129496403,1.454460431654676,34.96870503597122,274.9280575539568,274.9280575539568,274.9280575539568,105.0156834532374,105.0156834532374,105.0156834532374,257.19028776978416,257.19028776978416,274.9280575539568,272.138678098617,105.0156834532374,104.71472479550606,274.9280575539568
2017,4,2,105.0156834532374,257.19028776978416,64.32561151079136,21.977338129496403,1.454460431654676,34.96870503597122,274.9280575539568,274.9280575539568,274.9280575539568,105.0156834532374,105.0156834532374,105.0156834532374,257.19028776978416,257.19028776978416,274.9280575539568,274.9280575539568,105.0156834532374,105.0156834532374,274.9280575539568
2017,4,2,105.0156834532374,257.19028776978416,64.32561151079136,21.977338129496403,1.454460431654676,34.96870503597122,274.9280575539568,274.9280575539568,274.9280575539568,105.0156834532374,105.0156834532374,105.0156834532374,257.19028776978416,257.19028776978416,274.9280575539568,274.9280575539568,105.0156834532374,105.0156834532374,274.9280575539568
2017,4,2,105.0156834532374,257.19028776978416,64.32561151079136,21.977338129496403,1.454460431654676,34.96870503597122,274.9280575539568,274.9280575539568,274.9280575539568,105.0156834532374,105.0156834532374,105.0156834532374,257.19028776978416,257.19028776978416,274.9280575539568,274.9280575539568,105.0156834532374,105.0156834532374,274.9280575539568
2017,4,2,105.0156834532374,257.19028776978416,64.32561151079136,21.977338129496403,1.454460431654676,34.96870503597122,274.9280575539568,274.9280575539568,274.9280575539568,105.0156834532374,105.0156834532374,105.0156834532374,257.19028776978416,257.19028776978416,274.9280575539568,274.9280575539568,105.0156834532374,105.0156834532374,274.9280575539568
2017,4,2,105.0156834532374,257.19028776978416,64.32561151079136,21.977338129496403,1.454460431654676,34.96870503597122,274.9280575539568,274.9280575539568,274.9280575539568,105.0156834532374,105.0156834532374,105.0156834532374,257.19028776978416,257.19028776978416,274.9280575539568,274.9280575539568,105.0156834532374,105.0156834532374,274.9280575539568
2017,5,2,107.48083333333334,275.4386111111112,60.82680555555555,25.08729166666667,1.5795833333333331,40.134375000000006,274.9280575539568,274.9280575539568,274.9280575539568,105.0156834532374,105.0156834532374,105.0156834532374,257.19028776978416,257.19028776978416,270.2413902211564,272.5847238875566,105.83740007993605,105.42654176658671,260.86805555555554
2017,5,2,107.48083333333334,275.4386111111112,60.82680555555555,25.08729166666667,1.5795833333333331,40.134375000000006,260.86805555555554,274.9280575539568,274.9280575539568,107.48083333333334,105.0156834532374,105.0156834532374,275.4386111111112,257.19028776978416,265.55472288835597,270.2413902211564,106.65911670663468,105.83740007993605,260.86805555555554
2017,5,2,107.48083333333334,275.4386111111112,60.82680555555555,25.08729166666667,1.5795833333333331,40.134375000000006,260.86805555555554,260.86805555555554,274.9280575539568,107.48083333333334,107.48083333333334,105.0156834532374,275.4386111111112,275.4386111111112,260.86805555555554,267.8980565547562,107.48083333333334,106.24825839328537,260.86805555555554
2017,5,2,107.48083333333334,275.4386111111112,60.82680555555555,25.08729166666667,1.5795833333333331,40.134375000000006,260.86805555555554,260.86805555555554,260.86805555555554,107.48083333333334,107.48083333333334,107.48083333333334,275.4386111111112,275.4386111111112,260.86805555555554,265.55472288835597,107.48083333333334,106.65911670663468,260.86805555555554
2017,5,2,107.48083333333334,275.4386111111112,60.82680555555555,25.08729166666667,1.5795833333333331,40.134375000000006,260.86805555555554,260.86805555555554,260.86805555555554,107.48083333333334,107.48083333333334,107.48083333333334,275.4386111111112,275.4386111111112,260.86805555555554,263.21138922195576,107.48083333333334,107.06997501998403,260.86805555555554
2017,5,2,107.48083333333334,275.4386111111112,60.82680555555555,25.08729166666667,1.5795833333333331,40.134375000000006,260.86805555555554,260.86805555555554,260.86805555555554,107.48083333333334,107.48083333333334,107.48083333333334,275.4386111111112,275.4386111111112,260.86805555555554,260.86805555555554,107.48083333333334,107.48083333333334,260.86805555555554
2017,5,2,107.48083333333334,275.4386111111112,60.82680555555555,25.08729166666667,1.5795833333333331,40.134375000000006,260.86805555555554,260.86805555555554,260.86805555555554,107.48083333333334,107.48083333333334,107.48083333333334,275.4386111111112,275.4386111111112,260.86805555555554,260.86805555555554,107.48083333333334,107.48083333333334,260.86805555555554
2017,5,2,107.48083333333334,275.4386111111112,60.82680555555555,25.08729166666667,1.5795833333333331,40.134375000000006,260.86805555555554,260.86805555555554,260.86805555555554,107.48083333333334,107.48083333333334,107.48083333333334,275.4386111111112,275.4386111111112,260.86805555555554,260.86805555555554,107.48083333333334,107.48083333333334,260.86805555555554
2017,5,2,107.48083333333334,275.4386111111112,60.82680555555555,25.08729166666667,1.5795833333333331,40.134375000000006,260.86805555555554,260.86805555555554,260.86805555555554,107.48083333333334,107.48083333333334,107.48083333333334,275.4386111111112,275.4386111111112,260.86805555555554,260.86805555555554,107.48083333333334,107.48083333333334,260.86805555555554
2017,5,2,107.48083333333334,275.4386111111112,60.82680555555555,25.08729166666667,1.5795833333333331,40.134375000000006,260.86805555555554,260.86805555555554,260.86805555555554,107.48083333333334,107.48083333333334,107.48083333333334,275.4386111111112,275.4386111111112,260.86805555555554,260.86805555555554,107.48083333333334,107.48083333333334,260.86805555555554
2017,6,2,78.2475,218.4061,56.5995,13.5591,1.2634999999999998,33.4142,260.86805555555554,260.86805555555554,260.86805555555554,107.48083333333334,107.48083333333334,107.48083333333334,275.4386111111112,275.4386111111112,242.5887037037037,251.7283796296296,97.73638888888888,102.6086111111111,206.03
2017,6,2,78.2475,218.4061,56.5995,13.5591,1.2634999999999998,33.4142,206.03,260.86805555555554,260.86805555555554,78.2475,107.48083333333334,107.48083333333334,218.4061,275.4386111111112,224.30935185185186,242.5887037037037,87.99194444444443,97.7363888888889,206.03
2017,6,2,78.2475,218.4061,56.5995,13.5591,1.2634999999999998,33.4142,206.03,206.03,260.86805555555554,78.2475,78.2475,107.48083333333334,218.4061,218.4061,206.03,233.4490277777778,78.2475,92.86416666666668,206.03
2017,6,2,78.2475,218.4061,56.5995,13.5591,1.2634999999999998,33.4142,206.03,206.03,206.03,78.2475,78.2475,78.2475,218.4061,218.4061,206.03,224.30935185185186,78.2475,87.99194444444446,206.03
2017,6,2,78.2475,218.4061,56.5995,13.5591,1.2634999999999998,33.4142,206.03,206.03,206.03,78.2475,78.2475,78.2475,218.4061,218.4061,206.03,215.16967592592593,78.2475,83.11972222222222,206.03
2017,6,2,78.2475,218.4061,56.5995,13.5591,1.2634999999999998,33.4142,206.03,206.03,206.03,78.2475,78.2475,78.2475,218.4061,218.4061,206.03,206.03,78.2475,78.2475,206.03
2017,6,2,78.2475,218.4061,56.5995,13.5591,1.2634999999999998,33.4142,206.03,206.03,206.03,78.2475,78.2475,78.2475,218.4061,218.4061,206.03,206.03,78.2475,78.2475,206.03
2017,6,2,78.2475,218.4061,56.5995,13.5591,1.2634999999999998,33.4142,206.03,206.03,206.03,78.2475,78.2475,78.2475,218.4061,218.4061,206.03,206.03,78.2475,78.2475,206.03
2017,6,2,78.2475,218.4061,56.5995,13.5591,1.2634999999999998,33.4142,206.03,206.03,206.03,78.2475,78.2475,78.2475,218.4061,218.4061,206.03,206.03,78.2475,78.2475,206.03
2017,6,2,78.2475,218.4061,56.5995,13.5591,1.2634999999999998,33.4142,206.03,206.03,206.03,78.2475,78.2475,78.2475,218.4061,218.4061,206.03,206.03,78.2475,78.2475,206.03
2017,7,2,59.676875,190.735625,36.335625,12.26,1.16,32.54,206.03,206.03,206.03,78.2475,78.2475,78.2475,218.4061,218.4061,185.32208333333332,195.6760416666667,72.05729166666666,75.15239583333333,143.90625
2017,7,2,59.676875,190.735625,36.335625,12.26,1.16,32.54,143.90625,206.03,206.03,59.676875,78.2475,78.2475,190.735625,218.4061,164.61416666666668,185.32208333333332,65.86708333333333,72.05729166666667,143.90625
2017,7,2,59.676875,190.735625,36.335625,12.26,1.16,32.54,143.90625,143.90625,206.03,59.676875,59.676875,78.2475,190.735625,190.735625,143.90625,174.96812500000001,59.676875,68.96218750000001,143.90625
2017,7,2,59.676875,190.735625,36.335625,12.26,1.16,32.54,143.90625,143.90625,143.90625,59.676875,59.676875,59.676875,190.735625,190.735625,143.90625,164.61416666666668,59.676875,65.86708333333333,143.90625
2017,7,2,59.676875,190.735625,36.335625,12.26,1.16,32.54,143.90625,143.90625,143.90625,59.676875,59.676875,59.676875,190.735625,190.735625,143.90625,154.26020833333334,59.676875,62.771979166666675,143.90625
2017,7,2,59.676875,190.735625,36.335625,12.26,1.16,32.54,143.90625,143.90625,143.90625,59.676875,59.676875,59.676875,190.735625,190.735625,143.90625,143.90625,59.676875,59.676875,143.90625
2017,7,2,59.676875,190.735625,36.335625,12.26,1.16,32.54,143.90625,143.90625,143.90625,59.676875,59.676875,59.676875,190.735625,190.735625,143.90625,143.90625,59.676875,59.676875,143.90625
2017,7,2,59.676875,190.735625,36.335625,12.26,1.16,32.54,143.90625,143.90625,143.90625,59.676875,59.676875,59.676875,190.735625,190.735625,143.90625,143.90625,59.676875,59.676875,143.90625
2017,7,2,59.676875,190.735625,36.335625,12.26,1.16,32.54,143.90625,143.90625,143.90625,59.676875,59.676875,59.676875,190.735625,190.735625,143.90625,143.90625,59.676875,59.676875,143.90625
2017,7,2,59.676875,190.735625,36.335625,12.26,1.16,32.54,143.90625,143.90625,143.90625,59.676875,59.676875,59.676875,190.735625,190.735625,143.90625,143.90625,59.676875,59.676875,143.90625
2017,8,2,56.632,179.46483333333333,41.837,12.094666666666663,1.155333333333333,31.755666666666663,143.90625,143.90625,143.90625,59.676875,59.676875,59.676875,190.735625,190.735625,147.70416666666668,145.80520833333333,58.661916666666656,59.16939583333334,155.3
2017,8,2,56.632,179.46483333333333,41.837,12.094666666666663,1.155333333333333,31.755666666666663,155.3,143.90625,143.90625,56.632,59.676875,59.676875,179.46483333333333,190.735625,151.50208333333333,147.70416666666668,57.64695833333332,58.66191666666666,155.3
2017,8,2,56.632,179.46483333333333,41.837,12.094666666666663,1.155333333333333,31.755666666666663,155.3,155.3,143.90625,56.632,56.632,59.676875,179.46483333333333,179.46483333333333,155.3,149.603125,56.632,58.1544375,155.3
2017,8,2,56.632,179.46483333333333,41.837,12.094666666666663,1.155333333333333,31.755666666666663,155.3,155.3,155.3,56.632,56.632,56.632,179.46483333333333,179.46483333333333,155.3,151.50208333333333,56.632,57.64695833333332,155.3
2017,8,2,56.632,179.46483333333333,41.837,12.094666666666663,1.155333333333333,31.755666666666663,155.3,155.3,155.3,56.632,56.632,56.632,179.46483333333333,179.46483333333333,155.3,153.40104166666666,56.632,57.13947916666666,155.3
2017,8,2,56.632,179.46483333333333,41.837,12.094666666666663,1.155333333333333,31.755666666666663,155.3,155.3,155.3,56.632,56.632,56.632,179.46483333333333,179.46483333333333,155.3,155.3,56.632,56.632,155.3
2017,8,2,56.632,179.46483333333333,41.837,12.094666666666663,1.155333333333333,31.755666666666663,155.3,155.3,155.3,56.632,56.632,56.632,179.46483333333333,179.46483333333333,155.3,155.3,56.632,56.632,155.3
2017,8,2,56.632,179.46483333333333,41.837,12.094666666666663,1.155333333333333,31.755666666666663,155.3,155.3,155.3,56.632,56.632,56.632,179.46483333333333,179.46483333333333,155.3,155.3,56.632,56.632,155.3
2017,8,2,56.632,179.46483333333333,41.837,12.094666666666663,1.155333333333333,31.755666666666663,155.3,155.3,155.3,56.632,56.632,56.632,179.46483333333333,179.46483333333333,155.3,155.3,56.632,56.632,155.3
2017,8,2,56.632,179.46483333333333,41.837,12.094666666666663,1.155333333333333,31.755666666666663,155.3,155.3,155.3,56.632,56.632,56.632,179.46483333333333,179.46483333333333,155.3,155.3,56.632,56.632,155.3
2017,9,2,64.79055555555556,140.3492777777778,31.20711111111111,12.106333333333332,1.0047222222222223,29.544833333333333,155.3,155.3,155.3,56.632,56.632,56.632,179.46483333333333,179.46483333333333,158.34074074074076,156.82037037037037,59.3515185185185,57.991759259259254,164.42222222222222
2017,9,2,64.79055555555556,140.3492777777778,31.20711111111111,12.106333333333332,1.0047222222222223,29.544833333333333,164.42222222222222,155.3,155.3,64.79055555555556,56.632,56.632,140.3492777777778,179.46483333333333,161.38148148148147,158.34074074074076,62.07103703703702,59.351518518518525,164.42222222222222
2017,9,2,64.79055555555556,140.3492777777778,31.20711111111111,12.106333333333332,1.0047222222222223,29.544833333333333,164.42222222222222,164.42222222222222,155.3,64.79055555555556,64.79055555555556,56.632,140.3492777777778,140.3492777777778,164.42222222222222,159.86111111111111,64.79055555555556,60.711277777777774,164.42222222222222
2017,9,2,64.79055555555556,140.3492777777778,31.20711111111111,12.106333333333332,1.0047222222222223,29.544833333333333,164.42222222222222,164.42222222222222,164.42222222222222,64.79055555555556,64.79055555555556,64.79055555555556,140.3492777777778,140.3492777777778,164.42222222222222,161.38148148148147,64.79055555555556,62.07103703703704,164.42222222222222
2017,9,2,64.79055555555556,140.3492777777778,31.20711111111111,12.106333333333332,1.0047222222222223,29.544833333333333,164.42222222222222,164.42222222222222,164.42222222222222,64.79055555555556,64.79055555555556,64.79055555555556,140.3492777777778,140.3492777777778,164.42222222222222,162.90185185185183,64.79055555555556,63.430796296296286,164.42222222222222
2017,9,2,64.79055555555556,140.3492777777778,31.20711111111111,12.106333333333332,1.0047222222222223,29.544833333333333,164.42222222222222,164.42222222222222,164.42222222222222,64.79055555555556,64.79055555555556,64.79055555555556,140.3492777777778,140.3492777777778,164.42222222222222,164.42222222222222,64.79055555555556,64.79055555555556,164.42222222222222
2017,9,2,64.79055555555556,140.3492777777778,31.20711111111111,12.106333333333332,1.0047222222222223,29.544833333333333,164.42222222222222,164.42222222222222,164.42222222222222,64.79055555555556,64.79055555555556,64.79055555555556,140.3492777777778,140.3492777777778,164.42222222222222,164.42222222222222,64.79055555555556,64.79055555555556,164.42222222222222
2017,9,2,64.79055555555556,140.3492777777778,31.20711111111111,12.106333333333332,1.0047222222222223,29.544833333333333,164.42222222222222,164.42222222222222,164.42222222222222,64.79055555555556,64.79055555555556,64.79055555555556,140.3492777777778,140.3492777777778,164.42222222222222,164.42222222222222,64.79055555555556,64.79055555555556,164.42222222222222
2017,9,2,64.79055555555556,140.3492777777778,31.20711111111111,12.106333333333332,1.0047222222222223,29.544833333333333,164.42222222222222,164.42222222222222,164.42222222222222,64.79055555555556,64.79055555555556,64.79055555555556,140.3492777777778,140.3492777777778,164.42222222222222,164.42222222222222,64.79055555555556,64.79055555555556,164.42222222222222
2017,9,2,64.79055555555556,140.3492777777778,31.20711111111111,12.106333333333332,1.0047222222222223,29.544833333333333,164.42222222222222,164.42222222222222,164.42222222222222,64.79055555555556,64.79055555555556,64.79055555555556,140.3492777777778,140.3492777777778,164.42222222222222,164.42222222222222,64.79055555555556,64.79055555555556,164.42222222222222
2017,10,2,120.7968409090909,211.3838863636364,43.51040909090909,14.92409090909091,1.007659090909091,41.27736363636364,164.42222222222222,164.42222222222222,164.42222222222222,64.79055555555556,64.79055555555556,64.79055555555556,140.3492777777778,140.3492777777778,193.17466329966328,178.79844276094275,83.45931734006733,74.12493644781145,250.67954545454543
2017,10,2,120.7968409090909,211.3838863636364,43.51040909090909,14.92409090909091,1.007659090909091,41.27736363636364,250.67954545454543,164.42222222222222,164.42222222222222,120.7968409090909,64.79055555555556,64.79055555555556,211.3838863636364,140.3492777777778,221.92710437710434,193.17466329966328,102.12807912457912,83.45931734006733,250.67954545454543
2017,10,2,120.7968409090909,211.3838863636364,43.51040909090909,14.92409090909091,1.007659090909091,41.27736363636364,250.67954545454543,250.67954545454543,164.42222222222222,120.7968409090909,120.7968409090909,64.79055555555556,211.3838863636364,211.3838863636364,250.67954545454543,207.5508838383838,120.7968409090909,92.79369823232322,250.67954545454543
2017,10,2,120.7968409090909,211.3838863636364,43.51040909090909,14.92409090909091,1.007659090909091,41.27736363636364,250.67954545454543,250.67954545454543,250.67954545454543,120.7968409090909,120.7968409090909,120.7968409090909,211.3838863636364,211.3838863636364,250.67954545454543,221.92710437710434,120.7968409090909,102.12807912457913,250.67954545454543
2017,10,2,120.7968409090909,211.3838863636364,43.51040909090909,14.92409090909091,1.007659090909091,41.27736363636364,250.67954545454543,250.67954545454543,250.67954545454543,120.7968409090909,120.7968409090909,120.7968409090909,211.3838863636364,211.3838863636364,250.67954545454543,236.3033249158249,120.7968409090909,111.46246001683501,250.67954545454543
2017,10,2,120.7968409090909,211.3838863636364,43.51040909090909,14.92409090909091,1.007659090909091,41.27736363636364,250.67954545454543,250.67954545454543,250.67954545454543,120.7968409090909,120.7968409090909,120.7968409090909,211.3838863636364,211.3838863636364,250.67954545454543,250.67954545454543,120.7968409090909,120.7968409090909,250.67954545454543
2017,10,2,120.7968409090909,211.3838863636364,43.51040909090909,14.92409090909091,1.007659090909091,41.27736363636364,250.67954545454543,250.67954545454543,250.67954545454543,120.7968409090909,120.7968409090909,120.7968409090909,211.3838863636364,211.3838863636364,250.67954545454543,250.67954545454543,120.7968409090909,120.7968409090909,250.67954545454543
2017,10,2,120.7968409090909,211.3838863636364,43.51040909090909,14.92409090909091,1.007659090909091,41.27736363636364,250.67954545454543,250.67954545454543,250.67954545454543,120.7968409090909,120.7968409090909,120.7968409090909,211.3838863636364,211.3838863636364,250.67954545454543,250.67954545454543,120.7968409090909,120.7968409090909,250.67954545454543
2017,10,2,120.7968409090909,211.3838863636364,43.51040909090909,14.92409090909091,1.007659090909091,41.27736363636364,250.67954545454543,250.67954545454543,250.67954545454543,120.7968409090909,120.7968409090909,120.7968409090909,211.3838863636364,211.3838863636364,250.67954545454543,250.67954545454543,120.7968409090909,120.7968409090909,250.67954545454543
2017,10,2,120.7968409090909,211.3838863636364,43.51040909090909,14.92409090909091,1.007659090909091,41.27736363636364,250.67954545454543,250.67954545454543,250.67954545454543,120.7968409090909,120.7968409090909,120.7968409090909,211.3838863636364,211.3838863636364,250.67954545454543,250.67954545454543,120.7968409090909,120.7968409090909,250.67954545454543
2017,11,2,242.08839924670437,287.58532956685497,63.44101694915254,14.69039548022599,1.70774011299435,59.979340866290016,250.67954545454543,250.67954545454543,250.67954545454543,120.7968409090909,120.7968409090909,120.7968409090909,211.3838863636364,211.3838863636364,298.3820949609085,274.53082020772695,161.22736035496203,141.0121006320265,393.78719397363466
2017,11,2,242.08839924670437,287.58532956685497,63.44101694915254,14.69039548022599,1.70774011299435,59.979340866290016,393.78719397363466,250.67954545454543,250.67954545454543,242.08839924670437,120.7968409090909,120.7968409090909,287.58532956685497,211.3838863636364,346.0846444672716,298.3820949609085,201.65787980083323,161.22736035496203,393.78719397363466
2017,11,2,242.08839924670437,287.58532956685497,63.44101694915254,14.69039548022599,1.70774011299435,59.979340866290016,393.78719397363466,393.78719397363466,250.67954545454543,242.08839924670437,242.08839924670437,120.7968409090909,287.58532956685497,287.58532956685497,393.78719397363466,322.23336971409003,242.08839924670437,181.44262007789766,393.78719397363466
2017,11,2,242.08839924670437,287.58532956685497,63.44101694915254,14.69039548022599,1.70774011299435,59.979340866290016,393.78719397363466,393.78719397363466,393.78719397363466,242.08839924670437,242.08839924670437,242.08839924670437,287.58532956685497,287.58532956685497,393.78719397363466,346.0846444672716,242.08839924670437,201.65787980083323,393.78719397363466
2017,11,2,242.08839924670437,287.58532956685497,63.44101694915254,14.69039548022599,1.70774011299435,59.979340866290016,393.78719397363466,393.78719397363466,393.78719397363466,242.08839924670437,242.08839924670437,242.08839924670437,287.58532956685497,287.58532956685497,393.78719397363466,369.9359192204531,242.08839924670437,221.8731395237688,393.78719397363466
2017,11,2,242.08839924670437,287.58532956685497,63.44101694915254,14.69039548022599,1.70774011299435,59.979340866290016,393.78719397363466,393.78719397363466,393.78719397363466,242.08839924670437,242.08839924670437,242.08839924670437,287.58532956685497,287.58532956685497,393.78719397363466,393.78719397363466,242.08839924670437,242.08839924670437,393.78719397363466
2017,11,2,242.08839924670437,287.58532956685497,63.44101694915254,14.69039548022599,1.70774011299435,59.979340866290016,393.78719397363466,393.78719397363466,393.78719397363466,242.08839924670437,242.08839924670437,242.08839924670437,287.58532956685497,287.58532956685497,393.78719397363466,393.78719397363466,242.08839924670437,242.08839924670437,393.78719397363466
2017,11,2,242.08839924670437,287.58532956685497,63.44101694915254,14.69039548022599,1.70774011299435,59.979340866290016,393.78719397363466,393.78719397363466,393.78719397363466,242.08839924670437,242.08839924670437,242.08839924670437,287.58532956685497,287.58532956685497,393.78719397363466,393.78719397363466,242.08839924670437,242.08839924670437,393.78719397363466
2017,11,2,242.08839924670437,287.58532956685497,63.44101694915254,14.69039548022599,1.70774011299435,59.979340866290016,393.78719397363466,393.78719397363466,393.78719397363466,242.08839924670437,242.08839924670437,242.08839924670437,287.58532956685497,287.58532956685497,393.78719397363466,393.78719397363466,242.08839924670437,242.08839924670437,393.78719397363466
2017,11,2,242.08839924670437,287.58532956685497,63.44101694915254,14.69039548022599,1.70774011299435,59.979340866290016,393.78719397363466,393.78719397363466,393.78719397363466,242.08839924670437,242.08839924670437,242.08839924670437,287.58532956685497,287.58532956685497,393.78719397363466,393.78719397363466,242.08839924670437,242.08839924670437,393.78719397363466
2017,12,2,182.6330402930403,255.18516483516484,55.83589743589744,15.7128021978022,1.6453113553113554,47.306062271062274,393.78719397363466,393.78719397363466,393.78719397363466,242.08839924670437,242.08839924670437,242.08839924670437,287.58532956685497,287.58532956685497,367.75434421197133,380.770769092803,222.26994626214966,232.17917275442701,315.6886446886447
2017,12,2,182.6330402930403,255.18516483516484,55.83589743589744,15.7128021978022,1.6453113553113554,47.306062271062274,315.6886446886447,393.78719397363466,393.78719397363466,182.6330402930403,242.08839924670437,242.08839924670437,255.18516483516484,287.58532956685497,341.721494450308,367.75434421197133,202.45149327759498,222.2699462621497,315.6886446886447
2017,12,2,182.6330402930403,255.18516483516484,55.83589743589744,15.7128021978022,1.6453113553113554,47.306062271062274,315.6886446886447,315.6886446886447,393.78719397363466,182.6330402930403,182.6330402930403,242.08839924670437,255.18516483516484,255.18516483516484,315.6886446886447,354.73791933113966,182.6330402930403,212.36071976987236,315.6886446886447
2017,12,2,182.6330402930403,255.18516483516484,55.83589743589744,15.7128021978022,1.6453113553113554,47.306062271062274,315.6886446886447,315.6886446886447,315.6886446886447,182.6330402930403,182.6330402930403,182.6330402930403,255.18516483516484,255.18516483516484,315.6886446886447,341.721494450308,182.6330402930403,202.451493277595,315.6886446886447
2017,12,2,182.6330402930403,255.18516483516484,55.83589743589744,15.7128021978022,1.6453113553113554,47.306062271062274,315.6886446886447,315.6886446886447,315.6886446886447,182.6330402930403,182.6330402930403,182.6330402930403,255.18516483516484,255.18516483516484,315.6886446886447,328.70506956947634,182.6330402930403,192.54226678531765,315.6886446886447
2017,12,2,182.6330402930403,255.18516483516484,55.83589743589744,15.7128021978022,1.6453113553113554,47.306062271062274,315.6886446886447,315.6886446886447,315.6886446886447,182.6330402930403,182.6330402930403,182.6330402930403,255.18516483516484,255.18516483516484,315.6886446886447,315.6886446886447,182.6330402930403,182.6330402930403,315.6886446886447
2017,12,2,182.6330402930403,255.18516483516484,55.83589743589744,15.7128021978022,1.6453113553113554,47.306062271062274,315.6886446886447,315.6886446886447,315.6886446886447,182.6330402930403,182.6330402930403,182.6330402930403,255.18516483516484,255.18516483516484,315.6886446886447,315.6886446886447,182.6330402930403,182.6330402930403,315.6886446886447
2017,12,2,182.6330402930403,255.18516483516484,55.83589743589744,15.7128021978022,1.6453113553113554,47.306062271062274,315.6886446886447,315.6886446886447,315.6886446886447,182.6330402930403,182.6330402930403,182.6330402930403,255.18516483516484,255.18516483516484,315.6886446886447,315.6886446886447,182.6330402930403,182.6330402930403,315.6886446886447
2017,12,2,182.6330402930403,255.18516483516484,55.83589743589744,15.7128021978022,1.6453113553113554,47.306062271062274,315.6886446886447,315.6886446886447,315.6886446886447,182.6330402930403,182.6330402930403,182.6330402930403,255.18516483516484,255.18516483516484,315.6886446886447,315.6886446886447,182.6330402930403,182.6330402930403,315.6886446886447
2017,12,2,182.6330402930403,255.18516483516484,55.83589743589744,15.7128021978022,1.6453113553113554,47.306062271062274,315.6886446886447,315.6886446886447,315.6886446886447,182.6330402930403,182.6330402930403,182.6330402930403,255.18516483516484,255.18516483516484,315.6886446886447,315.6886446886447,182.6330402930403,182.6330402930403,315.6886446886447
2018,1,2,184.6864684684685,264.4925405405405,52.51354954954955,14.047225225225226,1.5289909909909911,53.0374054054054,315.6886446886447,315.6886446886447,315.6886446886447,182.6330402930403,182.6330402930403,182.6330402930403,255.18516483516484,255.18516483516484,320.0891264891265,317.88888558888556,183.31751635151636,182.9752783222783,328.8900900900901
2018,1,2,184.6864684684685,264.4925405405405,52.51354954954955,14.047225225225226,1.5289909909909911,53.0374054054054,328.8900900900901,315.6886446886447,315.6886446886447,184.6864684684685,182.6330402930403,182.6330402930403,264.4925405405405,255.18516483516484,324.48960828960827,320.0891264891265,184.00199240999243,183.31751635151636,328.8900900900901
2018,1,2,184.6864684684685,264.4925405405405,52.51354954954955,14.047225225225226,1.5289909909909911,53.0374054054054,328.8900900900901,328.8900900900901,315.6886446886447,184.6864684684685,184.6864684684685,182.6330402930403,264.4925405405405,264.4925405405405,328.8900900900901,322.2893673893674,184.6864684684685,183.6597543807544,328.8900900900901
2018,1,2,184.6864684684685,264.4925405405405,52.51354954954955,14.047225225225226,1.5289909909909911,53.0374054054054,328.8900900900901,328.8900900900901,328.8900900900901,184.6864684684685,184.6864684684685,184.6864684684685,264.4925405405405,264.4925405405405,328.8900900900901,324.48960828960827,184.6864684684685,184.00199240999245,328.8900900900901
2018,1,2,184.6864684684685,264.4925405405405,52.51354954954955,14.047225225225226,1.5289909909909911,53.0374054054054,328.8900900900901,328.8900900900901,328.8900900900901,184.6864684684685,184.6864684684685,184.6864684684685,264.4925405405405,264.4925405405405,328.8900900900901,326.6898491898492,184.6864684684685,184.34423043923047,328.8900900900901
2018,1,2,184.6864684684685,264.4925405405405,52.51354954954955,14.047225225225226,1.5289909909909911,53.0374054054054,328.8900900900901,328.8900900900901,328.8900900900901,184.6864684684685,184.6864684684685,184.6864684684685,264.4925405405405,264.4925405405405,328.8900900900901,328.8900900900901,184.6864684684685,184.6864684684685,328.8900900900901
2018,1,2,184.6864684684685,264.4925405405405,52.51354954954955,14.047225225225226,1.5289909909909911,53.0374054054054,328.8900900900901,328.8900900900901,328.8900900900901,184.6864684684685,184.6864684684685,184.6864684684685,264.4925405405405,264.4925405405405,328.8900900900901,328.8900900900901,184.6864684684685,184.6864684684685,328.8900900900901
2018,1,2,184.6864684684685,264.4925405405405,52.51354954954955,14.047225225225226,1.5289909909909911,53.0374054054054,328.8900900900901,328.8900900900901,328.8900900900901,184.6864684684685,184.6864684684685,184.6864684684685,264.4925405405405,264.4925405405405,328.8900900900901,328.8900900900901,184.6864684684685,184.6864684684685,328.8900900900901
2018,1,2,184.6864684684685,264.4925405405405,52.51354954954955,14.047225225225226,1.5289909909909911,53.0374054054054,328.8900900900901,328.8900900900901,328.8900900900901,184.6864684684685,184.6864684684685,184.6864684684685,264.4925405405405,264.4925405405405,328.8900900900901,328.8900900900901,184.6864684684685,184.6864684684685,328.8900900900901
2018,1,2,184.6864684684685,264.4925405405405,52.51354954954955,14.047225225225226,1.5289909909909911,53.0374054054054,328.8900900900901,328.8900900900901,328.8900900900901,184.6864684684685,184.6864684684685,184.6864684684685,264.4925405405405,264.4925405405405,328.8900900900901,328.8900900900901,184.6864684684685,184.6864684684685,328.8900900900901
2018,2,2,133.88322052401747,252.1809388646288,58.0789847161572,13.098591703056767,1.428853711790393,42.82325327510917,328.8900900900901,328.8900900900901,328.8900900900901,184.6864684684685,184.6864684684685,184.6864684684685,264.4925405405405,264.4925405405405,314.4205404094051,321.6553152497476,167.7520524869848,176.21926047772664,285.4814410480349
2018,2,2,133.88322052401747,252.1809388646288,58.0789847161572,13.098591703056767,1.428853711790393,42.82325327510917,285.4814410480349,328.8900900900901,328.8900900900901,133.88322052401747,184.6864684684685,184.6864684684685,252.1809388646288,264.4925405405405,299.95099072871994,314.4205404094051,150.81763650550113,167.7520524869848,285.4814410480349
2018,2,2,133.88322052401747,252.1809388646288,58.0789847161572,13.098591703056767,1.428853711790393,42.82325327510917,285.4814410480349,285.4814410480349,328.8900900900901,133.88322052401747,133.88322052401747,184.6864684684685,252.1809388646288,252.1809388646288,285.4814410480349,307.18576556906254,133.88322052401747,159.28484449624298,285.4814410480349
2018,2,2,133.88322052401747,252.1809388646288,58.0789847161572,13.098591703056767,1.428853711790393,42.82325327510917,285.4814410480349,285.4814410480349,285.4814410480349,133.88322052401747,133.88322052401747,133.88322052401747,252.1809388646288,252.1809388646288,285.4814410480349,299.95099072872,133.88322052401747,150.81763650550116,285.4814410480349
2018,2,2,133.88322052401747,252.1809388646288,58.0789847161572,13.098591703056767,1.428853711790393,42.82325327510917,285.4814410480349,285.4814410480349,285.4814410480349,133.88322052401747,133.88322052401747,133.88322052401747,252.1809388646288,252.1809388646288,285.4814410480349,292.71621588837746,133.88322052401747,142.35042851475933,285.4814410480349
2018,2,2,133.88322052401747,252.1809388646288,58.0789847161572,13.098591703056767,1.428853711790393,42.82325327510917,285.4814410480349,285.4814410480349,285.4814410480349,133.88322052401747,133.88322052401747,133.88322052401747,252.1809388646288,252.1809388646288,285.4814410480349,285.4814410480349,133.88322052401747,133.88322052401747,285.4814410480349
2018,2,2,133.88322052401747,252.1809388646288,58.0789847161572,13.098591703056767,1.428853711790393,42.82325327510917,285.4814410480349,285.4814410480349,285.4814410480349,133.88322052401747,133.88322052401747,133.88322052401747,252.1809388646288,252.1809388646288,285.4814410480349,285.4814410480349,133.88322052401747,133.88322052401747,285.4814410480349
2018,2,2,133.88322052401747,252.1809388646288,58.0789847161572,13.098591703056767,1.428853711790393,42.82325327510917,285.4814410480349,285.4814410480349,285.4814410480349,133.88322052401747,133.88322052401747,133.88322052401747,252.1809388646288,252.1809388646288,285.4814410480349,285.4814410480349,133.88322052401747,133.88322052401747,285.4814410480349
2018,2,2,133.88322052401747,252.1809388646288,58.0789847161572,13.098591703056767,1.428853711790393,42.82325327510917,285.4814410480349,285.4814410480349,285.4814410480349,133.88322052401747,133.88322052401747,133.88322052401747,252.1809388646288,252.1809388646288,285.4814410480349,285.4814410480349,133.88322052401747,133.88322052401747,285.4814410480349
2018,2,2,133.88322052401747,252.1809388646288,58.0789847161572,13.098591703056767,1.428853711790393,42.82325327510917,285.4814410480349,285.4814410480349,285.4814410480349,133.88322052401747,133.88322052401747,133.88322052401747,252.1809388646288,252.1809388646288,285.4814410480349,285.4814410480349,133.88322052401747,133.88322052401747,285.4814410480349
2018,3,2,97.29559171597631,218.81666666666663,47.03531558185404,14.834546351084812,1.2083136094674556,46.35559171597633,285.4814410480349,285.4814410480349,285.4814410480349,133.88322052401747,133.88322052401747,133.88322052401747,252.1809388646288,252.1809388646288,268.41004682623765,276.9457439371363,121.6873442546704,127.78528238934395,234.267258382643
2018,3,2,97.29559171597631,218.81666666666663,47.03531558185404,14.834546351084812,1.2083136094674556,46.35559171597633,234.267258382643,285.4814410480349,285.4814410480349,97.29559171597631,133.88322052401747,133.88322052401747,218.81666666666663,252.1809388646288,251.3386526044403,268.41004682623765,109.49146798532335,121.68734425467044,234.267258382643
2018,3,2,97.29559171597631,218.81666666666663,47.03531558185404,14.834546351084812,1.2083136094674556,46.35559171597633,234.267258382643,234.267258382643,285.4814410480349,97.29559171597631,97.29559171597631,133.88322052401747,218.81666666666663,218.81666666666663,234.267258382643,259.87434971533895,97.29559171597631,115.5894061199969,234.267258382643
2018,3,2,97.29559171597631,218.81666666666663,47.03531558185404,14.834546351084812,1.2083136094674556,46.35559171597633,234.267258382643,234.267258382643,234.267258382643,97.29559171597631,97.29559171597631,97.29559171597631,218.81666666666663,218.81666666666663,234.267258382643,251.3386526044403,97.29559171597631,109.49146798532337,234.267258382643
2018,3,2,97.29559171597631,218.81666666666663,47.03531558185404,14.834546351084812,1.2083136094674556,46.35559171597633,234.267258382643,234.267258382643,234.267258382643,97.29559171597631,97.29559171597631,97.29559171597631,218.81666666666663,218.81666666666663,234.267258382643,242.8029554935417,97.29559171597631,103.39352985064984,234.267258382643
2018,3,2,97.29559171597631,218.81666666666663,47.03531558185404,14.834546351084812,1.2083136094674556,46.35559171597633,234.267258382643,234.267258382643,234.267258382643,97.29559171597631,97.29559171597631,97.29559171597631,218.81666666666663,218.81666666666663,234.267258382643,234.267258382643,97.29559171597631,97.29559171597631,234.267258382643
2018,3,2,97.29559171597631,218.81666666666663,47.03531558185404,14.834546351084812,1.2083136094674556,46.35559171597633,234.267258382643,234.267258382643,234.267258382643,97.29559171597631,97.29559171597631,97.29559171597631,218.81666666666663,218.81666666666663,234.267258382643,234.267258382643,97.29559171597631,97.29559171597631,234.267258382643
2018,3,2,97.29559171597631,218.81666666666663,47.03531558185404,14.834546351084812,1.2083136094674556,46.35559171597633,234.267258382643,234.267258382643,234.267258382643,97.29559171597631,97.29559171597631,97.29559171597631,218.81666666666663,218.81666666666663,234.267258382643,234.267258382643,97.29559171597631,97.29559171597631,234.267258382643
2018,3,2,97.29559171597631,218.81666666666663,47.03531558185404,14.834546351084812,1.2083136094674556,46.35559171597633,234.267258382643,234.267258382643,234.267258382643,97.29559171597631,97.29559171597631,97.29559171597631,218.81666666666663,218.81666666666663,234.267258382643,234.267258382643,97.29559171597631,97.29559171597631,234.267258382643
2018,3,2,97.29559171597631,218.81666666666663,47.03531558185404,14.834546351084812,1.2083136094674556,46.35559171597633,234.267258382643,234.267258382643,234.267258382643,97.29559171597631,97.29559171597631,97.29559171597631,218.81666666666663,218.81666666666663,234.267258382643,234.267258382643,97.29559171597631,97.29559171597631,234.267258382643
2018,4,2,90.05418821096173,242.11750775594624,49.38952430196484,14.097456049638057,1.39770423991727,55.50458117890383,234.267258382643,234.267258382643,234.267258382643,97.29559171597631,97.29559171597631,97.29559171597631,218.81666666666663,218.81666666666663,237.60388752569168,235.93557295416733,94.8817905476381,96.08869113180721,244.27714581178904
2018,4,2,90.05418821096173,242.11750775594624,49.38952430196484,14.097456049638057,1.39770423991727,55.50458117890383,244.27714581178904,234.267258382643,234.267258382643,90.05418821096173,97.29559171597631,97.29559171597631,242.11750775594624,218.81666666666663,240.94051666874034,237.60388752569168,92.46798937929991,94.88179054763812,244.27714581178904
2018,4,2,90.05418821096173,242.11750775594624,49.38952430196484,14.097456049638057,1.39770423991727,55.50458117890383,244.27714581178904,244.27714581178904,234.267258382643,90.05418821096173,90.05418821096173,97.29559171597631,242.11750775594624,242.11750775594624,244.27714581178904,239.27220209721602,90.05418821096173,93.67488996346901,244.27714581178904
2018,4,2,90.05418821096173,242.11750775594624,49.38952430196484,14.097456049638057,1.39770423991727,55.50458117890383,244.27714581178904,244.27714581178904,244.27714581178904,90.05418821096173,90.05418821096173,90.05418821096173,242.11750775594624,242.11750775594624,244.27714581178904,240.94051666874034,90.05418821096173,92.46798937929992,244.27714581178904
2018,4,2,90.05418821096173,242.11750775594624,49.38952430196484,14.097456049638057,1.39770423991727,55.50458117890383,244.27714581178904,244.27714581178904,244.27714581178904,90.05418821096173,90.05418821096173,90.05418821096173,242.11750775594624,242.11750775594624,244.27714581178904,242.60883124026472,90.05418821096173,91.26108879513082,244.27714581178904
2018,4,2,90.05418821096173,242.11750775594624,49.38952430196484,14.097456049638057,1.39770423991727,55.50458117890383,244.27714581178904,244.27714581178904,244.27714581178904,90.05418821096173,90.05418821096173,90.05418821096173,242.11750775594624,242.11750775594624,244.27714581178904,244.27714581178904,90.05418821096173,90.05418821096173,244.27714581178904
2018,4,2,90.05418821096173,242.11750775594624,49.38952430196484,14.097456049638057,1.39770423991727,55.50458117890383,244.27714581178904,244.27714581178904,244.27714581178904,90.05418821096173,90.05418821096173,90.05418821096173,242.11750775594624,242.11750775594624,244.27714581178904,244.27714581178904,90.05418821096173,90.05418821096173,244.27714581178904
2018,4,2,90.05418821096173,242.11750775594624,49.38952430196484,14.097456049638057,1.39770423991727,55.50458117890383,244.27714581178904,244.27714581178904,244.27714581178904,90.05418821096173,90.05418821096173,90.05418821096173,242.11750775594624,242.11750775594624,244.27714581178904,244.27714581178904,90.05418821096173,90.05418821096173,244.27714581178904
2018,4,2,90.05418821096173,242.11750775594624,49.38952430196484,14.097456049638057,1.39770423991727,55.50458117890383,244.27714581178904,244.27714581178904,244.27714581178904,90.05418821096173,90.05418821096173,90.05418821096173,242.11750775594624,242.11750775594624,244.27714581178904,244.27714581178904,90.05418821096173,90.05418821096173,244.27714581178904
2018,4,2,90.05418821096173,242.11750775594624,49.38952430196484,14.097456049638057,1.39770423991727,55.50458117890383,244.27714581178904,244.27714581178904,244.27714581178904,90.05418821096173,90.05418821096173,90.05418821096173,242.11750775594624,242.11750775594624,244.27714581178904,244.27714581178904,90.05418821096173,90.05418821096173,244.27714581178904
2018,5,2,87.41874245472836,233.59400402414488,49.12184104627767,12.40676056338028,1.4829577464788732,56.33083501006036,244.27714581178904,244.27714581178904,244.27714581178904,90.05418821096173,90.05418821096173,90.05418821096173,242.11750775594624,242.11750775594624,240.5992507960552,242.43819830392212,89.17570629221724,89.6149472515895,233.24346076458752
2018,5,2,87.41874245472836,233.59400402414488,49.12184104627767,12.40676056338028,1.4829577464788732,56.33083501006036,233.24346076458752,244.27714581178904,244.27714581178904,87.41874245472836,90.05418821096173,90.05418821096173,233.59400402414488,242.11750775594624,236.92135578032136,240.5992507960552,88.29722437347279,89.17570629221727,233.24346076458752
2018,5,2,87.41874245472836,233.59400402414488,49.12184104627767,12.40676056338028,1.4829577464788732,56.33083501006036,233.24346076458752,233.24346076458752,244.27714581178904,87.41874245472836,87.41874245472836,90.05418821096173,233.59400402414488,233.59400402414488,233.24346076458752,238.76030328818828,87.41874245472836,88.73646533284504,233.24346076458752
2018,5,2,87.41874245472836,233.59400402414488,49.12184104627767,12.40676056338028,1.4829577464788732,56.33083501006036,233.24346076458752,233.24346076458752,233.24346076458752,87.41874245472836,87.41874245472836,87.41874245472836,233.59400402414488,233.59400402414488,233.24346076458752,236.92135578032136,87.41874245472836,88.29722437347282,233.24346076458752
2018,5,2,87.41874245472836,233.59400402414488,49.12184104627767,12.40676056338028,1.4829577464788732,56.33083501006036,233.24346076458752,233.24346076458752,233.24346076458752,87.41874245472836,87.41874245472836,87.41874245472836,233.59400402414488,233.59400402414488,233.24346076458752,235.08240827245447,87.41874245472836,87.85798341410059,233.24346076458752
2018,5,2,87.41874245472836,233.59400402414488,49.12184104627767,12.40676056338028,1.4829577464788732,56.33083501006036,233.24346076458752,233.24346076458752,233.24346076458752,87.41874245472836,87.41874245472836,87.41874245472836,233.59400402414488,233.59400402414488,233.24346076458752,233.24346076458752,87.41874245472836,87.41874245472836,233.24346076458752
2018,5,2,87.41874245472836,233.59400402414488,49.12184104627767,12.40676056338028,1.4829577464788732,56.33083501006036,233.24346076458752,233.24346076458752,233.24346076458752,87.41874245472836,87.41874245472836,87.41874245472836,233.59400402414488,233.59400402414488,233.24346076458752,233.24346076458752,87.41874245472836,87.41874245472836,233.24346076458752
2018,5,2,87.41874245472836,233.59400402414488,49.12184104627767,12.40676056338028,1.4829577464788732,56.33083501006036,233.24346076458752,233.24346076458752,233.24346076458752,87.41874245472836,87.41874245472836,87.41874245472836,233.59400402414488,233.59400402414488,233.24346076458752,233.24346076458752,87.41874245472836,87.41874245472836,233.24346076458752
2018,5,2,87.41874245472836,233.59400402414488,49.12184104627767,12.40676056338028,1.4829577464788732,56.33083501006036,233.24346076458752,233.24346076458752,233.24346076458752,87.41874245472836,87.41874245472836,87.41874245472836,233.59400402414488,233.59400402414488,233.24346076458752,233.24346076458752,87.41874245472836,87.41874245472836,233.24346076458752
2018,5,2,87.41874245472836,233.59400402414488,49.12184104627767,12.40676056338028,1.4829577464788732,56.33083501006036,233.24346076458752,233.24346076458752,233.24346076458752,87.41874245472836,87.41874245472836,87.41874245472836,233.59400402414488,233.59400402414488,233.24346076458752,233.24346076458752,87.41874245472836,87.41874245472836,233.24346076458752
2018,6,2,80.92509513742071,240.5857505285412,31.81124735729387,9.525116279069769,0.8469767441860465,48.7173467230444,233.24346076458752,233.24346076458752,233.24346076458752,87.41874245472836,87.41874245472836,87.41874245472836,233.59400402414488,233.59400402414488,231.05483712706118,232.14914894582432,85.25419334895912,86.33646790184376,226.67758985200845
2018,6,2,80.92509513742071,240.5857505285412,31.81124735729387,9.525116279069769,0.8469767441860465,48.7173467230444,226.67758985200845,233.24346076458752,233.24346076458752,80.92509513742071,87.41874245472836,87.41874245472836,240.5857505285412,233.59400402414488,228.86621348953477,231.05483712706118,83.08964424318991,85.25419334895913,226.67758985200845
2018,6,2,80.92509513742071,240.5857505285412,31.81124735729387,9.525116279069769,0.8469767441860465,48.7173467230444,226.67758985200845,226.67758985200845,233.24346076458752,80.92509513742071,80.92509513742071,87.41874245472836,240.5857505285412,240.5857505285412,226.67758985200845,229.960525308298,80.92509513742071,84.17191879607454,226.67758985200845
2018,6,2,80.92509513742071,240.5857505285412,31.81124735729387,9.525116279069769,0.8469767441860465,48.7173467230444,226.67758985200845,226.67758985200845,226.67758985200845,80.92509513742071,80.92509513742071,80.92509513742071,240.5857505285412,240.5857505285412,226.67758985200845,228.86621348953483,80.92509513742071,83.08964424318992,226.67758985200845
2018,6,2,80.92509513742071,240.5857505285412,31.81124735729387,9.525116279069769,0.8469767441860465,48.7173467230444,226.67758985200845,226.67758985200845,226.67758985200845,80.92509513742071,80.92509513742071,80.92509513742071,240.5857505285412,240.5857505285412,226.67758985200845,227.77190167077163,80.92509513742071,82.00736969030532,226.67758985200845
2018,6,2,80.92509513742071,240.5857505285412,31.81124735729387,9.525116279069769,0.8469767441860465,48.7173467230444,226.67758985200845,226.67758985200845,226.67758985200845,80.92509513742071,80.92509513742071,80.92509513742071,240.5857505285412,240.5857505285412,226.67758985200845,226.67758985200845,80.92509513742071,80.92509513742071,226.67758985200845
2018,6,2,80.92509513742071,240.5857505285412,31.81124735729387,9.525116279069769,0.8469767441860465,48.7173467230444,226.67758985200845,226.67758985200845,226.67758985200845,80.92509513742071,80.92509513742071,80.92509513742071,240.5857505285412,240.5857505285412,226.67758985200845,226.67758985200845,80.92509513742071,80.92509513742071,226.67758985200845
2018,6,2,80.92509513742071,240.5857505285412,31.81124735729387,9.525116279069769,0.8469767441860465,48.7173467230444,226.67758985200845,226.67758985200845,226.67758985200845,80.92509513742071,80.92509513742071,80.92509513742071,240.5857505285412,240.5857505285412,226.67758985200845,226.67758985200845,80.92509513742071,80.92509513742071,226.67758985200845
2018,6,2,80.92509513742071,240.5857505285412,31.81124735729387,9.525116279069769,0.8469767441860465,48.7173467230444,226.67758985200845,226.67758985200845,226.67758985200845,80.92509513742071,80.92509513742071,80.92509513742071,240.5857505285412,240.5857505285412,226.67758985200845,226.67758985200845,80.92509513742071,80.92509513742071,226.67758985200845
2018,6,2,80.92509513742071,240.5857505285412,31.81124735729387,9.525116279069769,0.8469767441860465,48.7173467230444,226.67758985200845,226.67758985200845,226.67758985200845,80.92509513742071,80.92509513742071,80.92509513742071,240.5857505285412,240.5857505285412,226.67758985200845,226.67758985200845,80.92509513742071,80.92509513742071,226.67758985200845
2018,7,2,43.244878731343285,113.6286473880597,30.947192164179103,10.59356343283582,0.8830970149253731,33.55490671641791,226.67758985200845,226.67758985200845,226.67758985200845,80.92509513742071,80.92509513742071,80.92509513742071,240.5857505285412,240.5857505285412,190.10035840880164,208.38897413040505,68.36502300206155,74.64505906974114,116.94589552238806
2018,7,2,43.244878731343285,113.6286473880597,30.947192164179103,10.59356343283582,0.8830970149253731,33.55490671641791,116.94589552238806,226.67758985200845,226.67758985200845,43.244878731343285,80.92509513742071,80.92509513742071,113.6286473880597,240.5857505285412,153.52312696559486,190.10035840880164,55.804950866702406,68.36502300206156,116.94589552238806
2018,7,2,43.244878731343285,113.6286473880597,30.947192164179103,10.59356343283582,0.8830970149253731,33.55490671641791,116.94589552238806,116.94589552238806,226.67758985200845,43.244878731343285,43.244878731343285,80.92509513742071,113.6286473880597,113.6286473880597,116.94589552238806,171.81174268719826,43.244878731343285,62.084986934381995,116.94589552238806
2018,7,2,43.244878731343285,113.6286473880597,30.947192164179103,10.59356343283582,0.8830970149253731,33.55490671641791,116.94589552238806,116.94589552238806,116.94589552238806,43.244878731343285,43.244878731343285,43.244878731343285,113.6286473880597,113.6286473880597,116.94589552238806,153.52312696559486,43.244878731343285,55.80495086670243,116.94589552238806
2018,7,2,43.244878731343285,113.6286473880597,30.947192164179103,10.59356343283582,0.8830970149253731,33.55490671641791,116.94589552238806,116.94589552238806,116.94589552238806,43.244878731343285,43.244878731343285,43.244878731343285,113.6286473880597,113.6286473880597,116.94589552238806,135.23451124399148,43.244878731343285,49.52491479902286,116.94589552238806
2018,7,2,43.244878731343285,113.6286473880597,30.947192164179103,10.59356343283582,0.8830970149253731,33.55490671641791,116.94589552238806,116.94589552238806,116.94589552238806,43.244878731343285,43.244878731343285,43.244878731343285,113.6286473880597,113.6286473880597,116.94589552238806,116.94589552238806,43.244878731343285,43.244878731343285,116.94589552238806
2018,7,2,43.244878731343285,113.6286473880597,30.947192164179103,10.59356343283582,0.8830970149253731,33.55490671641791,116.94589552238806,116.94589552238806,116.94589552238806,43.244878731343285,43.244878731343285,43.244878731343285,113.6286473880597,113.6286473880597,116.94589552238806,116.94589552238806,43.244878731343285,43.244878731343285,116.94589552238806
2018,7,2,43.244878731343285,113.6286473880597,30.947192164179103,10.59356343283582,0.8830970149253731,33.55490671641791,116.94589552238806,116.94589552238806,116.94589552238806,43.244878731343285,43.244878731343285,43.244878731343285,113.6286473880597,113.6286473880597,116.94589552238806,116.94589552238806,43.244878731343285,43.244878731343285,116.94589552238806
2018,7,2,43.244878731343285,113.6286473880597,30.947192164179103,10.59356343283582,0.8830970149253731,33.55490671641791,116.94589552238806,116.94589552238806,116.94589552238806,43.244878731343285,43.244878731343285,43.244878731343285,113.6286473880597,113.6286473880597,116.94589552238806,116.94589552238806,43.244878731343285,43.244878731343285,116.94589552238806
2018,7,2,43.244878731343285,113.6286473880597,30.947192164179103,10.59356343283582,0.8830970149253731,33.55490671641791,116.94589552238806,116.94589552238806,116.94589552238806,43.244878731343285,43.244878731343285,43.244878731343285,113.6286473880597,113.6286473880597,116.94589552238806,116.94589552238806,43.244878731343285,43.244878731343285,116.94589552238806
2018,8,2,42.60391964285714,125.37967857142856,26.889767857142857,10.43442857142857,0.9029732142857144,28.292607142857143,116.94589552238806,116.94589552238806,116.94589552238806,43.244878731343285,43.244878731343285,43.244878731343285,113.6286473880597,113.6286473880597,120.09071606254442,118.51830579246622,43.03122570184789,43.13805221659559,126.38035714285714
2018,8,2,42.60391964285714,125.37967857142856,26.889767857142857,10.43442857142857,0.9029732142857144,28.292607142857143,126.38035714285714,116.94589552238806,116.94589552238806,42.60391964285714,43.244878731343285,43.244878731343285,125.37967857142856,113.6286473880597,123.23553660270078,120.09071606254442,42.817572672352505,43.031225701847895,126.38035714285714
2018,8,2,42.60391964285714,125.37967857142856,26.889767857142857,10.43442857142857,0.9029732142857144,28.292607142857143,126.38035714285714,126.38035714285714,116.94589552238806,42.60391964285714,42.60391964285714,43.244878731343285,125.37967857142856,125.37967857142856,126.38035714285714,121.6631263326226,42.60391964285714,42.924399187100214,126.38035714285714
2018,8,2,42.60391964285714,125.37967857142856,26.889767857142857,10.43442857142857,0.9029732142857144,28.292607142857143,126.38035714285714,126.38035714285714,126.38035714285714,42.60391964285714,42.60391964285714,42.60391964285714,125.37967857142856,125.37967857142856,126.38035714285714,123.23553660270078,42.60391964285714,42.817572672352526,126.38035714285714
2018,8,2,42.60391964285714,125.37967857142856,26.889767857142857,10.43442857142857,0.9029732142857144,28.292607142857143,126.38035714285714,126.38035714285714,126.38035714285714,42.60391964285714,42.60391964285714,42.60391964285714,125.37967857142856,125.37967857142856,126.38035714285714,124.80794687277897,42.60391964285714,42.71074615760483,126.38035714285714
2018,8,2,42.60391964285714,125.37967857142856,26.889767857142857,10.43442857142857,0.9029732142857144,28.292607142857143,126.38035714285714,126.38035714285714,126.38035714285714,42.60391964285714,42.60391964285714,42.60391964285714,125.37967857142856,125.37967857142856,126.38035714285714,126.38035714285714,42.60391964285714,42.60391964285714,126.38035714285714
2018,8,2,42.60391964285714,125.37967857142856,26.889767857142857,10.43442857142857,0.9029732142857144,28.292607142857143,126.38035714285714,126.38035714285714,126.38035714285714,42.60391964285714,42.60391964285714,42.60391964285714,125.37967857142856,125.37967857142856,126.38035714285714,126.38035714285714,42.60391964285714,42.60391964285714,126.38035714285714
2018,8,2,42.60391964285714,125.37967857142856,26.889767857142857,10.43442857142857,0.9029732142857144,28.292607142857143,126.38035714285714,126.38035714285714,126.38035714285714,42.60391964285714,42.60391964285714,42.60391964285714,125.37967857142856,125.37967857142856,126.38035714285714,126.38035714285714,42.60391964285714,42.60391964285714,126.38035714285714
2018,8,2,42.60391964285714,125.37967857142856,26.889767857142857,10.43442857142857,0.9029732142857144,28.292607142857143,126.38035714285714,126.38035714285714,126.38035714285714,42.60391964285714,42.60391964285714,42.60391964285714,125.37967857142856,125.37967857142856,126.38035714285714,126.38035714285714,42.60391964285714,42.60391964285714,126.38035714285714
2018,8,2,42.60391964285714,125.37967857142856,26.889767857142857,10.43442857142857,0.9029732142857144,28.292607142857143,126.38035714285714,126.38035714285714,126.38035714285714,42.60391964285714,42.60391964285714,42.60391964285714,125.37967857142856,125.37967857142856,126.38035714285714,126.38035714285714,42.60391964285714,42.60391964285714,126.38035714285714
2018,9,2,46.744845454545455,123.77304545454544,30.3971,11.559036363636364,0.9423363636363636,28.86372727272727,126.38035714285714,126.38035714285714,126.38035714285714,42.60391964285714,42.60391964285714,42.60391964285714,125.37967857142856,125.37967857142856,126.38963203463203,126.38499458874458,43.984228246753226,43.2940739448052,126.40818181818182
2018,9,2,46.744845454545455,123.77304545454544,30.3971,11.559036363636364,0.9423363636363636,28.86372727272727,126.40818181818182,126.38035714285714,126.38035714285714,46.744845454545455,42.60391964285714,42.60391964285714,123.77304545454544,125.37967857142856,126.39890692640692,126.38963203463204,45.36453685064934,43.98422824675325,126.40818181818182
2018,9,2,46.744845454545455,123.77304545454544,30.3971,11.559036363636364,0.9423363636363636,28.86372727272727,126.40818181818182,126.40818181818182,126.38035714285714,46.744845454545455,46.744845454545455,42.60391964285714,123.77304545454544,123.77304545454544,126.40818181818182,126.39426948051948,46.744845454545455,44.674382548701296,126.40818181818182
2018,9,2,46.744845454545455,123.77304545454544,30.3971,11.559036363636364,0.9423363636363636,28.86372727272727,126.40818181818182,126.40818181818182,126.40818181818182,46.744845454545455,46.744845454545455,46.744845454545455,123.77304545454544,123.77304545454544,126.40818181818182,126.39890692640692,46.744845454545455,45.36453685064936,126.40818181818182
2018,9,2,46.744845454545455,123.77304545454544,30.3971,11.559036363636364,0.9423363636363636,28.86372727272727,126.40818181818182,126.40818181818182,126.40818181818182,46.744845454545455,46.744845454545455,46.744845454545455,123.77304545454544,123.77304545454544,126.40818181818182,126.40354437229438,46.744845454545455,46.0546911525974,126.40818181818182
2018,9,2,46.744845454545455,123.77304545454544,30.3971,11.559036363636364,0.9423363636363636,28.86372727272727,126.40818181818182,126.40818181818182,126.40818181818182,46.744845454545455,46.744845454545455,46.744845454545455,123.77304545454544,123.77304545454544,126.40818181818182,126.40818181818182,46.744845454545455,46.744845454545455,126.40818181818182
2018,9,2,46.744845454545455,123.77304545454544,30.3971,11.559036363636364,0.9423363636363636,28.86372727272727,126.40818181818182,126.40818181818182,126.40818181818182,46.744845454545455,46.744845454545455,46.744845454545455,123.77304545454544,123.77304545454544,126.40818181818182,126.40818181818182,46.744845454545455,46.744845454545455,126.40818181818182
2018,9,2,46.744845454545455,123.77304545454544,30.3971,11.559036363636364,0.9423363636363636,28.86372727272727,126.40818181818182,126.40818181818182,126.40818181818182,46.744845454545455,46.744845454545455,46.744845454545455,123.77304545454544,123.77304545454544,126.40818181818182,126.40818181818182,46.744845454545455,46.744845454545455,126.40818181818182
2018,9,2,46.744845454545455,123.77304545454544,30.3971,11.559036363636364,0.9423363636363636,28.86372727272727,126.40818181818182,126.40818181818182,126.40818181818182,46.744845454545455,46.744845454545455,46.744845454545455,123.77304545454544,123.77304545454544,126.40818181818182,126.40818181818182,46.744845454545455,46.744845454545455,126.40818181818182
2018,9,2,46.744845454545455,123.77304545454544,30.3971,11.559036363636364,0.9423363636363636,28.86372727272727,126.40818181818182,126.40818181818182,126.40818181818182,46.744845454545455,46.744845454545455,46.744845454545455,123.77304545454544,123.77304545454544,126.40818181818182,126.40818181818182,46.744845454545455,46.744845454545455,126.40818181818182
2018,10,2,133.81640909090908,285.5863272727273,54.83389090909091,16.343245454545453,1.8129727272727272,44.792145454545455,126.40818181818182,126.40818181818182,126.40818181818182,46.744845454545455,46.744845454545455,46.744845454545455,123.77304545454544,123.77304545454544,180.76060606060605,153.58439393939395,75.76869999999998,61.25677272727273,289.4654545454545
2018,10,2,133.81640909090908,285.5863272727273,54.83389090909091,16.343245454545453,1.8129727272727272,44.792145454545455,289.4654545454545,126.40818181818182,126.40818181818182,133.81640909090908,46.744845454545455,46.744845454545455,285.5863272727273,123.77304545454544,235.11303030303029,180.76060606060605,104.79255454545454,75.76869999999998,289.4654545454545
2018,10,2,133.81640909090908,285.5863272727273,54.83389090909091,16.343245454545453,1.8129727272727272,44.792145454545455,289.4654545454545,289.4654545454545,126.40818181818182,133.81640909090908,133.81640909090908,46.744845454545455,285.5863272727273,285.5863272727273,289.4654545454545,207.93681818181815,133.81640909090908,90.28062727272726,289.4654545454545
2018,10,2,133.81640909090908,285.5863272727273,54.83389090909091,16.343245454545453,1.8129727272727272,44.792145454545455,289.4654545454545,289.4654545454545,289.4654545454545,133.81640909090908,133.81640909090908,133.81640909090908,285.5863272727273,285.5863272727273,289.4654545454545,235.11303030303029,133.81640909090908,104.79255454545454,289.4654545454545
2018,10,2,133.81640909090908,285.5863272727273,54.83389090909091,16.343245454545453,1.8129727272727272,44.792145454545455,289.4654545454545,289.4654545454545,289.4654545454545,133.81640909090908,133.81640909090908,133.81640909090908,285.5863272727273,285.5863272727273,289.4654545454545,262.28924242424245,133.81640909090908,119.3044818181818,289.4654545454545
2018,10,2,133.81640909090908,285.5863272727273,54.83389090909091,16.343245454545453,1.8129727272727272,44.792145454545455,289.4654545454545,289.4654545454545,289.4654545454545,133.81640909090908,133.81640909090908,133.81640909090908,285.5863272727273,285.5863272727273,289.4654545454545,289.4654545454545,133.81640909090908,133.81640909090908,289.4654545454545
2018,10,2,133.81640909090908,285.5863272727273,54.83389090909091,16.343245454545453,1.8129727272727272,44.792145454545455,289.4654545454545,289.4654545454545,289.4654545454545,133.81640909090908,133.81640909090908,133.81640909090908,285.5863272727273,285.5863272727273,289.4654545454545,289.4654545454545,133.81640909090908,133.81640909090908,289.4654545454545
2018,10,2,133.81640909090908,285.5863272727273,54.83389090909091,16.343245454545453,1.8129727272727272,44.792145454545455,289.4654545454545,289.4654545454545,289.4654545454545,133.81640909090908,133.81640909090908,133.81640909090908,285.5863272727273,285.5863272727273,289.4654545454545,289.4654545454545,133.81640909090908,133.81640909090908,289.4654545454545
2018,10,2,133.81640909090908,285.5863272727273,54.83389090909091,16.343245454545453,1.8129727272727272,44.792145454545455,289.4654545454545,289.4654545454545,289.4654545454545,133.81640909090908,133.81640909090908,133.81640909090908,285.5863272727273,285.5863272727273,289.4654545454545,289.4654545454545,133.81640909090908,133.81640909090908,289.4654545454545
2018,10,2,133.81640909090908,285.5863272727273,54.83389090909091,16.343245454545453,1.8129727272727272,44.792145454545455,289.4654545454545,289.4654545454545,289.4654545454545,133.81640909090908,133.81640909090908,133.81640909090908,285.5863272727273,285.5863272727273,289.4654545454545,289.4654545454545,133.81640909090908,133.81640909090908,289.4654545454545
2018,11,2,198.56594032549728,326.692938517179,60.26759493670887,15.900397830018084,2.0584538878842675,41.36422242314647,289.4654545454545,289.4654545454545,289.4654545454545,133.81640909090908,133.81640909090908,133.81640909090908,285.5863272727273,285.5863272727273,314.37208723765684,301.91877089155565,155.39958616910516,144.6079976300071,364.1853526220615
2018,11,2,198.56594032549728,326.692938517179,60.26759493670887,15.900397830018084,2.0584538878842675,41.36422242314647,364.1853526220615,289.4654545454545,289.4654545454545,198.56594032549728,133.81640909090908,133.81640909090908,326.692938517179,285.5863272727273,339.27871992985916,314.37208723765684,176.98276324730122,155.39958616910516,364.1853526220615
2018,11,2,198.56594032549728,326.692938517179,60.26759493670887,15.900397830018084,2.0584538878842675,41.36422242314647,364.1853526220615,364.1853526220615,289.4654545454545,198.56594032549728,198.56594032549728,133.81640909090908,326.692938517179,326.692938517179,364.1853526220615,326.82540358375803,198.56594032549728,166.1911747082032,364.1853526220615
2018,11,2,198.56594032549728,326.692938517179,60.26759493670887,15.900397830018084,2.0584538878842675,41.36422242314647,364.1853526220615,364.1853526220615,364.1853526220615,198.56594032549728,198.56594032549728,198.56594032549728,326.692938517179,326.692938517179,364.1853526220615,339.27871992985916,198.56594032549728,176.98276324730122,364.1853526220615
2018,11,2,198.56594032549728,326.692938517179,60.26759493670887,15.900397830018084,2.0584538878842675,41.36422242314647,364.1853526220615,364.1853526220615,364.1853526220615,198.56594032549728,198.56594032549728,198.56594032549728,326.692938517179,326.692938517179,364.1853526220615,351.73203627596035,198.56594032549728,187.77435178639925,364.1853526220615
2018,11,2,198.56594032549728,326.692938517179,60.26759493670887,15.900397830018084,2.0584538878842675,41.36422242314647,364.1853526220615,364.1853526220615,364.1853526220615,198.56594032549728,198.56594032549728,198.56594032549728,326.692938517179,326.692938517179,364.1853526220615,364.1853526220615,198.56594032549728,198.56594032549728,364.1853526220615
2018,11,2,198.56594032549728,326.692938517179,60.26759493670887,15.900397830018084,2.0584538878842675,41.36422242314647,364.1853526220615,364.1853526220615,364.1853526220615,198.56594032549728,198.56594032549728,198.56594032549728,326.692938517179,326.692938517179,364.1853526220615,364.1853526220615,198.56594032549728,198.56594032549728,364.1853526220615
2018,11,2,198.56594032549728,326.692938517179,60.26759493670887,15.900397830018084,2.0584538878842675,41.36422242314647,364.1853526220615,364.1853526220615,364.1853526220615,198.56594032549728,198.56594032549728,198.56594032549728,326.692938517179,326.692938517179,364.1853526220615,364.1853526220615,198.56594032549728,198.56594032549728,364.1853526220615
2018,11,2,198.56594032549728,326.692938517179,60.26759493670887,15.900397830018084,2.0584538878842675,41.36422242314647,364.1853526220615,364.1853526220615,364.1853526220615,198.56594032549728,198.56594032549728,198.56594032549728,326.692938517179,326.692938517179,364.1853526220615,364.1853526220615,198.56594032549728,198.56594032549728,364.1853526220615
2018,11,2,198.56594032549728,326.692938517179,60.26759493670887,15.900397830018084,2.0584538878842675,41.36422242314647,364.1853526220615,364.1853526220615,364.1853526220615,198.56594032549728,198.56594032549728,198.56594032549728,326.692938517179,326.692938517179,364.1853526220615,364.1853526220615,198.56594032549728,198.56594032549728,364.1853526220615
2018,12,2,226.75422089041092,360.16957191780824,64.48559075342466,15.431909246575344,2.287063356164384,37.81277397260274,364.1853526220615,364.1853526220615,364.1853526220615,198.56594032549728,198.56594032549728,198.56594032549728,326.692938517179,326.692938517179,374.8244816567167,369.50491713938914,207.96203384713513,203.2639870863162,396.1027397260274
2018,12,2,226.75422089041092,360.16957191780824,64.48559075342466,15.431909246575344,2.287063356164384,37.81277397260274,396.1027397260274,364.1853526220615,364.1853526220615,226.75422089041092,198.56594032549728,198.56594032549728,360.16957191780824,326.692938517179,385.46361069137214,374.82448165671684,217.358127368773,207.96203384713513,396.1027397260274
2018,12,2,226.75422089041092,360.16957191780824,64.48559075342466,15.431909246575344,2.287063356164384,37.81277397260274,396.1027397260274,396.1027397260274,364.1853526220615,226.75422089041092,226.75422089041092,198.56594032549728,360.16957191780824,360.16957191780824,396.1027397260274,380.14404617404443,226.75422089041092,212.66008060795411,396.1027397260274
2018,12,2,226.75422089041092,360.16957191780824,64.48559075342466,15.431909246575344,2.287063356164384,37.81277397260274,396.1027397260274,396.1027397260274,396.1027397260274,226.75422089041092,226.75422089041092,226.75422089041092,360.16957191780824,360.16957191780824,396.1027397260274,385.46361069137214,226.75422089041092,217.358127368773,396.1027397260274
2018,12,2,226.75422089041092,360.16957191780824,64.48559075342466,15.431909246575344,2.287063356164384,37.81277397260274,396.1027397260274,396.1027397260274,396.1027397260274,226.75422089041092,226.75422089041092,226.75422089041092,360.16957191780824,360.16957191780824,396.1027397260274,390.78317520869973,226.75422089041092,222.056174129592,396.1027397260274
2018,12,2,226.75422089041092,360.16957191780824,64.48559075342466,15.431909246575344,2.287063356164384,37.81277397260274,396.1027397260274,396.1027397260274,396.1027397260274,226.75422089041092,226.75422089041092,226.75422089041092,360.16957191780824,360.16957191780824,396.1027397260274,396.1027397260274,226.75422089041092,226.75422089041092,396.1027397260274
2018,12,2,226.75422089041092,360.16957191780824,64.48559075342466,15.431909246575344,2.287063356164384,37.81277397260274,396.1027397260274,396.1027397260274,396.1027397260274,226.75422089041092,226.75422089041092,226.75422089041092,360.16957191780824,360.16957191780824,396.1027397260274,396.1027397260274,226.75422089041092,226.75422089041092,396.1027397260274
2018,12,2,226.75422089041092,360.16957191780824,64.48559075342466,15.431909246575344,2.287063356164384,37.81277397260274,396.1027397260274,396.1027397260274,396.1027397260274,226.75422089041092,226.75422089041092,226.75422089041092,360.16957191780824,360.16957191780824,396.1027397260274,396.1027397260274,226.75422089041092,226.75422089041092,396.1027397260274
2018,12,2,226.75422089041092,360.16957191780824,64.48559075342466,15.431909246575344,2.287063356164384,37.81277397260274,396.1027397260274,396.1027397260274,396.1027397260274,226.75422089041092,226.75422089041092,226.75422089041092,360.16957191780824,360.16957191780824,396.1027397260274,396.1027397260274,226.75422089041092,226.75422089041092,396.1027397260274
2018,12,2,226.75422089041092,360.16957191780824,64.48559075342466,15.431909246575344,2.287063356164384,37.81277397260274,396.1027397260274,396.1027397260274,396.1027397260274,226.75422089041092,226.75422089041092,226.75422089041092,360.16957191780824,360.16957191780824,396.1027397260274,396.1027397260274,226.75422089041092,226.75422089041092,396.1027397260274
2015,1,3,40.25,91.13,23.285714285714285,4.6175,0.4585714285714286,24.795357142857146,98.0,98.0,98.0,40.25,40.25,40.25,91.13,91.13,98.0,98.0,40.25,40.25,98.0
2015,1,3,40.25,91.13,23.285714285714285,4.6175,0.4585714285714286,24.795357142857146,98.0,98.0,98.0,40.25,40.25,40.25,91.13,91.13,98.0,98.0,40.25,40.25,98.0
2015,1,3,40.25,91.13,23.285714285714285,4.6175,0.4585714285714286,24.795357142857146,98.0,98.0,98.0,40.25,40.25,40.25,91.13,91.13,98.0,98.0,40.25,40.25,98.0
2015,1,3,40.25,91.13,23.285714285714285,4.6175,0.4585714285714286,24.795357142857146,98.0,98.0,98.0,40.25,40.25,40.25,91.13,91.13,98.0,98.0,40.25,40.25,98.0
2015,1,3,40.25,91.13,23.285714285714285,4.6175,0.4585714285714286,24.795357142857146,98.0,98.0,98.0,40.25,40.25,40.25,91.13,91.13,98.0,98.0,40.25,40.25,98.0
2015,2,3,40.25,91.13,27.13192307692308,5.1850000000000005,0.5280769230769231,32.684615384615384,98.0,98.0,98.0,40.25,40.25,40.25,91.13,91.13,98.0,98.0,40.25,40.25,98.0
2015,2,3,40.25,91.13,27.13192307692308,5.1850000000000005,0.5280769230769231,32.684615384615384,98.0,98.0,98.0,40.25,40.25,40.25,91.13,91.13,98.0,98.0,40.25,40.25,98.0
2015,2,3,40.25,91.13,27.13192307692308,5.1850000000000005,0.5280769230769231,32.684615384615384,98.0,98.0,98.0,40.25,40.25,40.25,91.13,91.13,98.0,98.0,40.25,40.25,98.0
2015,2,3,40.25,91.13,27.13192307692308,5.1850000000000005,0.5280769230769231,32.684615384615384,98.0,98.0,98.0,40.25,40.25,40.25,91.13,91.13,98.0,98.0,40.25,40.25,98.0
2015,2,3,40.25,91.13,27.13192307692308,5.1850000000000005,0.5280769230769231,32.684615384615384,98.0,98.0,98.0,40.25,40.25,40.25,91.13,91.13,98.0,98.0,40.25,40.25,98.0
2015,2,3,40.25,91.13,27.13192307692308,5.1850000000000005,0.5280769230769231,32.684615384615384,98.0,98.0,98.0,40.25,40.25,40.25,91.13,91.13,98.0,98.0,40.25,40.25,98.0
2015,2,3,40.25,91.13,27.13192307692308,5.1850000000000005,0.5280769230769231,32.684615384615384,98.0,98.0,98.0,40.25,40.25,40.25,91.13,91.13,98.0,98.0,40.25,40.25,98.0
2015,2,3,40.25,91.13,27.13192307692308,5.1850000000000005,0.5280769230769231,32.684615384615384,98.0,98.0,98.0,40.25,40.25,40.25,91.13,91.13,98.0,98.0,40.25,40.25,98.0
2015,2,3,40.25,91.13,27.13192307692308,5.1850000000000005,0.5280769230769231,32.684615384615384,98.0,98.0,98.0,40.25,40.25,40.25,91.13,91.13,98.0,98.0,40.25,40.25,98.0
2015,2,3,40.25,91.13,27.13192307692308,5.1850000000000005,0.5280769230769231,32.684615384615384,98.0,98.0,98.0,40.25,40.25,40.25,91.13,91.13,98.0,98.0,40.25,40.25,98.0
2015,3,3,40.46870967741936,91.13,21.32741935483871,6.000645161290323,0.5225806451612903,33.29032258064516,98.0,98.0,98.0,40.25,40.25,40.25,91.13,91.13,98.23655913978496,98.11827956989248,40.32290322580645,40.28645161290323,98.70967741935485
2015,3,3,40.46870967741936,91.13,21.32741935483871,6.000645161290323,0.5225806451612903,33.29032258064516,98.70967741935485,98.0,98.0,40.46870967741936,40.25,40.25,91.13,91.13,98.4731182795699,98.23655913978496,40.395806451612906,40.32290322580645,98.70967741935485
2015,3,3,40.46870967741936,91.13,21.32741935483871,6.000645161290323,0.5225806451612903,33.29032258064516,98.70967741935485,98.70967741935485,98.0,40.46870967741936,40.46870967741936,40.25,91.13,91.13,98.70967741935485,98.35483870967742,40.46870967741936,40.359354838709685,98.70967741935485
2015,3,3,40.46870967741936,91.13,21.32741935483871,6.000645161290323,0.5225806451612903,33.29032258064516,98.70967741935485,98.70967741935485,98.70967741935485,40.46870967741936,40.46870967741936,40.46870967741936,91.13,91.13,98.70967741935485,98.4731182795699,40.46870967741936,40.395806451612906,98.70967741935485
2015,3,3,40.46870967741936,91.13,21.32741935483871,6.000645161290323,0.5225806451612903,33.29032258064516,98.70967741935485,98.70967741935485,98.70967741935485,40.46870967741936,40.46870967741936,40.46870967741936,91.13,91.13,98.70967741935485,98.59139784946238,40.46870967741936,40.432258064516134,98.70967741935485
2015,3,3,40.46870967741936,91.13,21.32741935483871,6.000645161290323,0.5225806451612903,33.29032258064516,98.70967741935485,98.70967741935485,98.70967741935485,40.46870967741936,40.46870967741936,40.46870967741936,91.13,91.13,98.70967741935485,98.70967741935485,40.46870967741936,40.46870967741936,98.70967741935485
2015,3,3,40.46870967741936,91.13,21.32741935483871,6.000645161290323,0.5225806451612903,33.29032258064516,98.70967741935485,98.70967741935485,98.70967741935485,40.46870967741936,40.46870967741936,40.46870967741936,91.13,91.13,98.70967741935485,98.70967741935485,40.46870967741936,40.46870967741936,98.70967741935485
2015,3,3,40.46870967741936,91.13,21.32741935483871,6.000645161290323,0.5225806451612903,33.29032258064516,98.70967741935485,98.70967741935485,98.70967741935485,40.46870967741936,40.46870967741936,40.46870967741936,91.13,91.13,98.70967741935485,98.70967741935485,40.46870967741936,40.46870967741936,98.70967741935485
2015,3,3,40.46870967741936,91.13,21.32741935483871,6.000645161290323,0.5225806451612903,33.29032258064516,98.70967741935485,98.70967741935485,98.70967741935485,40.46870967741936,40.46870967741936,40.46870967741936,91.13,91.13,98.70967741935485,98.70967741935485,40.46870967741936,40.46870967741936,98.70967741935485
2015,3,3,40.46870967741936,91.13,21.32741935483871,6.000645161290323,0.5225806451612903,33.29032258064516,98.70967741935485,98.70967741935485,98.70967741935485,40.46870967741936,40.46870967741936,40.46870967741936,91.13,91.13,98.70967741935485,98.70967741935485,40.46870967741936,40.46870967741936,98.70967741935485
2015,4,3,54.45233333333333,91.12999999999998,17.081666666666667,9.052666666666664,0.9126666666666666,35.2075,98.70967741935485,98.70967741935485,98.70967741935485,40.46870967741936,40.46870967741936,40.46870967741936,91.13,91.13,110.83978494623655,104.77473118279569,45.12991756272402,42.79931362007169,135.1
2015,4,3,54.45233333333333,91.12999999999998,17.081666666666667,9.052666666666664,0.9126666666666666,35.2075,135.1,98.70967741935485,98.70967741935485,54.45233333333333,40.46870967741936,40.46870967741936,91.12999999999998,91.13,122.96989247311826,110.83978494623658,49.79112544802867,45.12991756272402,135.1
2015,4,3,54.45233333333333,91.12999999999998,17.081666666666667,9.052666666666664,0.9126666666666666,35.2075,135.1,135.1,98.70967741935485,54.45233333333333,54.45233333333333,40.46870967741936,91.12999999999998,91.12999999999998,135.1,116.90483870967743,54.45233333333333,47.46052150537634,135.1
2015,4,3,54.45233333333333,91.12999999999998,17.081666666666667,9.052666666666664,0.9126666666666666,35.2075,135.1,135.1,135.1,54.45233333333333,54.45233333333333,54.45233333333333,91.12999999999998,91.12999999999998,135.1,122.96989247311826,54.45233333333333,49.79112544802867,135.1
2015,4,3,54.45233333333333,91.12999999999998,17.081666666666667,9.052666666666664,0.9126666666666666,35.2075,135.1,135.1,135.1,54.45233333333333,54.45233333333333,54.45233333333333,91.12999999999998,91.12999999999998,135.1,129.03494623655914,54.45233333333333,52.121729390681,135.1
2015,4,3,54.45233333333333,91.12999999999998,17.081666666666667,9.052666666666664,0.9126666666666666,35.2075,135.1,135.1,135.1,54.45233333333333,54.45233333333333,54.45233333333333,91.12999999999998,91.12999999999998,135.1,135.1,54.45233333333333,54.45233333333333,135.1
2015,4,3,54.45233333333333,91.12999999999998,17.081666666666667,9.052666666666664,0.9126666666666666,35.2075,135.1,135.1,135.1,54.45233333333333,54.45233333333333,54.45233333333333,91.12999999999998,91.12999999999998,135.1,135.1,54.45233333333333,54.45233333333333,135.1
2015,4,3,54.45233333333333,91.12999999999998,17.081666666666667,9.052666666666664,0.9126666666666666,35.2075,135.1,135.1,135.1,54.45233333333333,54.45233333333333,54.45233333333333,91.12999999999998,91.12999999999998,135.1,135.1,54.45233333333333,54.45233333333333,135.1
2015,4,3,54.45233333333333,91.12999999999998,17.081666666666667,9.052666666666664,0.9126666666666666,35.2075,135.1,135.1,135.1,54.45233333333333,54.45233333333333,54.45233333333333,91.12999999999998,91.12999999999998,135.1,135.1,54.45233333333333,54.45233333333333,135.1
2015,4,3,54.45233333333333,91.12999999999998,17.081666666666667,9.052666666666664,0.9126666666666666,35.2075,135.1,135.1,135.1,54.45233333333333,54.45233333333333,54.45233333333333,91.12999999999998,91.12999999999998,135.1,135.1,54.45233333333333,54.45233333333333,135.1
2015,5,3,51.552580645161285,91.13,15.88516129032258,9.81032258064516,0.955483870967742,37.60258064516129,135.1,135.1,135.1,54.45233333333333,54.45233333333333,54.45233333333333,91.12999999999998,91.12999999999998,134.5290322580645,134.81451612903226,53.485749103942645,53.96904121863798,133.38709677419354
2015,5,3,51.552580645161285,91.13,15.88516129032258,9.81032258064516,0.955483870967742,37.60258064516129,133.38709677419354,135.1,135.1,51.552580645161285,54.45233333333333,54.45233333333333,91.13,91.12999999999998,133.95806451612904,134.52903225806452,52.51916487455196,53.485749103942645,133.38709677419354
2015,5,3,51.552580645161285,91.13,15.88516129032258,9.81032258064516,0.955483870967742,37.60258064516129,133.38709677419354,133.38709677419354,135.1,51.552580645161285,51.552580645161285,54.45233333333333,91.13,91.13,133.38709677419354,134.24354838709675,51.552580645161285,53.002456989247314,133.38709677419354
2015,5,3,51.552580645161285,91.13,15.88516129032258,9.81032258064516,0.955483870967742,37.60258064516129,133.38709677419354,133.38709677419354,133.38709677419354,51.552580645161285,51.552580645161285,51.552580645161285,91.13,91.13,133.38709677419354,133.958064516129,51.552580645161285,52.51916487455197,133.38709677419354
2015,5,3,51.552580645161285,91.13,15.88516129032258,9.81032258064516,0.955483870967742,37.60258064516129,133.38709677419354,133.38709677419354,133.38709677419354,51.552580645161285,51.552580645161285,51.552580645161285,91.13,91.13,133.38709677419354,133.67258064516128,51.552580645161285,52.03587275985662,133.38709677419354
2015,5,3,51.552580645161285,91.13,15.88516129032258,9.81032258064516,0.955483870967742,37.60258064516129,133.38709677419354,133.38709677419354,133.38709677419354,51.552580645161285,51.552580645161285,51.552580645161285,91.13,91.13,133.38709677419354,133.38709677419354,51.552580645161285,51.552580645161285,133.38709677419354
2015,5,3,51.552580645161285,91.13,15.88516129032258,9.81032258064516,0.955483870967742,37.60258064516129,133.38709677419354,133.38709677419354,133.38709677419354,51.552580645161285,51.552580645161285,51.552580645161285,91.13,91.13,133.38709677419354,133.38709677419354,51.552580645161285,51.552580645161285,133.38709677419354
2015,5,3,51.552580645161285,91.13,15.88516129032258,9.81032258064516,0.955483870967742,37.60258064516129,133.38709677419354,133.38709677419354,133.38709677419354,51.552580645161285,51.552580645161285,51.552580645161285,91.13,91.13,133.38709677419354,133.38709677419354,51.552580645161285,51.552580645161285,133.38709677419354
2015,5,3,51.552580645161285,91.13,15.88516129032258,9.81032258064516,0.955483870967742,37.60258064516129,133.38709677419354,133.38709677419354,133.38709677419354,51.552580645161285,51.552580645161285,51.552580645161285,91.13,91.13,133.38709677419354,133.38709677419354,51.552580645161285,51.552580645161285,133.38709677419354
2015,5,3,51.552580645161285,91.13,15.88516129032258,9.81032258064516,0.955483870967742,37.60258064516129,133.38709677419354,133.38709677419354,133.38709677419354,51.552580645161285,51.552580645161285,51.552580645161285,91.13,91.13,133.38709677419354,133.38709677419354,51.552580645161285,51.552580645161285,133.38709677419354
2015,6,3,74.767,91.12999999999998,10.375333333333334,8.126666666666667,0.772,22.449333333333332,133.38709677419354,133.38709677419354,133.38709677419354,51.552580645161285,51.552580645161285,51.552580645161285,91.13,91.13,140.76917562724012,137.07813620071684,59.29072043010752,55.421650537634406,155.53333333333333
2015,6,3,74.767,91.12999999999998,10.375333333333334,8.126666666666667,0.772,22.449333333333332,155.53333333333333,133.38709677419354,133.38709677419354,74.767,51.552580645161285,51.552580645161285,91.12999999999998,91.13,148.15125448028672,140.76917562724012,67.02886021505377,59.29072043010752,155.53333333333333
2015,6,3,74.767,91.12999999999998,10.375333333333334,8.126666666666667,0.772,22.449333333333332,155.53333333333333,155.53333333333333,133.38709677419354,74.767,74.767,51.552580645161285,91.12999999999998,91.12999999999998,155.53333333333333,144.46021505376345,74.767,63.15979032258064,155.53333333333333
2015,6,3,74.767,91.12999999999998,10.375333333333334,8.126666666666667,0.772,22.449333333333332,155.53333333333333,155.53333333333333,155.53333333333333,74.767,74.767,74.767,91.12999999999998,91.12999999999998,155.53333333333333,148.15125448028672,74.767,67.02886021505375,155.53333333333333
2015,6,3,74.767,91.12999999999998,10.375333333333334,8.126666666666667,0.772,22.449333333333332,155.53333333333333,155.53333333333333,155.53333333333333,74.767,74.767,74.767,91.12999999999998,91.12999999999998,155.53333333333333,151.84229390681003,74.767,70.89793010752688,155.53333333333333
2015,6,3,74.767,91.12999999999998,10.375333333333334,8.126666666666667,0.772,22.449333333333332,155.53333333333333,155.53333333333333,155.53333333333333,74.767,74.767,74.767,91.12999999999998,91.12999999999998,155.53333333333333,155.53333333333333,74.767,74.767,155.53333333333333
2015,6,3,74.767,91.12999999999998,10.375333333333334,8.126666666666667,0.772,22.449333333333332,155.53333333333333,155.53333333333333,155.53333333333333,74.767,74.767,74.767,91.12999999999998,91.12999999999998,155.53333333333333,155.53333333333333,74.767,74.767,155.53333333333333
2015,6,3,74.767,91.12999999999998,10.375333333333334,8.126666666666667,0.772,22.449333333333332,155.53333333333333,155.53333333333333,155.53333333333333,74.767,74.767,74.767,91.12999999999998,91.12999999999998,155.53333333333333,155.53333333333333,74.767,74.767,155.53333333333333
2015,6,3,74.767,91.12999999999998,10.375333333333334,8.126666666666667,0.772,22.449333333333332,155.53333333333333,155.53333333333333,155.53333333333333,74.767,74.767,74.767,91.12999999999998,91.12999999999998,155.53333333333333,155.53333333333333,74.767,74.767,155.53333333333333
2015,6,3,74.767,91.12999999999998,10.375333333333334,8.126666666666667,0.772,22.449333333333332,155.53333333333333,155.53333333333333,155.53333333333333,74.767,74.767,74.767,91.12999999999998,91.12999999999998,155.53333333333333,155.53333333333333,74.767,74.767,155.53333333333333
2015,7,3,26.766129032258064,91.13,6.687096774193549,6.00516129032258,0.5412903225806452,15.442903225806452,155.53333333333333,155.53333333333333,155.53333333333333,74.767,74.767,74.767,91.12999999999998,91.12999999999998,129.85017921146954,142.69175627240142,58.76670967741935,66.76685483870968,78.48387096774194
2015,7,3,26.766129032258064,91.13,6.687096774193549,6.00516129032258,0.5412903225806452,15.442903225806452,78.48387096774194,155.53333333333333,155.53333333333333,26.766129032258064,74.767,74.767,91.13,91.12999999999998,104.16702508960573,129.8501792114695,42.76641935483871,58.76670967741936,78.48387096774194
2015,7,3,26.766129032258064,91.13,6.687096774193549,6.00516129032258,0.5412903225806452,15.442903225806452,78.48387096774194,78.48387096774194,155.53333333333333,26.766129032258064,26.766129032258064,74.767,91.13,91.13,78.48387096774194,117.00860215053763,26.766129032258064,50.76656451612903,78.48387096774194
2015,7,3,26.766129032258064,91.13,6.687096774193549,6.00516129032258,0.5412903225806452,15.442903225806452,78.48387096774194,78.48387096774194,78.48387096774194,26.766129032258064,26.766129032258064,26.766129032258064,91.13,91.13,78.48387096774194,104.16702508960573,26.766129032258064,42.76641935483871,78.48387096774194
2015,7,3,26.766129032258064,91.13,6.687096774193549,6.00516129032258,0.5412903225806452,15.442903225806452,78.48387096774194,78.48387096774194,78.48387096774194,26.766129032258064,26.766129032258064,26.766129032258064,91.13,91.13,78.48387096774194,91.32544802867385,26.766129032258064,34.76627419354839,78.48387096774194
2015,7,3,26.766129032258064,91.13,6.687096774193549,6.00516129032258,0.5412903225806452,15.442903225806452,78.48387096774194,78.48387096774194,78.48387096774194,26.766129032258064,26.766129032258064,26.766129032258064,91.13,91.13,78.48387096774194,78.48387096774194,26.766129032258064,26.766129032258064,78.48387096774194
2015,7,3,26.766129032258064,91.13,6.687096774193549,6.00516129032258,0.5412903225806452,15.442903225806452,78.48387096774194,78.48387096774194,78.48387096774194,26.766129032258064,26.766129032258064,26.766129032258064,91.13,91.13,78.48387096774194,78.48387096774194,26.766129032258064,26.766129032258064,78.48387096774194
2015,7,3,26.766129032258064,91.13,6.687096774193549,6.00516129032258,0.5412903225806452,15.442903225806452,78.48387096774194,78.48387096774194,78.48387096774194,26.766129032258064,26.766129032258064,26.766129032258064,91.13,91.13,78.48387096774194,78.48387096774194,26.766129032258064,26.766129032258064,78.48387096774194
2015,7,3,26.766129032258064,91.13,6.687096774193549,6.00516129032258,0.5412903225806452,15.442903225806452,78.48387096774194,78.48387096774194,78.48387096774194,26.766129032258064,26.766129032258064,26.766129032258064,91.13,91.13,78.48387096774194,78.48387096774194,26.766129032258064,26.766129032258064,78.48387096774194
2015,7,3,26.766129032258064,91.13,6.687096774193549,6.00516129032258,0.5412903225806452,15.442903225806452,78.48387096774194,78.48387096774194,78.48387096774194,26.766129032258064,26.766129032258064,26.766129032258064,91.13,91.13,78.48387096774194,78.48387096774194,26.766129032258064,26.766129032258064,78.48387096774194
2015,8,3,50.83,91.13,13.139677419354838,7.275806451612904,0.6970967741935483,15.300645161290324,78.48387096774194,78.48387096774194,78.48387096774194,26.766129032258064,26.766129032258064,26.766129032258064,91.13,91.13,96.63440860215053,87.55913978494624,34.78741935483871,30.776774193548388,132.93548387096774
2015,8,3,50.83,91.13,13.139677419354838,7.275806451612904,0.6970967741935483,15.300645161290324,132.93548387096774,78.48387096774194,78.48387096774194,50.83,26.766129032258064,26.766129032258064,91.13,91.13,114.78494623655915,96.63440860215053,42.80870967741936,34.787419354838704,132.93548387096774
2015,8,3,50.83,91.13,13.139677419354838,7.275806451612904,0.6970967741935483,15.300645161290324,132.93548387096774,132.93548387096774,78.48387096774194,50.83,50.83,26.766129032258064,91.13,91.13,132.93548387096774,105.70967741935483,50.83,38.79806451612903,132.93548387096774
2015,8,3,50.83,91.13,13.139677419354838,7.275806451612904,0.6970967741935483,15.300645161290324,132.93548387096774,132.93548387096774,132.93548387096774,50.83,50.83,50.83,91.13,91.13,132.93548387096774,114.78494623655915,50.83,42.80870967741935,132.93548387096774
2015,8,3,50.83,91.13,13.139677419354838,7.275806451612904,0.6970967741935483,15.300645161290324,132.93548387096774,132.93548387096774,132.93548387096774,50.83,50.83,50.83,91.13,91.13,132.93548387096774,123.86021505376344,50.83,46.81935483870967,132.93548387096774
2015,8,3,50.83,91.13,13.139677419354838,7.275806451612904,0.6970967741935483,15.300645161290324,132.93548387096774,132.93548387096774,132.93548387096774,50.83,50.83,50.83,91.13,91.13,132.93548387096774,132.93548387096774,50.83,50.83,132.93548387096774
2015,8,3,50.83,91.13,13.139677419354838,7.275806451612904,0.6970967741935483,15.300645161290324,132.93548387096774,132.93548387096774,132.93548387096774,50.83,50.83,50.83,91.13,91.13,132.93548387096774,132.93548387096774,50.83,50.83,132.93548387096774
2015,8,3,50.83,91.13,13.139677419354838,7.275806451612904,0.6970967741935483,15.300645161290324,132.93548387096774,132.93548387096774,132.93548387096774,50.83,50.83,50.83,91.13,91.13,132.93548387096774,132.93548387096774,50.83,50.83,132.93548387096774
2015,8,3,50.83,91.13,13.139677419354838,7.275806451612904,0.6970967741935483,15.300645161290324,132.93548387096774,132.93548387096774,132.93548387096774,50.83,50.83,50.83,91.13,91.13,132.93548387096774,132.93548387096774,50.83,50.83,132.93548387096774
2015,8,3,50.83,91.13,13.139677419354838,7.275806451612904,0.6970967741935483,15.300645161290324,132.93548387096774,132.93548387096774,132.93548387096774,50.83,50.83,50.83,91.13,91.13,132.93548387096774,132.93548387096774,50.83,50.83,132.93548387096774
2015,9,3,70.96418604651163,76.80441860465116,19.86767441860465,4.643488372093023,0.5634883720930233,25.82651162790697,132.93548387096774,132.93548387096774,132.93548387096774,50.83,50.83,50.83,91.13,91.13,141.73993498374594,137.33770942735683,57.541395348837206,54.185697674418606,159.34883720930233
2015,9,3,70.96418604651163,76.80441860465116,19.86767441860465,4.643488372093023,0.5634883720930233,25.82651162790697,159.34883720930233,132.93548387096774,132.93548387096774,70.96418604651163,50.83,50.83,76.80441860465116,91.13,150.54438609652414,141.73993498374594,64.25279069767441,57.541395348837206,159.34883720930233
2015,9,3,70.96418604651163,76.80441860465116,19.86767441860465,4.643488372093023,0.5634883720930233,25.82651162790697,159.34883720930233,159.34883720930233,132.93548387096774,70.96418604651163,70.96418604651163,50.83,76.80441860465116,76.80441860465116,159.34883720930233,146.14216054013505,70.96418604651163,60.89709302325581,159.34883720930233
2015,9,3,70.96418604651163,76.80441860465116,19.86767441860465,4.643488372093023,0.5634883720930233,25.82651162790697,159.34883720930233,159.34883720930233,159.34883720930233,70.96418604651163,70.96418604651163,70.96418604651163,76.80441860465116,76.80441860465116,159.34883720930233,150.54438609652414,70.96418604651163,64.25279069767441,159.34883720930233
2015,9,3,70.96418604651163,76.80441860465116,19.86767441860465,4.643488372093023,0.5634883720930233,25.82651162790697,159.34883720930233,159.34883720930233,159.34883720930233,70.96418604651163,70.96418604651163,70.96418604651163,76.80441860465116,76.80441860465116,159.34883720930233,154.94661165291325,70.96418604651163,67.60848837209302,159.34883720930233
2015,9,3,70.96418604651163,76.80441860465116,19.86767441860465,4.643488372093023,0.5634883720930233,25.82651162790697,159.34883720930233,159.34883720930233,159.34883720930233,70.96418604651163,70.96418604651163,70.96418604651163,76.80441860465116,76.80441860465116,159.34883720930233,159.34883720930233,70.96418604651163,70.96418604651163,159.34883720930233
2015,9,3,70.96418604651163,76.80441860465116,19.86767441860465,4.643488372093023,0.5634883720930233,25.82651162790697,159.34883720930233,159.34883720930233,159.34883720930233,70.96418604651163,70.96418604651163,70.96418604651163,76.80441860465116,76.80441860465116,159.34883720930233,159.34883720930233,70.96418604651163,70.96418604651163,159.34883720930233
2015,9,3,70.96418604651163,76.80441860465116,19.86767441860465,4.643488372093023,0.5634883720930233,25.82651162790697,159.34883720930233,159.34883720930233,159.34883720930233,70.96418604651163,70.96418604651163,70.96418604651163,76.80441860465116,76.80441860465116,159.34883720930233,159.34883720930233,70.96418604651163,70.96418604651163,159.34883720930233
2015,9,3,70.96418604651163,76.80441860465116,19.86767441860465,4.643488372093023,0.5634883720930233,25.82651162790697,159.34883720930233,159.34883720930233,159.34883720930233,70.96418604651163,70.96418604651163,70.96418604651163,76.80441860465116,76.80441860465116,159.34883720930233,159.34883720930233,70.96418604651163,70.96418604651163,159.34883720930233
2015,9,3,70.96418604651163,76.80441860465116,19.86767441860465,4.643488372093023,0.5634883720930233,25.82651162790697,159.34883720930233,159.34883720930233,159.34883720930233,70.96418604651163,70.96418604651163,70.96418604651163,76.80441860465116,76.80441860465116,159.34883720930233,159.34883720930233,70.96418604651163,70.96418604651163,159.34883720930233
2015,10,3,121.10870967741936,94.2374193548387,5.871774193548387,6.979838709677419,0.97,34.917258064516126,159.34883720930233,159.34883720930233,159.34883720930233,70.96418604651163,70.96418604651163,70.96418604651163,76.80441860465116,76.80441860465116,176.49599899974996,167.92241810452614,87.67902725681421,79.32160665166292,210.79032258064515
2015,10,3,121.10870967741936,94.2374193548387,5.871774193548387,6.979838709677419,0.97,34.917258064516126,210.79032258064515,159.34883720930233,159.34883720930233,121.10870967741936,70.96418604651163,70.96418604651163,94.2374193548387,76.80441860465116,193.64316079019753,176.49599899974996,104.39386846711677,87.67902725681421,210.79032258064515
2015,10,3,121.10870967741936,94.2374193548387,5.871774193548387,6.979838709677419,0.97,34.917258064516126,210.79032258064515,210.79032258064515,159.34883720930233,121.10870967741936,121.10870967741936,70.96418604651163,94.2374193548387,94.2374193548387,210.79032258064515,185.06957989497377,121.10870967741936,96.03644786196548,210.79032258064515
2015,10,3,121.10870967741936,94.2374193548387,5.871774193548387,6.979838709677419,0.97,34.917258064516126,210.79032258064515,210.79032258064515,210.79032258064515,121.10870967741936,121.10870967741936,121.10870967741936,94.2374193548387,94.2374193548387,210.79032258064515,193.64316079019753,121.10870967741936,104.39386846711677,210.79032258064515
2015,10,3,121.10870967741936,94.2374193548387,5.871774193548387,6.979838709677419,0.97,34.917258064516126,210.79032258064515,210.79032258064515,210.79032258064515,121.10870967741936,121.10870967741936,121.10870967741936,94.2374193548387,94.2374193548387,210.79032258064515,202.21674168542134,121.10870967741936,112.75128907226808,210.79032258064515
2015,10,3,121.10870967741936,94.2374193548387,5.871774193548387,6.979838709677419,0.97,34.917258064516126,210.79032258064515,210.79032258064515,210.79032258064515,121.10870967741936,121.10870967741936,121.10870967741936,94.2374193548387,94.2374193548387,210.79032258064515,210.79032258064515,121.10870967741936,121.10870967741936,210.79032258064515
2015,10,3,121.10870967741936,94.2374193548387,5.871774193548387,6.979838709677419,0.97,34.917258064516126,210.79032258064515,210.79032258064515,210.79032258064515,121.10870967741936,121.10870967741936,121.10870967741936,94.2374193548387,94.2374193548387,210.79032258064515,210.79032258064515,121.10870967741936,121.10870967741936,210.79032258064515
2015,10,3,121.10870967741936,94.2374193548387,5.871774193548387,6.979838709677419,0.97,34.917258064516126,210.79032258064515,210.79032258064515,210.79032258064515,121.10870967741936,121.10870967741936,121.10870967741936,94.2374193548387,94.2374193548387,210.79032258064515,210.79032258064515,121.10870967741936,121.10870967741936,210.79032258064515
2015,10,3,121.10870967741936,94.2374193548387,5.871774193548387,6.979838709677419,0.97,34.917258064516126,210.79032258064515,210.79032258064515,210.79032258064515,121.10870967741936,121.10870967741936,121.10870967741936,94.2374193548387,94.2374193548387,210.79032258064515,210.79032258064515,121.10870967741936,121.10870967741936,210.79032258064515
2015,10,3,121.10870967741936,94.2374193548387,5.871774193548387,6.979838709677419,0.97,34.917258064516126,210.79032258064515,210.79032258064515,210.79032258064515,121.10870967741936,121.10870967741936,121.10870967741936,94.2374193548387,94.2374193548387,210.79032258064515,210.79032258064515,121.10870967741936,121.10870967741936,210.79032258064515
2015,11,3,60.3515,97.08783333333332,10.059166666666666,9.9945,0.9546666666666668,35.114333333333335,210.79032258064515,210.79032258064515,210.79032258064515,121.10870967741936,121.10870967741936,121.10870967741936,94.2374193548387,94.2374193548387,185.86021505376345,198.32526881720432,100.85630645161291,110.98250806451613,136.0
2015,11,3,60.3515,97.08783333333332,10.059166666666666,9.9945,0.9546666666666668,35.114333333333335,136.0,210.79032258064515,210.79032258064515,60.3515,121.10870967741936,121.10870967741936,97.08783333333332,94.2374193548387,160.9301075268817,185.86021505376343,80.60390322580645,100.85630645161291,136.0
2015,11,3,60.3515,97.08783333333332,10.059166666666666,9.9945,0.9546666666666668,35.114333333333335,136.0,136.0,210.79032258064515,60.3515,60.3515,121.10870967741936,97.08783333333332,97.08783333333332,136.0,173.39516129032256,60.3515,90.73010483870968,136.0
2015,11,3,60.3515,97.08783333333332,10.059166666666666,9.9945,0.9546666666666668,35.114333333333335,136.0,136.0,136.0,60.3515,60.3515,60.3515,97.08783333333332,97.08783333333332,136.0,160.93010752688173,60.3515,80.60390322580646,136.0
2015,11,3,60.3515,97.08783333333332,10.059166666666666,9.9945,0.9546666666666668,35.114333333333335,136.0,136.0,136.0,60.3515,60.3515,60.3515,97.08783333333332,97.08783333333332,136.0,148.46505376344086,60.3515,70.47770161290323,136.0
2015,11,3,60.3515,97.08783333333332,10.059166666666666,9.9945,0.9546666666666668,35.114333333333335,136.0,136.0,136.0,60.3515,60.3515,60.3515,97.08783333333332,97.08783333333332,136.0,136.0,60.3515,60.3515,136.0
2015,11,3,60.3515,97.08783333333332,10.059166666666666,9.9945,0.9546666666666668,35.114333333333335,136.0,136.0,136.0,60.3515,60.3515,60.3515,97.08783333333332,97.08783333333332,136.0,136.0,60.3515,60.3515,136.0
2015,11,3,60.3515,97.08783333333332,10.059166666666666,9.9945,0.9546666666666668,35.114333333333335,136.0,136.0,136.0,60.3515,60.3515,60.3515,97.08783333333332,97.08783333333332,136.0,136.0,60.3515,60.3515,136.0
2015,11,3,60.3515,97.08783333333332,10.059166666666666,9.9945,0.9546666666666668,35.114333333333335,136.0,136.0,136.0,60.3515,60.3515,60.3515,97.08783333333332,97.08783333333332,136.0,136.0,60.3515,60.3515,136.0
2015,11,3,60.3515,97.08783333333332,10.059166666666666,9.9945,0.9546666666666668,35.114333333333335,136.0,136.0,136.0,60.3515,60.3515,60.3515,97.08783333333332,97.08783333333332,136.0,136.0,60.3515,60.3515,136.0
2015,12,3,56.44193548387097,93.16193548387096,14.833387096774192,9.462419354838708,1.059193548387097,32.99217741935484,136.0,136.0,136.0,60.3515,60.3515,60.3515,97.08783333333332,97.08783333333332,131.79032258064515,133.8951612903226,59.04831182795699,59.69990591397849,123.37096774193547
2015,12,3,56.44193548387097,93.16193548387096,14.833387096774192,9.462419354838708,1.059193548387097,32.99217741935484,123.37096774193547,136.0,136.0,56.44193548387097,60.3515,60.3515,93.16193548387096,97.08783333333332,127.58064516129032,131.79032258064515,57.74512365591398,59.048311827957,123.37096774193547
2015,12,3,56.44193548387097,93.16193548387096,14.833387096774192,9.462419354838708,1.059193548387097,32.99217741935484,123.37096774193547,123.37096774193547,136.0,56.44193548387097,56.44193548387097,60.3515,93.16193548387096,93.16193548387096,123.37096774193547,129.68548387096772,56.44193548387097,58.3967177419355,123.37096774193547
2015,12,3,56.44193548387097,93.16193548387096,14.833387096774192,9.462419354838708,1.059193548387097,32.99217741935484,123.37096774193547,123.37096774193547,123.37096774193547,56.44193548387097,56.44193548387097,56.44193548387097,93.16193548387096,93.16193548387096,123.37096774193547,127.5806451612903,56.44193548387097,57.74512365591398,123.37096774193547
2015,12,3,56.44193548387097,93.16193548387096,14.833387096774192,9.462419354838708,1.059193548387097,32.99217741935484,123.37096774193547,123.37096774193547,123.37096774193547,56.44193548387097,56.44193548387097,56.44193548387097,93.16193548387096,93.16193548387096,123.37096774193547,125.47580645161288,56.44193548387097,57.093529569892475,123.37096774193547
2015,12,3,56.44193548387097,93.16193548387096,14.833387096774192,9.462419354838708,1.059193548387097,32.99217741935484,123.37096774193547,123.37096774193547,123.37096774193547,56.44193548387097,56.44193548387097,56.44193548387097,93.16193548387096,93.16193548387096,123.37096774193547,123.37096774193547,56.44193548387097,56.44193548387097,123.37096774193547
2015,12,3,56.44193548387097,93.16193548387096,14.833387096774192,9.462419354838708,1.059193548387097,32.99217741935484,123.37096774193547,123.37096774193547,123.37096774193547,56.44193548387097,56.44193548387097,56.44193548387097,93.16193548387096,93.16193548387096,123.37096774193547,123.37096774193547,56.44193548387097,56.44193548387097,123.37096774193547
2015,12,3,56.44193548387097,93.16193548387096,14.833387096774192,9.462419354838708,1.059193548387097,32.99217741935484,123.37096774193547,123.37096774193547,123.37096774193547,56.44193548387097,56.44193548387097,56.44193548387097,93.16193548387096,93.16193548387096,123.37096774193547,123.37096774193547,56.44193548387097,56.44193548387097,123.37096774193547
2015,12,3,56.44193548387097,93.16193548387096,14.833387096774192,9.462419354838708,1.059193548387097,32.99217741935484,123.37096774193547,123.37096774193547,123.37096774193547,56.44193548387097,56.44193548387097,56.44193548387097,93.16193548387096,93.16193548387096,123.37096774193547,123.37096774193547,56.44193548387097,56.44193548387097,123.37096774193547
2015,12,3,56.44193548387097,93.16193548387096,14.833387096774192,9.462419354838708,1.059193548387097,32.99217741935484,123.37096774193547,123.37096774193547,123.37096774193547,56.44193548387097,56.44193548387097,56.44193548387097,93.16193548387096,93.16193548387096,123.37096774193547,123.37096774193547,56.44193548387097,56.44193548387097,123.37096774193547
2016,1,3,80.02428571428571,97.08482142857144,13.210178571428573,8.831071428571429,1.1114285714285714,45.21446428571429,123.37096774193547,123.37096774193547,123.37096774193547,56.44193548387097,56.44193548387097,56.44193548387097,93.16193548387096,93.16193548387096,140.81874039938555,132.09485407066052,64.30271889400922,60.37232718894009,175.71428571428572
2016,1,3,80.02428571428571,97.08482142857144,13.210178571428573,8.831071428571429,1.1114285714285714,45.21446428571429,175.71428571428572,123.37096774193547,123.37096774193547,80.02428571428571,56.44193548387097,56.44193548387097,97.08482142857144,93.16193548387096,158.26651305683563,140.81874039938555,72.16350230414747,64.30271889400922,175.71428571428572
2016,1,3,80.02428571428571,97.08482142857144,13.210178571428573,8.831071428571429,1.1114285714285714,45.21446428571429,175.71428571428572,175.71428571428572,123.37096774193547,80.02428571428571,80.02428571428571,56.44193548387097,97.08482142857144,97.08482142857144,175.71428571428572,149.5426267281106,80.02428571428571,68.23311059907834,175.71428571428572
2016,1,3,80.02428571428571,97.08482142857144,13.210178571428573,8.831071428571429,1.1114285714285714,45.21446428571429,175.71428571428572,175.71428571428572,175.71428571428572,80.02428571428571,80.02428571428571,80.02428571428571,97.08482142857144,97.08482142857144,175.71428571428572,158.26651305683563,80.02428571428571,72.16350230414747,175.71428571428572
2016,1,3,80.02428571428571,97.08482142857144,13.210178571428573,8.831071428571429,1.1114285714285714,45.21446428571429,175.71428571428572,175.71428571428572,175.71428571428572,80.02428571428571,80.02428571428571,80.02428571428571,97.08482142857144,97.08482142857144,175.71428571428572,166.99039938556066,80.02428571428571,76.09389400921658,175.71428571428572
2016,1,3,80.02428571428571,97.08482142857144,13.210178571428573,8.831071428571429,1.1114285714285714,45.21446428571429,175.71428571428572,175.71428571428572,175.71428571428572,80.02428571428571,80.02428571428571,80.02428571428571,97.08482142857144,97.08482142857144,175.71428571428572,175.71428571428572,80.02428571428571,80.02428571428571,175.71428571428572
2016,1,3,80.02428571428571,97.08482142857144,13.210178571428573,8.831071428571429,1.1114285714285714,45.21446428571429,175.71428571428572,175.71428571428572,175.71428571428572,80.02428571428571,80.02428571428571,80.02428571428571,97.08482142857144,97.08482142857144,175.71428571428572,175.71428571428572,80.02428571428571,80.02428571428571,175.71428571428572
2016,1,3,80.02428571428571,97.08482142857144,13.210178571428573,8.831071428571429,1.1114285714285714,45.21446428571429,175.71428571428572,175.71428571428572,175.71428571428572,80.02428571428571,80.02428571428571,80.02428571428571,97.08482142857144,97.08482142857144,175.71428571428572,175.71428571428572,80.02428571428571,80.02428571428571,175.71428571428572
2016,1,3,80.02428571428571,97.08482142857144,13.210178571428573,8.831071428571429,1.1114285714285714,45.21446428571429,175.71428571428572,175.71428571428572,175.71428571428572,80.02428571428571,80.02428571428571,80.02428571428571,97.08482142857144,97.08482142857144,175.71428571428572,175.71428571428572,80.02428571428571,80.02428571428571,175.71428571428572
2016,1,3,80.02428571428571,97.08482142857144,13.210178571428573,8.831071428571429,1.1114285714285714,45.21446428571429,175.71428571428572,175.71428571428572,175.71428571428572,80.02428571428571,80.02428571428571,80.02428571428571,97.08482142857144,97.08482142857144,175.71428571428572,175.71428571428572,80.02428571428571,80.02428571428571,175.71428571428572
2016,2,3,92.32727272727271,95.68,11.07018181818182,6.548363636363637,0.9796363636363636,34.44327272727273,175.71428571428572,175.71428571428572,175.71428571428572,80.02428571428571,80.02428571428571,80.02428571428571,97.08482142857144,97.08482142857144,167.30649350649352,171.51038961038964,84.12528138528137,82.07478354978355,150.4909090909091
2016,2,3,92.32727272727271,95.68,11.07018181818182,6.548363636363637,0.9796363636363636,34.44327272727273,150.4909090909091,175.71428571428572,175.71428571428572,92.32727272727271,80.02428571428571,80.02428571428571,95.68,97.08482142857144,158.89870129870133,167.30649350649352,88.22627705627706,84.12528138528138,150.4909090909091
2016,2,3,92.32727272727271,95.68,11.07018181818182,6.548363636363637,0.9796363636363636,34.44327272727273,150.4909090909091,150.4909090909091,175.71428571428572,92.32727272727271,92.32727272727271,80.02428571428571,95.68,95.68,150.4909090909091,163.1025974025974,92.32727272727271,86.1757792207792,150.4909090909091
2016,2,3,92.32727272727271,95.68,11.07018181818182,6.548363636363637,0.9796363636363636,34.44327272727273,150.4909090909091,150.4909090909091,150.4909090909091,92.32727272727271,92.32727272727271,92.32727272727271,95.68,95.68,150.4909090909091,158.8987012987013,92.32727272727271,88.22627705627706,150.4909090909091
2016,2,3,92.32727272727271,95.68,11.07018181818182,6.548363636363637,0.9796363636363636,34.44327272727273,150.4909090909091,150.4909090909091,150.4909090909091,92.32727272727271,92.32727272727271,92.32727272727271,95.68,95.68,150.4909090909091,154.6948051948052,92.32727272727271,90.27677489177488,150.4909090909091
2016,2,3,92.32727272727271,95.68,11.07018181818182,6.548363636363637,0.9796363636363636,34.44327272727273,150.4909090909091,150.4909090909091,150.4909090909091,92.32727272727271,92.32727272727271,92.32727272727271,95.68,95.68,150.4909090909091,150.4909090909091,92.32727272727271,92.32727272727271,150.4909090909091
2016,2,3,92.32727272727271,95.68,11.07018181818182,6.548363636363637,0.9796363636363636,34.44327272727273,150.4909090909091,150.4909090909091,150.4909090909091,92.32727272727271,92.32727272727271,92.32727272727271,95.68,95.68,150.4909090909091,150.4909090909091,92.32727272727271,92.32727272727271,150.4909090909091
2016,2,3,92.32727272727271,95.68,11.07018181818182,6.548363636363637,0.9796363636363636,34.44327272727273,150.4909090909091,150.4909090909091,150.4909090909091,92.32727272727271,92.32727272727271,92.32727272727271,95.68,95.68,150.4909090909091,150.4909090909091,92.32727272727271,92.32727272727271,150.4909090909091
2016,2,3,92.32727272727271,95.68,11.07018181818182,6.548363636363637,0.9796363636363636,34.44327272727273,150.4909090909091,150.4909090909091,150.4909090909091,92.32727272727271,92.32727272727271,92.32727272727271,95.68,95.68,150.4909090909091,150.4909090909091,92.32727272727271,92.32727272727271,150.4909090909091
2016,2,3,92.32727272727271,95.68,11.07018181818182,6.548363636363637,0.9796363636363636,34.44327272727273,150.4909090909091,150.4909090909091,150.4909090909091,92.32727272727271,92.32727272727271,92.32727272727271,95.68,95.68,150.4909090909091,150.4909090909091,92.32727272727271,92.32727272727271,150.4909090909091
2016,3,3,56.36672413793104,94.0203448275862,11.237413793103448,5.942413793103449,1.004655172413793,43.49172413793104,150.4909090909091,150.4909090909091,150.4909090909091,92.32727272727271,92.32727272727271,92.32727272727271,95.68,95.68,140.55141065830722,145.52115987460814,80.34042319749214,86.33384796238244,120.67241379310344
2016,3,3,56.36672413793104,94.0203448275862,11.237413793103448,5.942413793103449,1.004655172413793,43.49172413793104,120.67241379310344,150.4909090909091,150.4909090909091,56.36672413793104,92.32727272727271,92.32727272727271,94.0203448275862,95.68,130.61191222570534,140.55141065830722,68.3535736677116,80.34042319749216,120.67241379310344
2016,3,3,56.36672413793104,94.0203448275862,11.237413793103448,5.942413793103449,1.004655172413793,43.49172413793104,120.67241379310344,120.67241379310344,150.4909090909091,56.36672413793104,56.36672413793104,92.32727272727271,94.0203448275862,94.0203448275862,120.67241379310344,135.58166144200626,56.36672413793104,74.34699843260188,120.67241379310344
2016,3,3,56.36672413793104,94.0203448275862,11.237413793103448,5.942413793103449,1.004655172413793,43.49172413793104,120.67241379310344,120.67241379310344,120.67241379310344,56.36672413793104,56.36672413793104,56.36672413793104,94.0203448275862,94.0203448275862,120.67241379310344,130.6119122257053,56.36672413793104,68.3535736677116,120.67241379310344
2016,3,3,56.36672413793104,94.0203448275862,11.237413793103448,5.942413793103449,1.004655172413793,43.49172413793104,120.67241379310344,120.67241379310344,120.67241379310344,56.36672413793104,56.36672413793104,56.36672413793104,94.0203448275862,94.0203448275862,120.67241379310344,125.64216300940438,56.36672413793104,62.360148902821315,120.67241379310344
2016,3,3,56.36672413793104,94.0203448275862,11.237413793103448,5.942413793103449,1.004655172413793,43.49172413793104,120.67241379310344,120.67241379310344,120.67241379310344,56.36672413793104,56.36672413793104,56.36672413793104,94.0203448275862,94.0203448275862,120.67241379310344,120.67241379310344,56.36672413793104,56.36672413793104,120.67241379310344
2016,3,3,56.36672413793104,94.0203448275862,11.237413793103448,5.942413793103449,1.004655172413793,43.49172413793104,120.67241379310344,120.67241379310344,120.67241379310344,56.36672413793104,56.36672413793104,56.36672413793104,94.0203448275862,94.0203448275862,120.67241379310344,120.67241379310344,56.36672413793104,56.36672413793104,120.67241379310344
2016,3,3,56.36672413793104,94.0203448275862,11.237413793103448,5.942413793103449,1.004655172413793,43.49172413793104,120.67241379310344,120.67241379310344,120.67241379310344,56.36672413793104,56.36672413793104,56.36672413793104,94.0203448275862,94.0203448275862,120.67241379310344,120.67241379310344,56.36672413793104,56.36672413793104,120.67241379310344
2016,3,3,56.36672413793104,94.0203448275862,11.237413793103448,5.942413793103449,1.004655172413793,43.49172413793104,120.67241379310344,120.67241379310344,120.67241379310344,56.36672413793104,56.36672413793104,56.36672413793104,94.0203448275862,94.0203448275862,120.67241379310344,120.67241379310344,56.36672413793104,56.36672413793104,120.67241379310344
2016,3,3,56.36672413793104,94.0203448275862,11.237413793103448,5.942413793103449,1.004655172413793,43.49172413793104,120.67241379310344,120.67241379310344,120.67241379310344,56.36672413793104,56.36672413793104,56.36672413793104,94.0203448275862,94.0203448275862,120.67241379310344,120.67241379310344,56.36672413793104,56.36672413793104,120.67241379310344
2016,4,3,51.10203703703704,93.60666666666668,31.36388888888889,6.260370370370371,0.8961111111111111,39.01861111111111,120.67241379310344,120.67241379310344,120.67241379310344,56.36672413793104,56.36672413793104,56.36672413793104,94.0203448275862,94.0203448275862,118.84951042997021,119.76096211153681,54.611828437633044,55.48927628778204,115.20370370370372
2016,4,3,51.10203703703704,93.60666666666668,31.36388888888889,6.260370370370371,0.8961111111111111,39.01861111111111,115.20370370370372,120.67241379310344,120.67241379310344,51.10203703703704,56.36672413793104,56.36672413793104,93.60666666666668,94.0203448275862,117.02660706683696,118.84951042997021,52.856932737335036,54.611828437633044,115.20370370370372
2016,4,3,51.10203703703704,93.60666666666668,31.36388888888889,6.260370370370371,0.8961111111111111,39.01861111111111,115.20370370370372,115.20370370370372,120.67241379310344,51.10203703703704,51.10203703703704,56.36672413793104,93.60666666666668,93.60666666666668,115.20370370370372,117.93805874840359,51.10203703703704,53.73438058748405,115.20370370370372
2016,4,3,51.10203703703704,93.60666666666668,31.36388888888889,6.260370370370371,0.8961111111111111,39.01861111111111,115.20370370370372,115.20370370370372,115.20370370370372,51.10203703703704,51.10203703703704,51.10203703703704,93.60666666666668,93.60666666666668,115.20370370370372,117.02660706683696,51.10203703703704,52.856932737335036,115.20370370370372
2016,4,3,51.10203703703704,93.60666666666668,31.36388888888889,6.260370370370371,0.8961111111111111,39.01861111111111,115.20370370370372,115.20370370370372,115.20370370370372,51.10203703703704,51.10203703703704,51.10203703703704,93.60666666666668,93.60666666666668,115.20370370370372,116.11515538527034,51.10203703703704,51.97948488718604,115.20370370370372
2016,4,3,51.10203703703704,93.60666666666668,31.36388888888889,6.260370370370371,0.8961111111111111,39.01861111111111,115.20370370370372,115.20370370370372,115.20370370370372,51.10203703703704,51.10203703703704,51.10203703703704,93.60666666666668,93.60666666666668,115.20370370370372,115.20370370370372,51.10203703703704,51.10203703703704,115.20370370370372
2016,4,3,51.10203703703704,93.60666666666668,31.36388888888889,6.260370370370371,0.8961111111111111,39.01861111111111,115.20370370370372,115.20370370370372,115.20370370370372,51.10203703703704,51.10203703703704,51.10203703703704,93.60666666666668,93.60666666666668,115.20370370370372,115.20370370370372,51.10203703703704,51.10203703703704,115.20370370370372
2016,4,3,51.10203703703704,93.60666666666668,31.36388888888889,6.260370370370371,0.8961111111111111,39.01861111111111,115.20370370370372,115.20370370370372,115.20370370370372,51.10203703703704,51.10203703703704,51.10203703703704,93.60666666666668,93.60666666666668,115.20370370370372,115.20370370370372,51.10203703703704,51.10203703703704,115.20370370370372
2016,4,3,51.10203703703704,93.60666666666668,31.36388888888889,6.260370370370371,0.8961111111111111,39.01861111111111,115.20370370370372,115.20370370370372,115.20370370370372,51.10203703703704,51.10203703703704,51.10203703703704,93.60666666666668,93.60666666666668,115.20370370370372,115.20370370370372,51.10203703703704,51.10203703703704,115.20370370370372
2016,4,3,51.10203703703704,93.60666666666668,31.36388888888889,6.260370370370371,0.8961111111111111,39.01861111111111,115.20370370370372,115.20370370370372,115.20370370370372,51.10203703703704,51.10203703703704,51.10203703703704,93.60666666666668,93.60666666666668,115.20370370370372,115.20370370370372,51.10203703703704,51.10203703703704,115.20370370370372
2016,5,3,40.6472131147541,82.30786885245901,30.10377049180328,6.056885245901639,0.7940983606557377,32.079918032786885,115.20370370370372,115.20370370370372,115.20370370370372,51.10203703703704,51.10203703703704,51.10203703703704,93.60666666666668,93.60666666666668,110.68225055656751,112.94297713013562,47.617095729609396,49.35956638332322,101.63934426229508
2016,5,3,40.6472131147541,82.30786885245901,30.10377049180328,6.056885245901639,0.7940983606557377,32.079918032786885,101.63934426229508,115.20370370370372,115.20370370370372,40.6472131147541,51.10203703703704,51.10203703703704,82.30786885245901,93.60666666666668,106.16079740943128,110.68225055656751,44.13215442218175,47.617095729609396,101.63934426229508
2016,5,3,40.6472131147541,82.30786885245901,30.10377049180328,6.056885245901639,0.7940983606557377,32.079918032786885,101.63934426229508,101.63934426229508,115.20370370370372,40.6472131147541,40.6472131147541,51.10203703703704,82.30786885245901,82.30786885245901,101.63934426229508,108.42152398299942,40.6472131147541,45.87462507589557,101.63934426229508
2016,5,3,40.6472131147541,82.30786885245901,30.10377049180328,6.056885245901639,0.7940983606557377,32.079918032786885,101.63934426229508,101.63934426229508,101.63934426229508,40.6472131147541,40.6472131147541,40.6472131147541,82.30786885245901,82.30786885245901,101.63934426229508,106.16079740943128,40.6472131147541,44.13215442218175,101.63934426229508
2016,5,3,40.6472131147541,82.30786885245901,30.10377049180328,6.056885245901639,0.7940983606557377,32.079918032786885,101.63934426229508,101.63934426229508,101.63934426229508,40.6472131147541,40.6472131147541,40.6472131147541,82.30786885245901,82.30786885245901,101.63934426229508,103.90007083586319,40.6472131147541,42.389683768467926,101.63934426229508
2016,5,3,40.6472131147541,82.30786885245901,30.10377049180328,6.056885245901639,0.7940983606557377,32.079918032786885,101.63934426229508,101.63934426229508,101.63934426229508,40.6472131147541,40.6472131147541,40.6472131147541,82.30786885245901,82.30786885245901,101.63934426229508,101.63934426229508,40.6472131147541,40.6472131147541,101.63934426229508
2016,5,3,40.6472131147541,82.30786885245901,30.10377049180328,6.056885245901639,0.7940983606557377,32.079918032786885,101.63934426229508,101.63934426229508,101.63934426229508,40.6472131147541,40.6472131147541,40.6472131147541,82.30786885245901,82.30786885245901,101.63934426229508,101.63934426229508,40.6472131147541,40.6472131147541,101.63934426229508
2016,5,3,40.6472131147541,82.30786885245901,30.10377049180328,6.056885245901639,0.7940983606557377,32.079918032786885,101.63934426229508,101.63934426229508,101.63934426229508,40.6472131147541,40.6472131147541,40.6472131147541,82.30786885245901,82.30786885245901,101.63934426229508,101.63934426229508,40.6472131147541,40.6472131147541,101.63934426229508
2016,5,3,40.6472131147541,82.30786885245901,30.10377049180328,6.056885245901639,0.7940983606557377,32.079918032786885,101.63934426229508,101.63934426229508,101.63934426229508,40.6472131147541,40.6472131147541,40.6472131147541,82.30786885245901,82.30786885245901,101.63934426229508,101.63934426229508,40.6472131147541,40.6472131147541,101.63934426229508
2016,5,3,40.6472131147541,82.30786885245901,30.10377049180328,6.056885245901639,0.7940983606557377,32.079918032786885,101.63934426229508,101.63934426229508,101.63934426229508,40.6472131147541,40.6472131147541,40.6472131147541,82.30786885245901,82.30786885245901,101.63934426229508,101.63934426229508,40.6472131147541,40.6472131147541,101.63934426229508
2016,6,3,61.764333333333326,91.12999999999998,12.870666666666668,5.975,0.8230000000000001,20.124,101.63934426229508,101.63934426229508,101.63934426229508,40.6472131147541,40.6472131147541,40.6472131147541,82.30786885245901,82.30786885245901,114.10400728597449,107.87167577413477,47.68625318761385,44.16673315118397,139.03333333333333
2016,6,3,61.764333333333326,91.12999999999998,12.870666666666668,5.975,0.8230000000000001,20.124,139.03333333333333,101.63934426229508,101.63934426229508,61.764333333333326,40.6472131147541,40.6472131147541,91.12999999999998,82.30786885245901,126.56867030965391,114.1040072859745,54.725293260473585,47.68625318761385,139.03333333333333
2016,6,3,61.764333333333326,91.12999999999998,12.870666666666668,5.975,0.8230000000000001,20.124,139.03333333333333,139.03333333333333,101.63934426229508,61.764333333333326,61.764333333333326,40.6472131147541,91.12999999999998,91.12999999999998,139.03333333333333,120.33633879781421,61.764333333333326,51.20577322404372,139.03333333333333
2016,6,3,61.764333333333326,91.12999999999998,12.870666666666668,5.975,0.8230000000000001,20.124,139.03333333333333,139.03333333333333,139.03333333333333,61.764333333333326,61.764333333333326,61.764333333333326,91.12999999999998,91.12999999999998,139.03333333333333,126.56867030965391,61.764333333333326,54.725293260473585,139.03333333333333
2016,6,3,61.764333333333326,91.12999999999998,12.870666666666668,5.975,0.8230000000000001,20.124,139.03333333333333,139.03333333333333,139.03333333333333,61.764333333333326,61.764333333333326,61.764333333333326,91.12999999999998,91.12999999999998,139.03333333333333,132.80100182149363,61.764333333333326,58.24481329690346,139.03333333333333
2016,6,3,61.764333333333326,91.12999999999998,12.870666666666668,5.975,0.8230000000000001,20.124,139.03333333333333,139.03333333333333,139.03333333333333,61.764333333333326,61.764333333333326,61.764333333333326,91.12999999999998,91.12999999999998,139.03333333333333,139.03333333333333,61.764333333333326,61.764333333333326,139.03333333333333
2016,6,3,61.764333333333326,91.12999999999998,12.870666666666668,5.975,0.8230000000000001,20.124,139.03333333333333,139.03333333333333,139.03333333333333,61.764333333333326,61.764333333333326,61.764333333333326,91.12999999999998,91.12999999999998,139.03333333333333,139.03333333333333,61.764333333333326,61.764333333333326,139.03333333333333
2016,6,3,61.764333333333326,91.12999999999998,12.870666666666668,5.975,0.8230000000000001,20.124,139.03333333333333,139.03333333333333,139.03333333333333,61.764333333333326,61.764333333333326,61.764333333333326,91.12999999999998,91.12999999999998,139.03333333333333,139.03333333333333,61.764333333333326,61.764333333333326,139.03333333333333
2016,6,3,61.764333333333326,91.12999999999998,12.870666666666668,5.975,0.8230000000000001,20.124,139.03333333333333,139.03333333333333,139.03333333333333,61.764333333333326,61.764333333333326,61.764333333333326,91.12999999999998,91.12999999999998,139.03333333333333,139.03333333333333,61.764333333333326,61.764333333333326,139.03333333333333
2016,6,3,61.764333333333326,91.12999999999998,12.870666666666668,5.975,0.8230000000000001,20.124,139.03333333333333,139.03333333333333,139.03333333333333,61.764333333333326,61.764333333333326,61.764333333333326,91.12999999999998,91.12999999999998,139.03333333333333,139.03333333333333,61.764333333333326,61.764333333333326,139.03333333333333
2016,7,3,47.34322580645161,91.13,10.560967741935483,6.675806451612904,1.7832258064516129,10.439354838709678,139.03333333333333,139.03333333333333,139.03333333333333,61.764333333333326,61.764333333333326,61.764333333333326,91.12999999999998,91.12999999999998,144.7641577060932,141.8987455197133,56.95729749103942,59.360815412186376,156.2258064516129
2016,7,3,47.34322580645161,91.13,10.560967741935483,6.675806451612904,1.7832258064516129,10.439354838709678,156.2258064516129,139.03333333333333,139.03333333333333,47.34322580645161,61.764333333333326,61.764333333333326,91.13,91.12999999999998,150.49498207885304,144.7641577060932,52.15026164874552,56.95729749103942,156.2258064516129
2016,7,3,47.34322580645161,91.13,10.560967741935483,6.675806451612904,1.7832258064516129,10.439354838709678,156.2258064516129,156.2258064516129,139.03333333333333,47.34322580645161,47.34322580645161,61.764333333333326,91.13,91.13,156.2258064516129,147.6295698924731,47.34322580645161,54.55377956989247,156.2258064516129
2016,7,3,47.34322580645161,91.13,10.560967741935483,6.675806451612904,1.7832258064516129,10.439354838709678,156.2258064516129,156.2258064516129,156.2258064516129,47.34322580645161,47.34322580645161,47.34322580645161,91.13,91.13,156.2258064516129,150.49498207885304,47.34322580645161,52.15026164874552,156.2258064516129
2016,7,3,47.34322580645161,91.13,10.560967741935483,6.675806451612904,1.7832258064516129,10.439354838709678,156.2258064516129,156.2258064516129,156.2258064516129,47.34322580645161,47.34322580645161,47.34322580645161,91.13,91.13,156.2258064516129,153.360394265233,47.34322580645161,49.74674372759856,156.2258064516129
2016,7,3,47.34322580645161,91.13,10.560967741935483,6.675806451612904,1.7832258064516129,10.439354838709678,156.2258064516129,156.2258064516129,156.2258064516129,47.34322580645161,47.34322580645161,47.34322580645161,91.13,91.13,156.2258064516129,156.2258064516129,47.34322580645161,47.34322580645161,156.2258064516129
2016,7,3,47.34322580645161,91.13,10.560967741935483,6.675806451612904,1.7832258064516129,10.439354838709678,156.2258064516129,156.2258064516129,156.2258064516129,47.34322580645161,47.34322580645161,47.34322580645161,91.13,91.13,156.2258064516129,156.2258064516129,47.34322580645161,47.34322580645161,156.2258064516129
2016,7,3,47.34322580645161,91.13,10.560967741935483,6.675806451612904,1.7832258064516129,10.439354838709678,156.2258064516129,156.2258064516129,156.2258064516129,47.34322580645161,47.34322580645161,47.34322580645161,91.13,91.13,156.2258064516129,156.2258064516129,47.34322580645161,47.34322580645161,156.2258064516129
2016,7,3,47.34322580645161,91.13,10.560967741935483,6.675806451612904,1.7832258064516129,10.439354838709678,156.2258064516129,156.2258064516129,156.2258064516129,47.34322580645161,47.34322580645161,47.34322580645161,91.13,91.13,156.2258064516129,156.2258064516129,47.34322580645161,47.34322580645161,156.2258064516129
2016,7,3,47.34322580645161,91.13,10.560967741935483,6.675806451612904,1.7832258064516129,10.439354838709678,156.2258064516129,156.2258064516129,156.2258064516129,47.34322580645161,47.34322580645161,47.34322580645161,91.13,91.13,156.2258064516129,156.2258064516129,47.34322580645161,47.34322580645161,156.2258064516129
2016,8,3,9.878125,80.7325,9.533125,6.600625,1.726875,10.1803125,156.2258064516129,156.2258064516129,156.2258064516129,47.34322580645161,47.34322580645161,47.34322580645161,91.13,91.13,141.81720430107526,149.02150537634407,34.85485887096774,41.09904233870967,113.0
2016,8,3,9.878125,80.7325,9.533125,6.600625,1.726875,10.1803125,113.0,156.2258064516129,156.2258064516129,9.878125,47.34322580645161,47.34322580645161,80.7325,91.13,127.40860215053765,141.81720430107526,22.366491935483868,34.854858870967746,113.0
2016,8,3,9.878125,80.7325,9.533125,6.600625,1.726875,10.1803125,113.0,113.0,156.2258064516129,9.878125,9.878125,47.34322580645161,80.7325,80.7325,113.0,134.61290322580643,9.878125,28.6106754032258,113.0
2016,8,3,9.878125,80.7325,9.533125,6.600625,1.726875,10.1803125,113.0,113.0,113.0,9.878125,9.878125,9.878125,80.7325,80.7325,113.0,127.40860215053762,9.878125,22.366491935483868,113.0
2016,8,3,9.878125,80.7325,9.533125,6.600625,1.726875,10.1803125,113.0,113.0,113.0,9.878125,9.878125,9.878125,80.7325,80.7325,113.0,120.20430107526882,9.878125,16.122308467741934,113.0
2016,8,3,9.878125,80.7325,9.533125,6.600625,1.726875,10.1803125,113.0,113.0,113.0,9.878125,9.878125,9.878125,80.7325,80.7325,113.0,113.0,9.878125,9.878125,113.0
2016,8,3,9.878125,80.7325,9.533125,6.600625,1.726875,10.1803125,113.0,113.0,113.0,9.878125,9.878125,9.878125,80.7325,80.7325,113.0,113.0,9.878125,9.878125,113.0
2016,8,3,9.878125,80.7325,9.533125,6.600625,1.726875,10.1803125,113.0,113.0,113.0,9.878125,9.878125,9.878125,80.7325,80.7325,113.0,113.0,9.878125,9.878125,113.0
2016,8,3,9.878125,80.7325,9.533125,6.600625,1.726875,10.1803125,113.0,113.0,113.0,9.878125,9.878125,9.878125,80.7325,80.7325,113.0,113.0,9.878125,9.878125,113.0
2016,8,3,9.878125,80.7325,9.533125,6.600625,1.726875,10.1803125,113.0,113.0,113.0,9.878125,9.878125,9.878125,80.7325,80.7325,113.0,113.0,9.878125,9.878125,113.0
2016,9,3,22.031379310344825,55.6851724137931,52.311379310344826,8.008275862068967,0.5589655172413793,19.174482758620687,113.0,113.0,113.0,9.878125,9.878125,9.878125,80.7325,80.7325,101.36781609195403,107.18390804597702,13.929209770114943,11.903667385057469,78.10344827586206
2016,9,3,22.031379310344825,55.6851724137931,52.311379310344826,8.008275862068967,0.5589655172413793,19.174482758620687,78.10344827586206,113.0,113.0,22.031379310344825,9.878125,9.878125,55.6851724137931,80.7325,89.73563218390804,101.36781609195403,17.98029454022988,13.929209770114943,78.10344827586206
2016,9,3,22.031379310344825,55.6851724137931,52.311379310344826,8.008275862068967,0.5589655172413793,19.174482758620687,78.10344827586206,78.10344827586206,113.0,22.031379310344825,22.031379310344825,9.878125,55.6851724137931,55.6851724137931,78.10344827586206,95.55172413793105,22.031379310344825,15.954752155172415,78.10344827586206
2016,9,3,22.031379310344825,55.6851724137931,52.311379310344826,8.008275862068967,0.5589655172413793,19.174482758620687,78.10344827586206,78.10344827586206,78.10344827586206,22.031379310344825,22.031379310344825,22.031379310344825,55.6851724137931,55.6851724137931,78.10344827586206,89.73563218390804,22.031379310344825,17.98029454022988,78.10344827586206
2016,9,3,22.031379310344825,55.6851724137931,52.311379310344826,8.008275862068967,0.5589655172413793,19.174482758620687,78.10344827586206,78.10344827586206,78.10344827586206,22.031379310344825,22.031379310344825,22.031379310344825,55.6851724137931,55.6851724137931,78.10344827586206,83.91954022988506,22.031379310344825,20.005836925287355,78.10344827586206
2016,9,3,22.031379310344825,55.6851724137931,52.311379310344826,8.008275862068967,0.5589655172413793,19.174482758620687,78.10344827586206,78.10344827586206,78.10344827586206,22.031379310344825,22.031379310344825,22.031379310344825,55.6851724137931,55.6851724137931,78.10344827586206,78.10344827586206,22.031379310344825,22.031379310344825,78.10344827586206
2016,9,3,22.031379310344825,55.6851724137931,52.311379310344826,8.008275862068967,0.5589655172413793,19.174482758620687,78.10344827586206,78.10344827586206,78.10344827586206,22.031379310344825,22.031379310344825,22.031379310344825,55.6851724137931,55.6851724137931,78.10344827586206,78.10344827586206,22.031379310344825,22.031379310344825,78.10344827586206
2016,9,3,22.031379310344825,55.6851724137931,52.311379310344826,8.008275862068967,0.5589655172413793,19.174482758620687,78.10344827586206,78.10344827586206,78.10344827586206,22.031379310344825,22.031379310344825,22.031379310344825,55.6851724137931,55.6851724137931,78.10344827586206,78.10344827586206,22.031379310344825,22.031379310344825,78.10344827586206
2016,9,3,22.031379310344825,55.6851724137931,52.311379310344826,8.008275862068967,0.5589655172413793,19.174482758620687,78.10344827586206,78.10344827586206,78.10344827586206,22.031379310344825,22.031379310344825,22.031379310344825,55.6851724137931,55.6851724137931,78.10344827586206,78.10344827586206,22.031379310344825,22.031379310344825,78.10344827586206
2016,9,3,22.031379310344825,55.6851724137931,52.311379310344826,8.008275862068967,0.5589655172413793,19.174482758620687,78.10344827586206,78.10344827586206,78.10344827586206,22.031379310344825,22.031379310344825,22.031379310344825,55.6851724137931,55.6851724137931,78.10344827586206,78.10344827586206,22.031379310344825,22.031379310344825,78.10344827586206
2016,10,3,43.54600000000001,82.26866666666666,55.712,20.988333333333333,0.8403333333333334,34.730000000000004,78.10344827586206,78.10344827586206,78.10344827586206,22.031379310344825,22.031379310344825,22.031379310344825,55.6851724137931,55.6851724137931,83.32452107279694,80.7139846743295,29.202919540229885,25.617149425287355,93.76666666666668
2016,10,3,43.54600000000001,82.26866666666666,55.712,20.988333333333333,0.8403333333333334,34.730000000000004,93.76666666666668,78.10344827586206,78.10344827586206,43.54600000000001,22.031379310344825,22.031379310344825,82.26866666666666,55.6851724137931,88.5455938697318,83.32452107279693,36.374459770114946,29.202919540229885,93.76666666666668
2016,10,3,43.54600000000001,82.26866666666666,55.712,20.988333333333333,0.8403333333333334,34.730000000000004,93.76666666666668,93.76666666666668,78.10344827586206,43.54600000000001,43.54600000000001,22.031379310344825,82.26866666666666,82.26866666666666,93.76666666666668,85.93505747126437,43.54600000000001,32.78868965517241,93.76666666666668
2016,10,3,43.54600000000001,82.26866666666666,55.712,20.988333333333333,0.8403333333333334,34.730000000000004,93.76666666666668,93.76666666666668,93.76666666666668,43.54600000000001,43.54600000000001,43.54600000000001,82.26866666666666,82.26866666666666,93.76666666666668,88.5455938697318,43.54600000000001,36.374459770114946,93.76666666666668
2016,10,3,43.54600000000001,82.26866666666666,55.712,20.988333333333333,0.8403333333333334,34.730000000000004,93.76666666666668,93.76666666666668,93.76666666666668,43.54600000000001,43.54600000000001,43.54600000000001,82.26866666666666,82.26866666666666,93.76666666666668,91.15613026819925,43.54600000000001,39.96022988505748,93.76666666666668
2016,10,3,43.54600000000001,82.26866666666666,55.712,20.988333333333333,0.8403333333333334,34.730000000000004,93.76666666666668,93.76666666666668,93.76666666666668,43.54600000000001,43.54600000000001,43.54600000000001,82.26866666666666,82.26866666666666,93.76666666666668,93.76666666666668,43.54600000000001,43.54600000000001,93.76666666666668
2016,10,3,43.54600000000001,82.26866666666666,55.712,20.988333333333333,0.8403333333333334,34.730000000000004,93.76666666666668,93.76666666666668,93.76666666666668,43.54600000000001,43.54600000000001,43.54600000000001,82.26866666666666,82.26866666666666,93.76666666666668,93.76666666666668,43.54600000000001,43.54600000000001,93.76666666666668
2016,10,3,43.54600000000001,82.26866666666666,55.712,20.988333333333333,0.8403333333333334,34.730000000000004,93.76666666666668,93.76666666666668,93.76666666666668,43.54600000000001,43.54600000000001,43.54600000000001,82.26866666666666,82.26866666666666,93.76666666666668,93.76666666666668,43.54600000000001,43.54600000000001,93.76666666666668
2016,10,3,43.54600000000001,82.26866666666666,55.712,20.988333333333333,0.8403333333333334,34.730000000000004,93.76666666666668,93.76666666666668,93.76666666666668,43.54600000000001,43.54600000000001,43.54600000000001,82.26866666666666,82.26866666666666,93.76666666666668,93.76666666666668,43.54600000000001,43.54600000000001,93.76666666666668
2016,10,3,43.54600000000001,82.26866666666666,55.712,20.988333333333333,0.8403333333333334,34.730000000000004,93.76666666666668,93.76666666666668,93.76666666666668,43.54600000000001,43.54600000000001,43.54600000000001,82.26866666666666,82.26866666666666,93.76666666666668,93.76666666666668,43.54600000000001,43.54600000000001,93.76666666666668
2016,11,3,61.15870967741936,99.30290322580645,38.19451612903226,37.31967741935484,0.980967741935484,64.27064516129033,93.76666666666668,93.76666666666668,93.76666666666668,43.54600000000001,43.54600000000001,43.54600000000001,82.26866666666666,82.26866666666666,103.94121863799285,98.85394265232976,49.41690322580646,46.481451612903236,124.29032258064515
2016,11,3,61.15870967741936,99.30290322580645,38.19451612903226,37.31967741935484,0.980967741935484,64.27064516129033,124.29032258064515,93.76666666666668,93.76666666666668,61.15870967741936,43.54600000000001,43.54600000000001,99.30290322580645,82.26866666666666,114.115770609319,103.94121863799285,55.28780645161291,49.41690322580646,124.29032258064515
2016,11,3,61.15870967741936,99.30290322580645,38.19451612903226,37.31967741935484,0.980967741935484,64.27064516129033,124.29032258064515,124.29032258064515,93.76666666666668,61.15870967741936,61.15870967741936,43.54600000000001,99.30290322580645,99.30290322580645,124.29032258064515,109.02849462365593,61.15870967741936,52.35235483870969,124.29032258064515
2016,11,3,61.15870967741936,99.30290322580645,38.19451612903226,37.31967741935484,0.980967741935484,64.27064516129033,124.29032258064515,124.29032258064515,124.29032258064515,61.15870967741936,61.15870967741936,61.15870967741936,99.30290322580645,99.30290322580645,124.29032258064515,114.11577060931899,61.15870967741936,55.28780645161291,124.29032258064515
2016,11,3,61.15870967741936,99.30290322580645,38.19451612903226,37.31967741935484,0.980967741935484,64.27064516129033,124.29032258064515,124.29032258064515,124.29032258064515,61.15870967741936,61.15870967741936,61.15870967741936,99.30290322580645,99.30290322580645,124.29032258064515,119.20304659498208,61.15870967741936,58.22325806451614,124.29032258064515
2016,11,3,61.15870967741936,99.30290322580645,38.19451612903226,37.31967741935484,0.980967741935484,64.27064516129033,124.29032258064515,124.29032258064515,124.29032258064515,61.15870967741936,61.15870967741936,61.15870967741936,99.30290322580645,99.30290322580645,124.29032258064515,124.29032258064515,61.15870967741936,61.15870967741936,124.29032258064515
2016,11,3,61.15870967741936,99.30290322580645,38.19451612903226,37.31967741935484,0.980967741935484,64.27064516129033,124.29032258064515,124.29032258064515,124.29032258064515,61.15870967741936,61.15870967741936,61.15870967741936,99.30290322580645,99.30290322580645,124.29032258064515,124.29032258064515,61.15870967741936,61.15870967741936,124.29032258064515
2016,11,3,61.15870967741936,99.30290322580645,38.19451612903226,37.31967741935484,0.980967741935484,64.27064516129033,124.29032258064515,124.29032258064515,124.29032258064515,61.15870967741936,61.15870967741936,61.15870967741936,99.30290322580645,99.30290322580645,124.29032258064515,124.29032258064515,61.15870967741936,61.15870967741936,124.29032258064515
2016,11,3,61.15870967741936,99.30290322580645,38.19451612903226,37.31967741935484,0.980967741935484,64.27064516129033,124.29032258064515,124.29032258064515,124.29032258064515,61.15870967741936,61.15870967741936,61.15870967741936,99.30290322580645,99.30290322580645,124.29032258064515,124.29032258064515,61.15870967741936,61.15870967741936,124.29032258064515
2016,11,3,61.15870967741936,99.30290322580645,38.19451612903226,37.31967741935484,0.980967741935484,64.27064516129033,124.29032258064515,124.29032258064515,124.29032258064515,61.15870967741936,61.15870967741936,61.15870967741936,99.30290322580645,99.30290322580645,124.29032258064515,124.29032258064515,61.15870967741936,61.15870967741936,124.29032258064515
2016,12,3,59.08709677419355,97.8583870967742,57.12322580645161,31.27774193548387,1.100967741935484,50.32774193548387,124.29032258064515,124.29032258064515,124.29032258064515,61.15870967741936,61.15870967741936,61.15870967741936,99.30290322580645,99.30290322580645,120.34408602150536,122.31720430107526,60.46817204301075,60.81344086021505,112.4516129032258
2016,12,3,59.08709677419355,97.8583870967742,57.12322580645161,31.27774193548387,1.100967741935484,50.32774193548387,112.4516129032258,124.29032258064515,124.29032258064515,59.08709677419355,61.15870967741936,61.15870967741936,97.8583870967742,99.30290322580645,116.39784946236557,120.34408602150536,59.777634408602154,60.46817204301076,112.4516129032258
2016,12,3,59.08709677419355,97.8583870967742,57.12322580645161,31.27774193548387,1.100967741935484,50.32774193548387,112.4516129032258,112.4516129032258,124.29032258064515,59.08709677419355,59.08709677419355,61.15870967741936,97.8583870967742,97.8583870967742,112.4516129032258,118.37096774193547,59.08709677419355,60.12290322580645,112.4516129032258
2016,12,3,59.08709677419355,97.8583870967742,57.12322580645161,31.27774193548387,1.100967741935484,50.32774193548387,112.4516129032258,112.4516129032258,112.4516129032258,59.08709677419355,59.08709677419355,59.08709677419355,97.8583870967742,97.8583870967742,112.4516129032258,116.39784946236558,59.08709677419355,59.77763440860215,112.4516129032258
2016,12,3,59.08709677419355,97.8583870967742,57.12322580645161,31.27774193548387,1.100967741935484,50.32774193548387,112.4516129032258,112.4516129032258,112.4516129032258,59.08709677419355,59.08709677419355,59.08709677419355,97.8583870967742,97.8583870967742,112.4516129032258,114.42473118279567,59.08709677419355,59.432365591397854,112.4516129032258
2016,12,3,59.08709677419355,97.8583870967742,57.12322580645161,31.27774193548387,1.100967741935484,50.32774193548387,112.4516129032258,112.4516129032258,112.4516129032258,59.08709677419355,59.08709677419355,59.08709677419355,97.8583870967742,97.8583870967742,112.4516129032258,112.4516129032258,59.08709677419355,59.08709677419355,112.4516129032258
2016,12,3,59.08709677419355,97.8583870967742,57.12322580645161,31.27774193548387,1.100967741935484,50.32774193548387,112.4516129032258,112.4516129032258,112.4516129032258,59.08709677419355,59.08709677419355,59.08709677419355,97.8583870967742,97.8583870967742,112.4516129032258,112.4516129032258,59.08709677419355,59.08709677419355,112.4516129032258
2016,12,3,59.08709677419355,97.8583870967742,57.12322580645161,31.27774193548387,1.100967741935484,50.32774193548387,112.4516129032258,112.4516129032258,112.4516129032258,59.08709677419355,59.08709677419355,59.08709677419355,97.8583870967742,97.8583870967742,112.4516129032258,112.4516129032258,59.08709677419355,59.08709677419355,112.4516129032258
2016,12,3,59.08709677419355,97.8583870967742,57.12322580645161,31.27774193548387,1.100967741935484,50.32774193548387,112.4516129032258,112.4516129032258,112.4516129032258,59.08709677419355,59.08709677419355,59.08709677419355,97.8583870967742,97.8583870967742,112.4516129032258,112.4516129032258,59.08709677419355,59.08709677419355,112.4516129032258
2016,12,3,59.08709677419355,97.8583870967742,57.12322580645161,31.27774193548387,1.100967741935484,50.32774193548387,112.4516129032258,112.4516129032258,112.4516129032258,59.08709677419355,59.08709677419355,59.08709677419355,97.8583870967742,97.8583870967742,112.4516129032258,112.4516129032258,59.08709677419355,59.08709677419355,112.4516129032258
2017,1,3,73.02677419354839,129.51225806451615,47.542258064516126,15.047096774193548,0.1016129032258064,51.86935483870968,112.4516129032258,112.4516129032258,112.4516129032258,59.08709677419355,59.08709677419355,59.08709677419355,97.8583870967742,97.8583870967742,124.77419354838709,118.61290322580645,63.73365591397849,61.41037634408602,149.4193548387097
2017,1,3,73.02677419354839,129.51225806451615,47.542258064516126,15.047096774193548,0.1016129032258064,51.86935483870968,149.4193548387097,112.4516129032258,112.4516129032258,73.02677419354839,59.08709677419355,59.08709677419355,129.51225806451615,97.8583870967742,137.09677419354838,124.77419354838709,68.38021505376344,63.7336559139785,149.4193548387097
2017,1,3,73.02677419354839,129.51225806451615,47.542258064516126,15.047096774193548,0.1016129032258064,51.86935483870968,149.4193548387097,149.4193548387097,112.4516129032258,73.02677419354839,73.02677419354839,59.08709677419355,129.51225806451615,129.51225806451615,149.4193548387097,130.93548387096774,73.02677419354839,66.05693548387096,149.4193548387097
2017,1,3,73.02677419354839,129.51225806451615,47.542258064516126,15.047096774193548,0.1016129032258064,51.86935483870968,149.4193548387097,149.4193548387097,149.4193548387097,73.02677419354839,73.02677419354839,73.02677419354839,129.51225806451615,129.51225806451615,149.4193548387097,137.09677419354838,73.02677419354839,68.38021505376345,149.4193548387097
2017,1,3,73.02677419354839,129.51225806451615,47.542258064516126,15.047096774193548,0.1016129032258064,51.86935483870968,149.4193548387097,149.4193548387097,149.4193548387097,73.02677419354839,73.02677419354839,73.02677419354839,129.51225806451615,129.51225806451615,149.4193548387097,143.25806451612905,73.02677419354839,70.70349462365591,149.4193548387097
2017,1,3,73.02677419354839,129.51225806451615,47.542258064516126,15.047096774193548,0.1016129032258064,51.86935483870968,149.4193548387097,149.4193548387097,149.4193548387097,73.02677419354839,73.02677419354839,73.02677419354839,129.51225806451615,129.51225806451615,149.4193548387097,149.4193548387097,73.02677419354839,73.02677419354839,149.4193548387097
2017,1,3,73.02677419354839,129.51225806451615,47.542258064516126,15.047096774193548,0.1016129032258064,51.86935483870968,149.4193548387097,149.4193548387097,149.4193548387097,73.02677419354839,73.02677419354839,73.02677419354839,129.51225806451615,129.51225806451615,149.4193548387097,149.4193548387097,73.02677419354839,73.02677419354839,149.4193548387097
2017,1,3,73.02677419354839,129.51225806451615,47.542258064516126,15.047096774193548,0.1016129032258064,51.86935483870968,149.4193548387097,149.4193548387097,149.4193548387097,73.02677419354839,73.02677419354839,73.02677419354839,129.51225806451615,129.51225806451615,149.4193548387097,149.4193548387097,73.02677419354839,73.02677419354839,149.4193548387097
2017,1,3,73.02677419354839,129.51225806451615,47.542258064516126,15.047096774193548,0.1016129032258064,51.86935483870968,149.4193548387097,149.4193548387097,149.4193548387097,73.02677419354839,73.02677419354839,73.02677419354839,129.51225806451615,129.51225806451615,149.4193548387097,149.4193548387097,73.02677419354839,73.02677419354839,149.4193548387097
2017,1,3,73.02677419354839,129.51225806451615,47.542258064516126,15.047096774193548,0.1016129032258064,51.86935483870968,149.4193548387097,149.4193548387097,149.4193548387097,73.02677419354839,73.02677419354839,73.02677419354839,129.51225806451615,129.51225806451615,149.4193548387097,149.4193548387097,73.02677419354839,73.02677419354839,149.4193548387097
2017,2,3,64.55659090909091,149.70113636363638,42.41045454545454,20.290681818181817,0.5427272727272727,58.58022727272728,149.4193548387097,149.4193548387097,149.4193548387097,73.02677419354839,73.02677419354839,73.02677419354839,129.51225806451615,129.51225806451615,148.96896383186706,149.1941593352884,70.2033797653959,71.61507697947215,148.0681818181818
2017,2,3,64.55659090909091,149.70113636363638,42.41045454545454,20.290681818181817,0.5427272727272727,58.58022727272728,148.0681818181818,149.4193548387097,149.4193548387097,64.55659090909091,73.02677419354839,73.02677419354839,149.70113636363638,129.51225806451615,148.51857282502445,148.96896383186706,67.3799853372434,70.2033797653959,148.0681818181818
2017,2,3,64.55659090909091,149.70113636363638,42.41045454545454,20.290681818181817,0.5427272727272727,58.58022727272728,148.0681818181818,148.0681818181818,149.4193548387097,64.55659090909091,64.55659090909091,73.02677419354839,149.70113636363638,149.70113636363638,148.0681818181818,148.74376832844575,64.55659090909091,68.79168255131965,148.0681818181818
2017,2,3,64.55659090909091,149.70113636363638,42.41045454545454,20.290681818181817,0.5427272727272727,58.58022727272728,148.0681818181818,148.0681818181818,148.0681818181818,64.55659090909091,64.55659090909091,64.55659090909091,149.70113636363638,149.70113636363638,148.0681818181818,148.51857282502445,64.55659090909091,67.37998533724341,148.0681818181818
2017,2,3,64.55659090909091,149.70113636363638,42.41045454545454,20.290681818181817,0.5427272727272727,58.58022727272728,148.0681818181818,148.0681818181818,148.0681818181818,64.55659090909091,64.55659090909091,64.55659090909091,149.70113636363638,149.70113636363638,148.0681818181818,148.29337732160312,64.55659090909091,65.96828812316717,148.0681818181818
2017,2,3,64.55659090909091,149.70113636363638,42.41045454545454,20.290681818181817,0.5427272727272727,58.58022727272728,148.0681818181818,148.0681818181818,148.0681818181818,64.55659090909091,64.55659090909091,64.55659090909091,149.70113636363638,149.70113636363638,148.0681818181818,148.0681818181818,64.55659090909091,64.55659090909091,148.0681818181818
2017,2,3,64.55659090909091,149.70113636363638,42.41045454545454,20.290681818181817,0.5427272727272727,58.58022727272728,148.0681818181818,148.0681818181818,148.0681818181818,64.55659090909091,64.55659090909091,64.55659090909091,149.70113636363638,149.70113636363638,148.0681818181818,148.0681818181818,64.55659090909091,64.55659090909091,148.0681818181818
2017,2,3,64.55659090909091,149.70113636363638,42.41045454545454,20.290681818181817,0.5427272727272727,58.58022727272728,148.0681818181818,148.0681818181818,148.0681818181818,64.55659090909091,64.55659090909091,64.55659090909091,149.70113636363638,149.70113636363638,148.0681818181818,148.0681818181818,64.55659090909091,64.55659090909091,148.0681818181818
2017,2,3,64.55659090909091,149.70113636363638,42.41045454545454,20.290681818181817,0.5427272727272727,58.58022727272728,148.0681818181818,148.0681818181818,148.0681818181818,64.55659090909091,64.55659090909091,64.55659090909091,149.70113636363638,149.70113636363638,148.0681818181818,148.0681818181818,64.55659090909091,64.55659090909091,148.0681818181818
2017,2,3,64.55659090909091,149.70113636363638,42.41045454545454,20.290681818181817,0.5427272727272727,58.58022727272728,148.0681818181818,148.0681818181818,148.0681818181818,64.55659090909091,64.55659090909091,64.55659090909091,149.70113636363638,149.70113636363638,148.0681818181818,148.0681818181818,64.55659090909091,64.55659090909091,148.0681818181818
2017,3,3,49.55467741935484,132.32693548387098,35.98967741935484,14.609032258064516,0.4020967741935484,51.04725806451613,148.0681818181818,148.0681818181818,148.0681818181818,64.55659090909091,64.55659090909091,64.55659090909091,149.70113636363638,149.70113636363638,143.6852394916911,145.87671065493646,59.55595307917889,62.0562719941349,134.9193548387097
2017,3,3,49.55467741935484,132.32693548387098,35.98967741935484,14.609032258064516,0.4020967741935484,51.04725806451613,134.9193548387097,148.0681818181818,148.0681818181818,49.55467741935484,64.55659090909091,64.55659090909091,132.32693548387098,149.70113636363638,139.3022971652004,143.6852394916911,54.55531524926687,59.55595307917889,134.9193548387097
2017,3,3,49.55467741935484,132.32693548387098,35.98967741935484,14.609032258064516,0.4020967741935484,51.04725806451613,134.9193548387097,134.9193548387097,148.0681818181818,49.55467741935484,49.55467741935484,64.55659090909091,132.32693548387098,132.32693548387098,134.9193548387097,141.49376832844575,49.55467741935484,57.05563416422287,134.9193548387097
2017,3,3,49.55467741935484,132.32693548387098,35.98967741935484,14.609032258064516,0.4020967741935484,51.04725806451613,134.9193548387097,134.9193548387097,134.9193548387097,49.55467741935484,49.55467741935484,49.55467741935484,132.32693548387098,132.32693548387098,134.9193548387097,139.3022971652004,49.55467741935484,54.55531524926686,134.9193548387097
2017,3,3,49.55467741935484,132.32693548387098,35.98967741935484,14.609032258064516,0.4020967741935484,51.04725806451613,134.9193548387097,134.9193548387097,134.9193548387097,49.55467741935484,49.55467741935484,49.55467741935484,132.32693548387098,132.32693548387098,134.9193548387097,137.11082600195505,49.55467741935484,52.05499633431085,134.9193548387097
2017,3,3,49.55467741935484,132.32693548387098,35.98967741935484,14.609032258064516,0.4020967741935484,51.04725806451613,134.9193548387097,134.9193548387097,134.9193548387097,49.55467741935484,49.55467741935484,49.55467741935484,132.32693548387098,132.32693548387098,134.9193548387097,134.9193548387097,49.55467741935484,49.55467741935484,134.9193548387097
2017,3,3,49.55467741935484,132.32693548387098,35.98967741935484,14.609032258064516,0.4020967741935484,51.04725806451613,134.9193548387097,134.9193548387097,134.9193548387097,49.55467741935484,49.55467741935484,49.55467741935484,132.32693548387098,132.32693548387098,134.9193548387097,134.9193548387097,49.55467741935484,49.55467741935484,134.9193548387097
2017,3,3,49.55467741935484,132.32693548387098,35.98967741935484,14.609032258064516,0.4020967741935484,51.04725806451613,134.9193548387097,134.9193548387097,134.9193548387097,49.55467741935484,49.55467741935484,49.55467741935484,132.32693548387098,132.32693548387098,134.9193548387097,134.9193548387097,49.55467741935484,49.55467741935484,134.9193548387097
2017,3,3,49.55467741935484,132.32693548387098,35.98967741935484,14.609032258064516,0.4020967741935484,51.04725806451613,134.9193548387097,134.9193548387097,134.9193548387097,49.55467741935484,49.55467741935484,49.55467741935484,132.32693548387098,132.32693548387098,134.9193548387097,134.9193548387097,49.55467741935484,49.55467741935484,134.9193548387097
2017,3,3,49.55467741935484,132.32693548387098,35.98967741935484,14.609032258064516,0.4020967741935484,51.04725806451613,134.9193548387097,134.9193548387097,134.9193548387097,49.55467741935484,49.55467741935484,49.55467741935484,132.32693548387098,132.32693548387098,134.9193548387097,134.9193548387097,49.55467741935484,49.55467741935484,134.9193548387097
2017,4,3,58.205666666666666,169.10783333333333,37.88433333333333,17.168666666666663,0.4205,45.827666666666666,134.9193548387097,134.9193548387097,134.9193548387097,49.55467741935484,49.55467741935484,49.55467741935484,132.32693548387098,132.32693548387098,139.42401433691757,137.17168458781364,52.43834050179211,50.99650896057347,148.43333333333334
2017,4,3,58.205666666666666,169.10783333333333,37.88433333333333,17.168666666666663,0.4205,45.827666666666666,148.43333333333334,134.9193548387097,134.9193548387097,58.205666666666666,49.55467741935484,49.55467741935484,169.10783333333333,132.32693548387098,143.92867383512547,139.42401433691757,55.322003584229385,52.43834050179211,148.43333333333334
2017,4,3,58.205666666666666,169.10783333333333,37.88433333333333,17.168666666666663,0.4205,45.827666666666666,148.43333333333334,148.43333333333334,134.9193548387097,58.205666666666666,58.205666666666666,49.55467741935484,169.10783333333333,169.10783333333333,148.43333333333334,141.67634408602152,58.205666666666666,53.88017204301075,148.43333333333334
2017,4,3,58.205666666666666,169.10783333333333,37.88433333333333,17.168666666666663,0.4205,45.827666666666666,148.43333333333334,148.43333333333334,148.43333333333334,58.205666666666666,58.205666666666666,58.205666666666666,169.10783333333333,169.10783333333333,148.43333333333334,143.92867383512547,58.205666666666666,55.322003584229385,148.43333333333334
2017,4,3,58.205666666666666,169.10783333333333,37.88433333333333,17.168666666666663,0.4205,45.827666666666666,148.43333333333334,148.43333333333334,148.43333333333334,58.205666666666666,58.205666666666666,58.205666666666666,169.10783333333333,169.10783333333333,148.43333333333334,146.1810035842294,58.205666666666666,56.763835125448026,148.43333333333334
2017,4,3,58.205666666666666,169.10783333333333,37.88433333333333,17.168666666666663,0.4205,45.827666666666666,148.43333333333334,148.43333333333334,148.43333333333334,58.205666666666666,58.205666666666666,58.205666666666666,169.10783333333333,169.10783333333333,148.43333333333334,148.43333333333334,58.205666666666666,58.205666666666666,148.43333333333334
2017,4,3,58.205666666666666,169.10783333333333,37.88433333333333,17.168666666666663,0.4205,45.827666666666666,148.43333333333334,148.43333333333334,148.43333333333334,58.205666666666666,58.205666666666666,58.205666666666666,169.10783333333333,169.10783333333333,148.43333333333334,148.43333333333334,58.205666666666666,58.205666666666666,148.43333333333334
2017,4,3,58.205666666666666,169.10783333333333,37.88433333333333,17.168666666666663,0.4205,45.827666666666666,148.43333333333334,148.43333333333334,148.43333333333334,58.205666666666666,58.205666666666666,58.205666666666666,169.10783333333333,169.10783333333333,148.43333333333334,148.43333333333334,58.205666666666666,58.205666666666666,148.43333333333334
2017,4,3,58.205666666666666,169.10783333333333,37.88433333333333,17.168666666666663,0.4205,45.827666666666666,148.43333333333334,148.43333333333334,148.43333333333334,58.205666666666666,58.205666666666666,58.205666666666666,169.10783333333333,169.10783333333333,148.43333333333334,148.43333333333334,58.205666666666666,58.205666666666666,148.43333333333334
2017,4,3,58.205666666666666,169.10783333333333,37.88433333333333,17.168666666666663,0.4205,45.827666666666666,148.43333333333334,148.43333333333334,148.43333333333334,58.205666666666666,58.205666666666666,58.205666666666666,169.10783333333333,169.10783333333333,148.43333333333334,148.43333333333334,58.205666666666666,58.205666666666666,148.43333333333334
2017,5,3,35.26229508196721,102.0855737704918,41.97426229508197,7.6786885245901635,0.2418032786885245,46.41803278688525,148.43333333333334,148.43333333333334,148.43333333333334,58.205666666666666,58.205666666666666,58.205666666666666,169.10783333333333,169.10783333333333,136.52932604735884,142.4813296903461,50.55787613843351,54.38177140255009,112.72131147540983
2017,5,3,35.26229508196721,102.0855737704918,41.97426229508197,7.6786885245901635,0.2418032786885245,46.41803278688525,112.72131147540983,148.43333333333334,148.43333333333334,35.26229508196721,58.205666666666666,58.205666666666666,102.0855737704918,169.10783333333333,124.62531876138434,136.52932604735884,42.91008561020036,50.55787613843351,112.72131147540983
2017,5,3,35.26229508196721,102.0855737704918,41.97426229508197,7.6786885245901635,0.2418032786885245,46.41803278688525,112.72131147540983,112.72131147540983,148.43333333333334,35.26229508196721,35.26229508196721,58.205666666666666,102.0855737704918,102.0855737704918,112.72131147540983,130.57732240437159,35.26229508196721,46.733980874316934,112.72131147540983
2017,5,3,35.26229508196721,102.0855737704918,41.97426229508197,7.6786885245901635,0.2418032786885245,46.41803278688525,112.72131147540983,112.72131147540983,112.72131147540983,35.26229508196721,35.26229508196721,35.26229508196721,102.0855737704918,102.0855737704918,112.72131147540983,124.62531876138434,35.26229508196721,42.91008561020036,112.72131147540983
2017,5,3,35.26229508196721,102.0855737704918,41.97426229508197,7.6786885245901635,0.2418032786885245,46.41803278688525,112.72131147540983,112.72131147540983,112.72131147540983,35.26229508196721,35.26229508196721,35.26229508196721,102.0855737704918,102.0855737704918,112.72131147540983,118.6733151183971,35.26229508196721,39.08619034608378,112.72131147540983
2017,5,3,35.26229508196721,102.0855737704918,41.97426229508197,7.6786885245901635,0.2418032786885245,46.41803278688525,112.72131147540983,112.72131147540983,112.72131147540983,35.26229508196721,35.26229508196721,35.26229508196721,102.0855737704918,102.0855737704918,112.72131147540983,112.72131147540983,35.26229508196721,35.26229508196721,112.72131147540983
2017,5,3,35.26229508196721,102.0855737704918,41.97426229508197,7.6786885245901635,0.2418032786885245,46.41803278688525,112.72131147540983,112.72131147540983,112.72131147540983,35.26229508196721,35.26229508196721,35.26229508196721,102.0855737704918,102.0855737704918,112.72131147540983,112.72131147540983,35.26229508196721,35.26229508196721,112.72131147540983
2017,5,3,35.26229508196721,102.0855737704918,41.97426229508197,7.6786885245901635,0.2418032786885245,46.41803278688525,112.72131147540983,112.72131147540983,112.72131147540983,35.26229508196721,35.26229508196721,35.26229508196721,102.0855737704918,102.0855737704918,112.72131147540983,112.72131147540983,35.26229508196721,35.26229508196721,112.72131147540983
2017,5,3,35.26229508196721,102.0855737704918,41.97426229508197,7.6786885245901635,0.2418032786885245,46.41803278688525,112.72131147540983,112.72131147540983,112.72131147540983,35.26229508196721,35.26229508196721,35.26229508196721,102.0855737704918,102.0855737704918,112.72131147540983,112.72131147540983,35.26229508196721,35.26229508196721,112.72131147540983
2017,5,3,35.26229508196721,102.0855737704918,41.97426229508197,7.6786885245901635,0.2418032786885245,46.41803278688525,112.72131147540983,112.72131147540983,112.72131147540983,35.26229508196721,35.26229508196721,35.26229508196721,102.0855737704918,102.0855737704918,112.72131147540983,112.72131147540983,35.26229508196721,35.26229508196721,112.72131147540983
2017,6,3,11.592051282051282,34.0774358974359,15.778333333333334,4.538333333333333,0.2752564102564102,40.26025641025641,112.72131147540983,112.72131147540983,112.72131147540983,35.26229508196721,35.26229508196721,35.26229508196721,102.0855737704918,102.0855737704918,99.7800196160852,106.25066554574751,27.372213815328568,31.31725444864789,73.8974358974359
2017,6,3,11.592051282051282,34.0774358974359,15.778333333333334,4.538333333333333,0.2752564102564102,40.26025641025641,73.8974358974359,112.72131147540983,112.72131147540983,11.592051282051282,35.26229508196721,35.26229508196721,34.0774358974359,102.0855737704918,86.83872775676055,99.7800196160852,19.482132548689922,27.372213815328564,73.8974358974359
2017,6,3,11.592051282051282,34.0774358974359,15.778333333333334,4.538333333333333,0.2752564102564102,40.26025641025641,73.8974358974359,73.8974358974359,112.72131147540983,11.592051282051282,11.592051282051282,35.26229508196721,34.0774358974359,34.0774358974359,73.8974358974359,93.30937368642286,11.592051282051282,23.427173182009245,73.8974358974359
2017,6,3,11.592051282051282,34.0774358974359,15.778333333333334,4.538333333333333,0.2752564102564102,40.26025641025641,73.8974358974359,73.8974358974359,73.8974358974359,11.592051282051282,11.592051282051282,11.592051282051282,34.0774358974359,34.0774358974359,73.8974358974359,86.83872775676053,11.592051282051282,19.482132548689922,73.8974358974359
2017,6,3,11.592051282051282,34.0774358974359,15.778333333333334,4.538333333333333,0.2752564102564102,40.26025641025641,73.8974358974359,73.8974358974359,73.8974358974359,11.592051282051282,11.592051282051282,11.592051282051282,34.0774358974359,34.0774358974359,73.8974358974359,80.36808182709821,11.592051282051282,15.537091915370603,73.8974358974359
2017,6,3,11.592051282051282,34.0774358974359,15.778333333333334,4.538333333333333,0.2752564102564102,40.26025641025641,73.8974358974359,73.8974358974359,73.8974358974359,11.592051282051282,11.592051282051282,11.592051282051282,34.0774358974359,34.0774358974359,73.8974358974359,73.8974358974359,11.592051282051282,11.592051282051282,73.8974358974359
2017,6,3,11.592051282051282,34.0774358974359,15.778333333333334,4.538333333333333,0.2752564102564102,40.26025641025641,73.8974358974359,73.8974358974359,73.8974358974359,11.592051282051282,11.592051282051282,11.592051282051282,34.0774358974359,34.0774358974359,73.8974358974359,73.8974358974359,11.592051282051282,11.592051282051282,73.8974358974359
2017,6,3,11.592051282051282,34.0774358974359,15.778333333333334,4.538333333333333,0.2752564102564102,40.26025641025641,73.8974358974359,73.8974358974359,73.8974358974359,11.592051282051282,11.592051282051282,11.592051282051282,34.0774358974359,34.0774358974359,73.8974358974359,73.8974358974359,11.592051282051282,11.592051282051282,73.8974358974359
2017,6,3,11.592051282051282,34.0774358974359,15.778333333333334,4.538333333333333,0.2752564102564102,40.26025641025641,73.8974358974359,73.8974358974359,73.8974358974359,11.592051282051282,11.592051282051282,11.592051282051282,34.0774358974359,34.0774358974359,73.8974358974359,73.8974358974359,11.592051282051282,11.592051282051282,73.8974358974359
2017,6,3,11.592051282051282,34.0774358974359,15.778333333333334,4.538333333333333,0.2752564102564102,40.26025641025641,73.8974358974359,73.8974358974359,73.8974358974359,11.592051282051282,11.592051282051282,11.592051282051282,34.0774358974359,34.0774358974359,73.8974358974359,73.8974358974359,11.592051282051282,11.592051282051282,73.8974358974359
2017,7,3,13.907204301075268,45.373763440860216,13.439247311827955,5.280537634408602,0.3098924731182795,29.755698924731185,73.8974358974359,73.8974358974359,73.8974358974359,11.592051282051282,11.592051282051282,11.592051282051282,34.0774358974359,34.0774358974359,69.616211745244,71.75682382133995,12.363768955059276,11.977910118555279,61.053763440860216
2017,7,3,13.907204301075268,45.373763440860216,13.439247311827955,5.280537634408602,0.3098924731182795,29.755698924731185,61.053763440860216,73.8974358974359,73.8974358974359,13.907204301075268,11.592051282051282,11.592051282051282,45.373763440860216,34.0774358974359,65.33498759305212,69.616211745244,13.135486628067275,12.363768955059276,61.053763440860216
2017,7,3,13.907204301075268,45.373763440860216,13.439247311827955,5.280537634408602,0.3098924731182795,29.755698924731185,61.053763440860216,61.053763440860216,73.8974358974359,13.907204301075268,13.907204301075268,11.592051282051282,45.373763440860216,45.373763440860216,61.053763440860216,67.47559966914805,13.907204301075268,12.749627791563276,61.053763440860216
2017,7,3,13.907204301075268,45.373763440860216,13.439247311827955,5.280537634408602,0.3098924731182795,29.755698924731185,61.053763440860216,61.053763440860216,61.053763440860216,13.907204301075268,13.907204301075268,13.907204301075268,45.373763440860216,45.373763440860216,61.053763440860216,65.3349875930521,13.907204301075268,13.135486628067275,61.053763440860216
2017,7,3,13.907204301075268,45.373763440860216,13.439247311827955,5.280537634408602,0.3098924731182795,29.755698924731185,61.053763440860216,61.053763440860216,61.053763440860216,13.907204301075268,13.907204301075268,13.907204301075268,45.373763440860216,45.373763440860216,61.053763440860216,63.194375516956164,13.907204301075268,13.52134546457127,61.053763440860216
2017,7,3,13.907204301075268,45.373763440860216,13.439247311827955,5.280537634408602,0.3098924731182795,29.755698924731185,61.053763440860216,61.053763440860216,61.053763440860216,13.907204301075268,13.907204301075268,13.907204301075268,45.373763440860216,45.373763440860216,61.053763440860216,61.053763440860216,13.907204301075268,13.907204301075268,61.053763440860216
2017,7,3,13.907204301075268,45.373763440860216,13.439247311827955,5.280537634408602,0.3098924731182795,29.755698924731185,61.053763440860216,61.053763440860216,61.053763440860216,13.907204301075268,13.907204301075268,13.907204301075268,45.373763440860216,45.373763440860216,61.053763440860216,61.053763440860216,13.907204301075268,13.907204301075268,61.053763440860216
2017,7,3,13.907204301075268,45.373763440860216,13.439247311827955,5.280537634408602,0.3098924731182795,29.755698924731185,61.053763440860216,61.053763440860216,61.053763440860216,13.907204301075268,13.907204301075268,13.907204301075268,45.373763440860216,45.373763440860216,61.053763440860216,61.053763440860216,13.907204301075268,13.907204301075268,61.053763440860216
2017,7,3,13.907204301075268,45.373763440860216,13.439247311827955,5.280537634408602,0.3098924731182795,29.755698924731185,61.053763440860216,61.053763440860216,61.053763440860216,13.907204301075268,13.907204301075268,13.907204301075268,45.373763440860216,45.373763440860216,61.053763440860216,61.053763440860216,13.907204301075268,13.907204301075268,61.053763440860216
2017,7,3,13.907204301075268,45.373763440860216,13.439247311827955,5.280537634408602,0.3098924731182795,29.755698924731185,61.053763440860216,61.053763440860216,61.053763440860216,13.907204301075268,13.907204301075268,13.907204301075268,45.373763440860216,45.373763440860216,61.053763440860216,61.053763440860216,13.907204301075268,13.907204301075268,61.053763440860216
2017,8,3,15.92967741935484,44.18913978494624,14.307096774193548,5.400215053763441,0.3644086021505376,30.41365591397849,61.053763440860216,61.053763440860216,61.053763440860216,13.907204301075268,13.907204301075268,13.907204301075268,45.373763440860216,45.373763440860216,62.29749103942652,61.67562724014337,14.581362007168458,14.244283154121861,64.78494623655914
2017,8,3,15.92967741935484,44.18913978494624,14.307096774193548,5.400215053763441,0.3644086021505376,30.41365591397849,64.78494623655914,61.053763440860216,61.053763440860216,15.92967741935484,13.907204301075268,13.907204301075268,44.18913978494624,45.373763440860216,63.541218637992834,62.297491039426525,15.255519713261648,14.581362007168458,64.78494623655914
2017,8,3,15.92967741935484,44.18913978494624,14.307096774193548,5.400215053763441,0.3644086021505376,30.41365591397849,64.78494623655914,64.78494623655914,61.053763440860216,15.92967741935484,15.92967741935484,13.907204301075268,44.18913978494624,44.18913978494624,64.78494623655914,62.91935483870967,15.92967741935484,14.918440860215055,64.78494623655914
2017,8,3,15.92967741935484,44.18913978494624,14.307096774193548,5.400215053763441,0.3644086021505376,30.41365591397849,64.78494623655914,64.78494623655914,64.78494623655914,15.92967741935484,15.92967741935484,15.92967741935484,44.18913978494624,44.18913978494624,64.78494623655914,63.541218637992834,15.92967741935484,15.255519713261648,64.78494623655914
2017,8,3,15.92967741935484,44.18913978494624,14.307096774193548,5.400215053763441,0.3644086021505376,30.41365591397849,64.78494623655914,64.78494623655914,64.78494623655914,15.92967741935484,15.92967741935484,15.92967741935484,44.18913978494624,44.18913978494624,64.78494623655914,64.16308243727597,15.92967741935484,15.592598566308245,64.78494623655914
2017,8,3,15.92967741935484,44.18913978494624,14.307096774193548,5.400215053763441,0.3644086021505376,30.41365591397849,64.78494623655914,64.78494623655914,64.78494623655914,15.92967741935484,15.92967741935484,15.92967741935484,44.18913978494624,44.18913978494624,64.78494623655914,64.78494623655914,15.92967741935484,15.92967741935484,64.78494623655914
2017,8,3,15.92967741935484,44.18913978494624,14.307096774193548,5.400215053763441,0.3644086021505376,30.41365591397849,64.78494623655914,64.78494623655914,64.78494623655914,15.92967741935484,15.92967741935484,15.92967741935484,44.18913978494624,44.18913978494624,64.78494623655914,64.78494623655914,15.92967741935484,15.92967741935484,64.78494623655914
2017,8,3,15.92967741935484,44.18913978494624,14.307096774193548,5.400215053763441,0.3644086021505376,30.41365591397849,64.78494623655914,64.78494623655914,64.78494623655914,15.92967741935484,15.92967741935484,15.92967741935484,44.18913978494624,44.18913978494624,64.78494623655914,64.78494623655914,15.92967741935484,15.92967741935484,64.78494623655914
2017,8,3,15.92967741935484,44.18913978494624,14.307096774193548,5.400215053763441,0.3644086021505376,30.41365591397849,64.78494623655914,64.78494623655914,64.78494623655914,15.92967741935484,15.92967741935484,15.92967741935484,44.18913978494624,44.18913978494624,64.78494623655914,64.78494623655914,15.92967741935484,15.92967741935484,64.78494623655914
2017,8,3,15.92967741935484,44.18913978494624,14.307096774193548,5.400215053763441,0.3644086021505376,30.41365591397849,64.78494623655914,64.78494623655914,64.78494623655914,15.92967741935484,15.92967741935484,15.92967741935484,44.18913978494624,44.18913978494624,64.78494623655914,64.78494623655914,15.92967741935484,15.92967741935484,64.78494623655914
2017,9,3,25.1635,56.8713,17.256700000000002,5.7891,0.179,34.0197,64.78494623655914,64.78494623655914,64.78494623655914,15.92967741935484,15.92967741935484,15.92967741935484,44.18913978494624,44.18913978494624,68.37996415770608,66.58245519713262,19.007618279569893,17.468647849462368,75.57
2017,9,3,25.1635,56.8713,17.256700000000002,5.7891,0.179,34.0197,75.57,64.78494623655914,64.78494623655914,25.1635,15.92967741935484,15.92967741935484,56.8713,44.18913978494624,71.97498207885305,68.37996415770608,22.085559139784948,19.007618279569893,75.57
2017,9,3,25.1635,56.8713,17.256700000000002,5.7891,0.179,34.0197,75.57,75.57,64.78494623655914,25.1635,25.1635,15.92967741935484,56.8713,56.8713,75.57,70.17747311827956,25.1635,20.54658870967742,75.57
2017,9,3,25.1635,56.8713,17.256700000000002,5.7891,0.179,34.0197,75.57,75.57,75.57,25.1635,25.1635,25.1635,56.8713,56.8713,75.57,71.97498207885305,25.1635,22.085559139784948,75.57
2017,9,3,25.1635,56.8713,17.256700000000002,5.7891,0.179,34.0197,75.57,75.57,75.57,25.1635,25.1635,25.1635,56.8713,56.8713,75.57,73.77249103942653,25.1635,23.624529569892474,75.57
2017,9,3,25.1635,56.8713,17.256700000000002,5.7891,0.179,34.0197,75.57,75.57,75.57,25.1635,25.1635,25.1635,56.8713,56.8713,75.57,75.57,25.1635,25.1635,75.57
2017,9,3,25.1635,56.8713,17.256700000000002,5.7891,0.179,34.0197,75.57,75.57,75.57,25.1635,25.1635,25.1635,56.8713,56.8713,75.57,75.57,25.1635,25.1635,75.57
2017,9,3,25.1635,56.8713,17.256700000000002,5.7891,0.179,34.0197,75.57,75.57,75.57,25.1635,25.1635,25.1635,56.8713,56.8713,75.57,75.57,25.1635,25.1635,75.57
2017,9,3,25.1635,56.8713,17.256700000000002,5.7891,0.179,34.0197,75.57,75.57,75.57,25.1635,25.1635,25.1635,56.8713,56.8713,75.57,75.57,25.1635,25.1635,75.57
2017,9,3,25.1635,56.8713,17.256700000000002,5.7891,0.179,34.0197,75.57,75.57,75.57,25.1635,25.1635,25.1635,56.8713,56.8713,75.57,75.57,25.1635,25.1635,75.57
2017,10,3,38.8806329113924,79.08784810126582,22.465632911392404,7.248607594936709,0.2524683544303797,35.94069620253165,75.57,75.57,75.57,25.1635,25.1635,25.1635,56.8713,56.8713,84.65215189873418,80.11107594936708,29.7358776371308,27.449688818565402,102.81645569620254
2017,10,3,38.8806329113924,79.08784810126582,22.465632911392404,7.248607594936709,0.2524683544303797,35.94069620253165,102.81645569620254,75.57,75.57,38.8806329113924,25.1635,25.1635,79.08784810126582,56.8713,93.73430379746834,84.65215189873418,34.3082552742616,29.7358776371308,102.81645569620254
2017,10,3,38.8806329113924,79.08784810126582,22.465632911392404,7.248607594936709,0.2524683544303797,35.94069620253165,102.81645569620254,102.81645569620254,75.57,38.8806329113924,38.8806329113924,25.1635,79.08784810126582,79.08784810126582,102.81645569620254,89.19322784810127,38.8806329113924,32.0220664556962,102.81645569620254
2017,10,3,38.8806329113924,79.08784810126582,22.465632911392404,7.248607594936709,0.2524683544303797,35.94069620253165,102.81645569620254,102.81645569620254,102.81645569620254,38.8806329113924,38.8806329113924,38.8806329113924,79.08784810126582,79.08784810126582,102.81645569620254,93.73430379746834,38.8806329113924,34.3082552742616,102.81645569620254
2017,10,3,38.8806329113924,79.08784810126582,22.465632911392404,7.248607594936709,0.2524683544303797,35.94069620253165,102.81645569620254,102.81645569620254,102.81645569620254,38.8806329113924,38.8806329113924,38.8806329113924,79.08784810126582,79.08784810126582,102.81645569620254,98.27537974683544,38.8806329113924,36.594444092827,102.81645569620254
2017,10,3,38.8806329113924,79.08784810126582,22.465632911392404,7.248607594936709,0.2524683544303797,35.94069620253165,102.81645569620254,102.81645569620254,102.81645569620254,38.8806329113924,38.8806329113924,38.8806329113924,79.08784810126582,79.08784810126582,102.81645569620254,102.81645569620254,38.8806329113924,38.8806329113924,102.81645569620254
2017,10,3,38.8806329113924,79.08784810126582,22.465632911392404,7.248607594936709,0.2524683544303797,35.94069620253165,102.81645569620254,102.81645569620254,102.81645569620254,38.8806329113924,38.8806329113924,38.8806329113924,79.08784810126582,79.08784810126582,102.81645569620254,102.81645569620254,38.8806329113924,38.8806329113924,102.81645569620254
2017,10,3,38.8806329113924,79.08784810126582,22.465632911392404,7.248607594936709,0.2524683544303797,35.94069620253165,102.81645569620254,102.81645569620254,102.81645569620254,38.8806329113924,38.8806329113924,38.8806329113924,79.08784810126582,79.08784810126582,102.81645569620254,102.81645569620254,38.8806329113924,38.8806329113924,102.81645569620254
2017,10,3,38.8806329113924,79.08784810126582,22.465632911392404,7.248607594936709,0.2524683544303797,35.94069620253165,102.81645569620254,102.81645569620254,102.81645569620254,38.8806329113924,38.8806329113924,38.8806329113924,79.08784810126582,79.08784810126582,102.81645569620254,102.81645569620254,38.8806329113924,38.8806329113924,102.81645569620254
2017,10,3,38.8806329113924,79.08784810126582,22.465632911392404,7.248607594936709,0.2524683544303797,35.94069620253165,102.81645569620254,102.81645569620254,102.81645569620254,38.8806329113924,38.8806329113924,38.8806329113924,79.08784810126582,79.08784810126582,102.81645569620254,102.81645569620254,38.8806329113924,38.8806329113924,102.81645569620254
2017,11,3,56.62422857142857,102.80651428571429,39.730914285714285,15.139657142857144,0.7657714285714285,52.2488,102.81645569620254,102.81645569620254,102.81645569620254,38.8806329113924,38.8806329113924,38.8806329113924,79.08784810126582,79.08784810126582,108.87573236889693,105.84609403254973,44.79516479807112,41.83789885473176,120.99428571428572
2017,11,3,56.62422857142857,102.80651428571429,39.730914285714285,15.139657142857144,0.7657714285714285,52.2488,120.99428571428572,102.81645569620254,102.81645569620254,56.62422857142857,38.8806329113924,38.8806329113924,102.80651428571429,79.08784810126582,114.93500904159133,108.87573236889693,50.709696684749844,44.79516479807112,120.99428571428572
2017,11,3,56.62422857142857,102.80651428571429,39.730914285714285,15.139657142857144,0.7657714285714285,52.2488,120.99428571428572,120.99428571428572,102.81645569620254,56.62422857142857,56.62422857142857,38.8806329113924,102.80651428571429,102.80651428571429,120.99428571428572,111.90537070524414,56.62422857142857,47.75243074141048,120.99428571428572
2017,11,3,56.62422857142857,102.80651428571429,39.730914285714285,15.139657142857144,0.7657714285714285,52.2488,120.99428571428572,120.99428571428572,120.99428571428572,56.62422857142857,56.62422857142857,56.62422857142857,102.80651428571429,102.80651428571429,120.99428571428572,114.93500904159134,56.62422857142857,50.709696684749844,120.99428571428572
2017,11,3,56.62422857142857,102.80651428571429,39.730914285714285,15.139657142857144,0.7657714285714285,52.2488,120.99428571428572,120.99428571428572,120.99428571428572,56.62422857142857,56.62422857142857,56.62422857142857,102.80651428571429,102.80651428571429,120.99428571428572,117.9646473779385,56.62422857142857,53.6669626280892,120.99428571428572
2017,11,3,56.62422857142857,102.80651428571429,39.730914285714285,15.139657142857144,0.7657714285714285,52.2488,120.99428571428572,120.99428571428572,120.99428571428572,56.62422857142857,56.62422857142857,56.62422857142857,102.80651428571429,102.80651428571429,120.99428571428572,120.99428571428572,56.62422857142857,56.62422857142857,120.99428571428572
2017,11,3,56.62422857142857,102.80651428571429,39.730914285714285,15.139657142857144,0.7657714285714285,52.2488,120.99428571428572,120.99428571428572,120.99428571428572,56.62422857142857,56.62422857142857,56.62422857142857,102.80651428571429,102.80651428571429,120.99428571428572,120.99428571428572,56.62422857142857,56.62422857142857,120.99428571428572
2017,11,3,56.62422857142857,102.80651428571429,39.730914285714285,15.139657142857144,0.7657714285714285,52.2488,120.99428571428572,120.99428571428572,120.99428571428572,56.62422857142857,56.62422857142857,56.62422857142857,102.80651428571429,102.80651428571429,120.99428571428572,120.99428571428572,56.62422857142857,56.62422857142857,120.99428571428572
2017,11,3,56.62422857142857,102.80651428571429,39.730914285714285,15.139657142857144,0.7657714285714285,52.2488,120.99428571428572,120.99428571428572,120.99428571428572,56.62422857142857,56.62422857142857,56.62422857142857,102.80651428571429,102.80651428571429,120.99428571428572,120.99428571428572,56.62422857142857,56.62422857142857,120.99428571428572
2017,11,3,56.62422857142857,102.80651428571429,39.730914285714285,15.139657142857144,0.7657714285714285,52.2488,120.99428571428572,120.99428571428572,120.99428571428572,56.62422857142857,56.62422857142857,56.62422857142857,102.80651428571429,102.80651428571429,120.99428571428572,120.99428571428572,56.62422857142857,56.62422857142857,120.99428571428572
2017,12,3,72.19672043010753,127.60790322580644,48.38489247311828,14.185,0.9529032258064516,50.674838709677424,120.99428571428572,120.99428571428572,120.99428571428572,56.62422857142857,56.62422857142857,56.62422857142857,102.80651428571429,102.80651428571429,128.43346646185356,124.71387608806965,61.81505919098822,59.21964388120839,143.31182795698925
2017,12,3,72.19672043010753,127.60790322580644,48.38489247311828,14.185,0.9529032258064516,50.674838709677424,143.31182795698925,120.99428571428572,120.99428571428572,72.19672043010753,56.62422857142857,56.62422857142857,127.60790322580644,102.80651428571429,135.8726472094214,128.43346646185356,67.00588981054788,61.81505919098822,143.31182795698925
2017,12,3,72.19672043010753,127.60790322580644,48.38489247311828,14.185,0.9529032258064516,50.674838709677424,143.31182795698925,143.31182795698925,120.99428571428572,72.19672043010753,72.19672043010753,56.62422857142857,127.60790322580644,127.60790322580644,143.31182795698925,132.15305683563747,72.19672043010753,64.41047450076805,143.31182795698925
2017,12,3,72.19672043010753,127.60790322580644,48.38489247311828,14.185,0.9529032258064516,50.674838709677424,143.31182795698925,143.31182795698925,143.31182795698925,72.19672043010753,72.19672043010753,72.19672043010753,127.60790322580644,127.60790322580644,143.31182795698925,135.8726472094214,72.19672043010753,67.00588981054787,143.31182795698925
2017,12,3,72.19672043010753,127.60790322580644,48.38489247311828,14.185,0.9529032258064516,50.674838709677424,143.31182795698925,143.31182795698925,143.31182795698925,72.19672043010753,72.19672043010753,72.19672043010753,127.60790322580644,127.60790322580644,143.31182795698925,139.59223758320533,72.19672043010753,69.60130512032771,143.31182795698925
2017,12,3,72.19672043010753,127.60790322580644,48.38489247311828,14.185,0.9529032258064516,50.674838709677424,143.31182795698925,143.31182795698925,143.31182795698925,72.19672043010753,72.19672043010753,72.19672043010753,127.60790322580644,127.60790322580644,143.31182795698925,143.31182795698925,72.19672043010753,72.19672043010753,143.31182795698925
2017,12,3,72.19672043010753,127.60790322580644,48.38489247311828,14.185,0.9529032258064516,50.674838709677424,143.31182795698925,143.31182795698925,143.31182795698925,72.19672043010753,72.19672043010753,72.19672043010753,127.60790322580644,127.60790322580644,143.31182795698925,143.31182795698925,72.19672043010753,72.19672043010753,143.31182795698925
2017,12,3,72.19672043010753,127.60790322580644,48.38489247311828,14.185,0.9529032258064516,50.674838709677424,143.31182795698925,143.31182795698925,143.31182795698925,72.19672043010753,72.19672043010753,72.19672043010753,127.60790322580644,127.60790322580644,143.31182795698925,143.31182795698925,72.19672043010753,72.19672043010753,143.31182795698925
2017,12,3,72.19672043010753,127.60790322580644,48.38489247311828,14.185,0.9529032258064516,50.674838709677424,143.31182795698925,143.31182795698925,143.31182795698925,72.19672043010753,72.19672043010753,72.19672043010753,127.60790322580644,127.60790322580644,143.31182795698925,143.31182795698925,72.19672043010753,72.19672043010753,143.31182795698925
2017,12,3,72.19672043010753,127.60790322580644,48.38489247311828,14.185,0.9529032258064516,50.674838709677424,143.31182795698925,143.31182795698925,143.31182795698925,72.19672043010753,72.19672043010753,72.19672043010753,127.60790322580644,127.60790322580644,143.31182795698925,143.31182795698925,72.19672043010753,72.19672043010753,143.31182795698925
2018,1,3,68.82114130434783,136.2279891304348,53.30516304347826,13.46663043478261,0.9641847826086956,49.13423913043479,143.31182795698925,143.31182795698925,143.31182795698925,72.19672043010753,72.19672043010753,72.19672043010753,127.60790322580644,127.60790322580644,142.96150849306528,143.13666822502725,71.07152738818763,71.63412390914758,142.2608695652174
2018,1,3,68.82114130434783,136.2279891304348,53.30516304347826,13.46663043478261,0.9641847826086956,49.13423913043479,142.2608695652174,143.31182795698925,143.31182795698925,68.82114130434783,72.19672043010753,72.19672043010753,136.2279891304348,127.60790322580644,142.61118902914134,142.96150849306528,69.94633434626773,71.07152738818763,142.2608695652174
2018,1,3,68.82114130434783,136.2279891304348,53.30516304347826,13.46663043478261,0.9641847826086956,49.13423913043479,142.2608695652174,142.2608695652174,143.31182795698925,68.82114130434783,68.82114130434783,72.19672043010753,136.2279891304348,136.2279891304348,142.2608695652174,142.78634876110334,68.82114130434783,70.50893086722768,142.2608695652174
2018,1,3,68.82114130434783,136.2279891304348,53.30516304347826,13.46663043478261,0.9641847826086956,49.13423913043479,142.2608695652174,142.2608695652174,142.2608695652174,68.82114130434783,68.82114130434783,68.82114130434783,136.2279891304348,136.2279891304348,142.2608695652174,142.61118902914134,68.82114130434783,69.94633434626773,142.2608695652174
2018,1,3,68.82114130434783,136.2279891304348,53.30516304347826,13.46663043478261,0.9641847826086956,49.13423913043479,142.2608695652174,142.2608695652174,142.2608695652174,68.82114130434783,68.82114130434783,68.82114130434783,136.2279891304348,136.2279891304348,142.2608695652174,142.43602929717937,68.82114130434783,69.38373782530779,142.2608695652174
2018,1,3,68.82114130434783,136.2279891304348,53.30516304347826,13.46663043478261,0.9641847826086956,49.13423913043479,142.2608695652174,142.2608695652174,142.2608695652174,68.82114130434783,68.82114130434783,68.82114130434783,136.2279891304348,136.2279891304348,142.2608695652174,142.2608695652174,68.82114130434783,68.82114130434783,142.2608695652174
2018,1,3,68.82114130434783,136.2279891304348,53.30516304347826,13.46663043478261,0.9641847826086956,49.13423913043479,142.2608695652174,142.2608695652174,142.2608695652174,68.82114130434783,68.82114130434783,68.82114130434783,136.2279891304348,136.2279891304348,142.2608695652174,142.2608695652174,68.82114130434783,68.82114130434783,142.2608695652174
2018,1,3,68.82114130434783,136.2279891304348,53.30516304347826,13.46663043478261,0.9641847826086956,49.13423913043479,142.2608695652174,142.2608695652174,142.2608695652174,68.82114130434783,68.82114130434783,68.82114130434783,136.2279891304348,136.2279891304348,142.2608695652174,142.2608695652174,68.82114130434783,68.82114130434783,142.2608695652174
2018,1,3,68.82114130434783,136.2279891304348,53.30516304347826,13.46663043478261,0.9641847826086956,49.13423913043479,142.2608695652174,142.2608695652174,142.2608695652174,68.82114130434783,68.82114130434783,68.82114130434783,136.2279891304348,136.2279891304348,142.2608695652174,142.2608695652174,68.82114130434783,68.82114130434783,142.2608695652174
2018,1,3,68.82114130434783,136.2279891304348,53.30516304347826,13.46663043478261,0.9641847826086956,49.13423913043479,142.2608695652174,142.2608695652174,142.2608695652174,68.82114130434783,68.82114130434783,68.82114130434783,136.2279891304348,136.2279891304348,142.2608695652174,142.2608695652174,68.82114130434783,68.82114130434783,142.2608695652174
2018,2,3,50.54757575757576,111.3978787878788,51.817515151515146,11.223757575757576,0.8662424242424243,42.79036363636364,142.2608695652174,142.2608695652174,142.2608695652174,68.82114130434783,68.82114130434783,68.82114130434783,136.2279891304348,136.2279891304348,132.36785243741767,137.31436100131754,62.729952788757146,65.77554704655249,112.58181818181818
2018,2,3,50.54757575757576,111.3978787878788,51.817515151515146,11.223757575757576,0.8662424242424243,42.79036363636364,112.58181818181818,142.2608695652174,142.2608695652174,50.54757575757576,68.82114130434783,68.82114130434783,111.3978787878788,136.2279891304348,122.47483530961792,132.36785243741767,56.63876427316645,62.72995278875714,112.58181818181818
2018,2,3,50.54757575757576,111.3978787878788,51.817515151515146,11.223757575757576,0.8662424242424243,42.79036363636364,112.58181818181818,112.58181818181818,142.2608695652174,50.54757575757576,50.54757575757576,68.82114130434783,111.3978787878788,111.3978787878788,112.58181818181818,127.42134387351778,50.54757575757576,59.684358530961795,112.58181818181818
2018,2,3,50.54757575757576,111.3978787878788,51.817515151515146,11.223757575757576,0.8662424242424243,42.79036363636364,112.58181818181818,112.58181818181818,112.58181818181818,50.54757575757576,50.54757575757576,50.54757575757576,111.3978787878788,111.3978787878788,112.58181818181818,122.47483530961792,50.54757575757576,56.63876427316645,112.58181818181818
2018,2,3,50.54757575757576,111.3978787878788,51.817515151515146,11.223757575757576,0.8662424242424243,42.79036363636364,112.58181818181818,112.58181818181818,112.58181818181818,50.54757575757576,50.54757575757576,50.54757575757576,111.3978787878788,111.3978787878788,112.58181818181818,117.52832674571806,50.54757575757576,53.59317001537111,112.58181818181818
2018,2,3,50.54757575757576,111.3978787878788,51.817515151515146,11.223757575757576,0.8662424242424243,42.79036363636364,112.58181818181818,112.58181818181818,112.58181818181818,50.54757575757576,50.54757575757576,50.54757575757576,111.3978787878788,111.3978787878788,112.58181818181818,112.58181818181818,50.54757575757576,50.54757575757576,112.58181818181818
2018,2,3,50.54757575757576,111.3978787878788,51.817515151515146,11.223757575757576,0.8662424242424243,42.79036363636364,112.58181818181818,112.58181818181818,112.58181818181818,50.54757575757576,50.54757575757576,50.54757575757576,111.3978787878788,111.3978787878788,112.58181818181818,112.58181818181818,50.54757575757576,50.54757575757576,112.58181818181818
2018,2,3,50.54757575757576,111.3978787878788,51.817515151515146,11.223757575757576,0.8662424242424243,42.79036363636364,112.58181818181818,112.58181818181818,112.58181818181818,50.54757575757576,50.54757575757576,50.54757575757576,111.3978787878788,111.3978787878788,112.58181818181818,112.58181818181818,50.54757575757576,50.54757575757576,112.58181818181818
2018,2,3,50.54757575757576,111.3978787878788,51.817515151515146,11.223757575757576,0.8662424242424243,42.79036363636364,112.58181818181818,112.58181818181818,112.58181818181818,50.54757575757576,50.54757575757576,50.54757575757576,111.3978787878788,111.3978787878788,112.58181818181818,112.58181818181818,50.54757575757576,50.54757575757576,112.58181818181818
2018,2,3,50.54757575757576,111.3978787878788,51.817515151515146,11.223757575757576,0.8662424242424243,42.79036363636364,112.58181818181818,112.58181818181818,112.58181818181818,50.54757575757576,50.54757575757576,50.54757575757576,111.3978787878788,111.3978787878788,112.58181818181818,112.58181818181818,50.54757575757576,50.54757575757576,112.58181818181818
2018,3,3,53.85016393442623,111.45284153005464,45.50737704918033,9.013387978142076,0.8647540983606558,46.43846994535519,112.58181818181818,112.58181818181818,112.58181818181818,50.54757575757576,50.54757575757576,50.54757575757576,111.3978787878788,111.3978787878788,112.66656731246894,112.62419274714357,51.648438483192585,51.098007120384175,112.8360655737705
2018,3,3,53.85016393442623,111.45284153005464,45.50737704918033,9.013387978142076,0.8647540983606558,46.43846994535519,112.8360655737705,112.58181818181818,112.58181818181818,53.85016393442623,50.54757575757576,50.54757575757576,111.45284153005464,111.3978787878788,112.75131644311973,112.66656731246896,52.749301208809406,51.64843848319257,112.8360655737705
2018,3,3,53.85016393442623,111.45284153005464,45.50737704918033,9.013387978142076,0.8647540983606558,46.43846994535519,112.8360655737705,112.8360655737705,112.58181818181818,53.85016393442623,53.85016393442623,50.54757575757576,111.45284153005464,111.45284153005464,112.8360655737705,112.70894187779435,53.85016393442623,52.198869846000996,112.8360655737705
2018,3,3,53.85016393442623,111.45284153005464,45.50737704918033,9.013387978142076,0.8647540983606558,46.43846994535519,112.8360655737705,112.8360655737705,112.8360655737705,53.85016393442623,53.85016393442623,53.85016393442623,111.45284153005464,111.45284153005464,112.8360655737705,112.75131644311972,53.85016393442623,52.749301208809406,112.8360655737705
2018,3,3,53.85016393442623,111.45284153005464,45.50737704918033,9.013387978142076,0.8647540983606558,46.43846994535519,112.8360655737705,112.8360655737705,112.8360655737705,53.85016393442623,53.85016393442623,53.85016393442623,111.45284153005464,111.45284153005464,112.8360655737705,112.79369100844512,53.85016393442623,53.29973257161782,112.8360655737705
2018,3,3,53.85016393442623,111.45284153005464,45.50737704918033,9.013387978142076,0.8647540983606558,46.43846994535519,112.8360655737705,112.8360655737705,112.8360655737705,53.85016393442623,53.85016393442623,53.85016393442623,111.45284153005464,111.45284153005464,112.8360655737705,112.8360655737705,53.85016393442623,53.85016393442623,112.8360655737705
2018,3,3,53.85016393442623,111.45284153005464,45.50737704918033,9.013387978142076,0.8647540983606558,46.43846994535519,112.8360655737705,112.8360655737705,112.8360655737705,53.85016393442623,53.85016393442623,53.85016393442623,111.45284153005464,111.45284153005464,112.8360655737705,112.8360655737705,53.85016393442623,53.85016393442623,112.8360655737705
2018,3,3,53.85016393442623,111.45284153005464,45.50737704918033,9.013387978142076,0.8647540983606558,46.43846994535519,112.8360655737705,112.8360655737705,112.8360655737705,53.85016393442623,53.85016393442623,53.85016393442623,111.45284153005464,111.45284153005464,112.8360655737705,112.8360655737705,53.85016393442623,53.85016393442623,112.8360655737705
2018,3,3,53.85016393442623,111.45284153005464,45.50737704918033,9.013387978142076,0.8647540983606558,46.43846994535519,112.8360655737705,112.8360655737705,112.8360655737705,53.85016393442623,53.85016393442623,53.85016393442623,111.45284153005464,111.45284153005464,112.8360655737705,112.8360655737705,53.85016393442623,53.85016393442623,112.8360655737705
2018,3,3,53.85016393442623,111.45284153005464,45.50737704918033,9.013387978142076,0.8647540983606558,46.43846994535519,112.8360655737705,112.8360655737705,112.8360655737705,53.85016393442623,53.85016393442623,53.85016393442623,111.45284153005464,111.45284153005464,112.8360655737705,112.8360655737705,53.85016393442623,53.85016393442623,112.8360655737705
2018,4,3,38.26367816091954,91.43442528735632,37.82109195402299,7.026149425287356,0.7020114942528736,43.26183908045977,112.8360655737705,112.8360655737705,112.8360655737705,53.85016393442623,53.85016393442623,53.85016393442623,111.45284153005464,111.45284153005464,107.30067206833742,110.06836882105397,48.65466867659067,51.25241630550844,96.22988505747126
2018,4,3,38.26367816091954,91.43442528735632,37.82109195402299,7.026149425287356,0.7020114942528736,43.26183908045977,96.22988505747126,112.8360655737705,112.8360655737705,38.26367816091954,53.85016393442623,53.85016393442623,91.43442528735632,111.45284153005464,101.76527856290436,107.30067206833742,43.45917341875511,48.65466867659067,96.22988505747126
2018,4,3,38.26367816091954,91.43442528735632,37.82109195402299,7.026149425287356,0.7020114942528736,43.26183908045977,96.22988505747126,96.22988505747126,112.8360655737705,38.26367816091954,38.26367816091954,53.85016393442623,91.43442528735632,91.43442528735632,96.22988505747126,104.53297531562087,38.26367816091954,46.05692104767288,96.22988505747126
2018,4,3,38.26367816091954,91.43442528735632,37.82109195402299,7.026149425287356,0.7020114942528736,43.26183908045977,96.22988505747126,96.22988505747126,96.22988505747126,38.26367816091954,38.26367816091954,38.26367816091954,91.43442528735632,91.43442528735632,96.22988505747126,101.76527856290433,38.26367816091954,43.45917341875511,96.22988505747126
2018,4,3,38.26367816091954,91.43442528735632,37.82109195402299,7.026149425287356,0.7020114942528736,43.26183908045977,96.22988505747126,96.22988505747126,96.22988505747126,38.26367816091954,38.26367816091954,38.26367816091954,91.43442528735632,91.43442528735632,96.22988505747126,98.9975818101878,38.26367816091954,40.86142578983732,96.22988505747126
2018,4,3,38.26367816091954,91.43442528735632,37.82109195402299,7.026149425287356,0.7020114942528736,43.26183908045977,96.22988505747126,96.22988505747126,96.22988505747126,38.26367816091954,38.26367816091954,38.26367816091954,91.43442528735632,91.43442528735632,96.22988505747126,96.22988505747126,38.26367816091954,38.26367816091954,96.22988505747126
2018,4,3,38.26367816091954,91.43442528735632,37.82109195402299,7.026149425287356,0.7020114942528736,43.26183908045977,96.22988505747126,96.22988505747126,96.22988505747126,38.26367816091954,38.26367816091954,38.26367816091954,91.43442528735632,91.43442528735632,96.22988505747126,96.22988505747126,38.26367816091954,38.26367816091954,96.22988505747126
2018,4,3,38.26367816091954,91.43442528735632,37.82109195402299,7.026149425287356,0.7020114942528736,43.26183908045977,96.22988505747126,96.22988505747126,96.22988505747126,38.26367816091954,38.26367816091954,38.26367816091954,91.43442528735632,91.43442528735632,96.22988505747126,96.22988505747126,38.26367816091954,38.26367816091954,96.22988505747126
2018,4,3,38.26367816091954,91.43442528735632,37.82109195402299,7.026149425287356,0.7020114942528736,43.26183908045977,96.22988505747126,96.22988505747126,96.22988505747126,38.26367816091954,38.26367816091954,38.26367816091954,91.43442528735632,91.43442528735632,96.22988505747126,96.22988505747126,38.26367816091954,38.26367816091954,96.22988505747126
2018,4,3,38.26367816091954,91.43442528735632,37.82109195402299,7.026149425287356,0.7020114942528736,43.26183908045977,96.22988505747126,96.22988505747126,96.22988505747126,38.26367816091954,38.26367816091954,38.26367816091954,91.43442528735632,91.43442528735632,96.22988505747126,96.22988505747126,38.26367816091954,38.26367816091954,96.22988505747126
2018,5,3,35.86290322580645,91.51569892473115,31.174623655913976,6.4584946236559135,0.706021505376344,49.2775,96.22988505747126,96.22988505747126,96.22988505747126,38.26367816091954,38.26367816091954,38.26367816091954,91.43442528735632,91.43442528735632,97.08874057594859,96.65931281670993,37.46341984921518,37.86354900506736,98.80645161290325
2018,5,3,35.86290322580645,91.51569892473115,31.174623655913976,6.4584946236559135,0.706021505376344,49.2775,98.80645161290325,96.22988505747126,96.22988505747126,35.86290322580645,38.26367816091954,38.26367816091954,91.51569892473115,91.43442528735632,97.94759609442592,97.08874057594859,36.66316153751081,37.46341984921518,98.80645161290325
2018,5,3,35.86290322580645,91.51569892473115,31.174623655913976,6.4584946236559135,0.706021505376344,49.2775,98.80645161290325,98.80645161290325,96.22988505747126,35.86290322580645,35.86290322580645,38.26367816091954,91.51569892473115,91.51569892473115,98.80645161290325,97.51816833518724,35.86290322580645,37.063290693362994,98.80645161290325
2018,5,3,35.86290322580645,91.51569892473115,31.174623655913976,6.4584946236559135,0.706021505376344,49.2775,98.80645161290325,98.80645161290325,98.80645161290325,35.86290322580645,35.86290322580645,35.86290322580645,91.51569892473115,91.51569892473115,98.80645161290325,97.94759609442592,35.86290322580645,36.66316153751081,98.80645161290325
2018,5,3,35.86290322580645,91.51569892473115,31.174623655913976,6.4584946236559135,0.706021505376344,49.2775,98.80645161290325,98.80645161290325,98.80645161290325,35.86290322580645,35.86290322580645,35.86290322580645,91.51569892473115,91.51569892473115,98.80645161290325,98.37702385366458,35.86290322580645,36.26303238165863,98.80645161290325
2018,5,3,35.86290322580645,91.51569892473115,31.174623655913976,6.4584946236559135,0.706021505376344,49.2775,98.80645161290325,98.80645161290325,98.80645161290325,35.86290322580645,35.86290322580645,35.86290322580645,91.51569892473115,91.51569892473115,98.80645161290325,98.80645161290325,35.86290322580645,35.86290322580645,98.80645161290325
2018,5,3,35.86290322580645,91.51569892473115,31.174623655913976,6.4584946236559135,0.706021505376344,49.2775,98.80645161290325,98.80645161290325,98.80645161290325,35.86290322580645,35.86290322580645,35.86290322580645,91.51569892473115,91.51569892473115,98.80645161290325,98.80645161290325,35.86290322580645,35.86290322580645,98.80645161290325
2018,5,3,35.86290322580645,91.51569892473115,31.174623655913976,6.4584946236559135,0.706021505376344,49.2775,98.80645161290325,98.80645161290325,98.80645161290325,35.86290322580645,35.86290322580645,35.86290322580645,91.51569892473115,91.51569892473115,98.80645161290325,98.80645161290325,35.86290322580645,35.86290322580645,98.80645161290325
2018,5,3,35.86290322580645,91.51569892473115,31.174623655913976,6.4584946236559135,0.706021505376344,49.2775,98.80645161290325,98.80645161290325,98.80645161290325,35.86290322580645,35.86290322580645,35.86290322580645,91.51569892473115,91.51569892473115,98.80645161290325,98.80645161290325,35.86290322580645,35.86290322580645,98.80645161290325
2018,5,3,35.86290322580645,91.51569892473115,31.174623655913976,6.4584946236559135,0.706021505376344,49.2775,98.80645161290325,98.80645161290325,98.80645161290325,35.86290322580645,35.86290322580645,35.86290322580645,91.51569892473115,91.51569892473115,98.80645161290325,98.80645161290325,35.86290322580645,35.86290322580645,98.80645161290325
2018,6,3,23.630444444444443,61.272333333333336,24.12555555555556,6.886166666666667,0.5255555555555556,28.12425,98.80645161290325,98.80645161290325,98.80645161290325,35.86290322580645,35.86290322580645,35.86290322580645,91.51569892473115,91.51569892473115,87.87096774193549,93.33870967741937,31.785416965352443,33.82416009557945,66.0
2018,6,3,23.630444444444443,61.272333333333336,24.12555555555556,6.886166666666667,0.5255555555555556,28.12425,66.0,98.80645161290325,98.80645161290325,23.630444444444443,35.86290322580645,35.86290322580645,61.272333333333336,91.51569892473115,76.93548387096776,87.87096774193549,27.707930704898445,31.785416965352443,66.0
2018,6,3,23.630444444444443,61.272333333333336,24.12555555555556,6.886166666666667,0.5255555555555556,28.12425,66.0,66.0,98.80645161290325,23.630444444444443,23.630444444444443,35.86290322580645,61.272333333333336,61.272333333333336,66.0,82.40322580645163,23.630444444444443,29.746673835125446,66.0
2018,6,3,23.630444444444443,61.272333333333336,24.12555555555556,6.886166666666667,0.5255555555555556,28.12425,66.0,66.0,66.0,23.630444444444443,23.630444444444443,23.630444444444443,61.272333333333336,61.272333333333336,66.0,76.93548387096774,23.630444444444443,27.707930704898445,66.0
2018,6,3,23.630444444444443,61.272333333333336,24.12555555555556,6.886166666666667,0.5255555555555556,28.12425,66.0,66.0,66.0,23.630444444444443,23.630444444444443,23.630444444444443,61.272333333333336,61.272333333333336,66.0,71.46774193548389,23.630444444444443,25.66918757467144,66.0
2018,6,3,23.630444444444443,61.272333333333336,24.12555555555556,6.886166666666667,0.5255555555555556,28.12425,66.0,66.0,66.0,23.630444444444443,23.630444444444443,23.630444444444443,61.272333333333336,61.272333333333336,66.0,66.0,23.630444444444443,23.630444444444443,66.0
2018,6,3,23.630444444444443,61.272333333333336,24.12555555555556,6.886166666666667,0.5255555555555556,28.12425,66.0,66.0,66.0,23.630444444444443,23.630444444444443,23.630444444444443,61.272333333333336,61.272333333333336,66.0,66.0,23.630444444444443,23.630444444444443,66.0
2018,6,3,23.630444444444443,61.272333333333336,24.12555555555556,6.886166666666667,0.5255555555555556,28.12425,66.0,66.0,66.0,23.630444444444443,23.630444444444443,23.630444444444443,61.272333333333336,61.272333333333336,66.0,66.0,23.630444444444443,23.630444444444443,66.0
2018,6,3,23.630444444444443,61.272333333333336,24.12555555555556,6.886166666666667,0.5255555555555556,28.12425,66.0,66.0,66.0,23.630444444444443,23.630444444444443,23.630444444444443,61.272333333333336,61.272333333333336,66.0,66.0,23.630444444444443,23.630444444444443,66.0
2018,6,3,23.630444444444443,61.272333333333336,24.12555555555556,6.886166666666667,0.5255555555555556,28.12425,66.0,66.0,66.0,23.630444444444443,23.630444444444443,23.630444444444443,61.272333333333336,61.272333333333336,66.0,66.0,23.630444444444443,23.630444444444443,66.0
2018,7,3,17.299885714285715,51.823142857142855,23.028114285714285,6.331142857142857,0.2824571428571428,18.983657142857144,66.0,66.0,66.0,23.630444444444443,23.630444444444443,23.630444444444443,61.272333333333336,61.272333333333336,62.780952380952385,64.39047619047618,21.520258201058198,22.57535132275132,56.34285714285714
2018,7,3,17.299885714285715,51.823142857142855,23.028114285714285,6.331142857142857,0.2824571428571428,18.983657142857144,56.34285714285714,66.0,66.0,17.299885714285715,23.630444444444443,23.630444444444443,51.823142857142855,61.272333333333336,59.56190476190476,62.780952380952385,19.410071957671956,21.520258201058198,56.34285714285714
2018,7,3,17.299885714285715,51.823142857142855,23.028114285714285,6.331142857142857,0.2824571428571428,18.983657142857144,56.34285714285714,56.34285714285714,66.0,17.299885714285715,17.299885714285715,23.630444444444443,51.823142857142855,51.823142857142855,56.34285714285714,61.17142857142858,17.299885714285715,20.46516507936508,56.34285714285714
2018,7,3,17.299885714285715,51.823142857142855,23.028114285714285,6.331142857142857,0.2824571428571428,18.983657142857144,56.34285714285714,56.34285714285714,56.34285714285714,17.299885714285715,17.299885714285715,17.299885714285715,51.823142857142855,51.823142857142855,56.34285714285714,59.56190476190477,17.299885714285715,19.410071957671956,56.34285714285714
2018,7,3,17.299885714285715,51.823142857142855,23.028114285714285,6.331142857142857,0.2824571428571428,18.983657142857144,56.34285714285714,56.34285714285714,56.34285714285714,17.299885714285715,17.299885714285715,17.299885714285715,51.823142857142855,51.823142857142855,56.34285714285714,57.952380952380956,17.299885714285715,18.354978835978837,56.34285714285714
2018,7,3,17.299885714285715,51.823142857142855,23.028114285714285,6.331142857142857,0.2824571428571428,18.983657142857144,56.34285714285714,56.34285714285714,56.34285714285714,17.299885714285715,17.299885714285715,17.299885714285715,51.823142857142855,51.823142857142855,56.34285714285714,56.34285714285714,17.299885714285715,17.299885714285715,56.34285714285714
2018,7,3,17.299885714285715,51.823142857142855,23.028114285714285,6.331142857142857,0.2824571428571428,18.983657142857144,56.34285714285714,56.34285714285714,56.34285714285714,17.299885714285715,17.299885714285715,17.299885714285715,51.823142857142855,51.823142857142855,56.34285714285714,56.34285714285714,17.299885714285715,17.299885714285715,56.34285714285714
2018,7,3,17.299885714285715,51.823142857142855,23.028114285714285,6.331142857142857,0.2824571428571428,18.983657142857144,56.34285714285714,56.34285714285714,56.34285714285714,17.299885714285715,17.299885714285715,17.299885714285715,51.823142857142855,51.823142857142855,56.34285714285714,56.34285714285714,17.299885714285715,17.299885714285715,56.34285714285714
2018,7,3,17.299885714285715,51.823142857142855,23.028114285714285,6.331142857142857,0.2824571428571428,18.983657142857144,56.34285714285714,56.34285714285714,56.34285714285714,17.299885714285715,17.299885714285715,17.299885714285715,51.823142857142855,51.823142857142855,56.34285714285714,56.34285714285714,17.299885714285715,17.299885714285715,56.34285714285714
2018,7,3,17.299885714285715,51.823142857142855,23.028114285714285,6.331142857142857,0.2824571428571428,18.983657142857144,56.34285714285714,56.34285714285714,56.34285714285714,17.299885714285715,17.299885714285715,17.299885714285715,51.823142857142855,51.823142857142855,56.34285714285714,56.34285714285714,17.299885714285715,17.299885714285715,56.34285714285714
2018,8,3,17.801379310344828,56.342183908045975,24.24327586206897,6.812758620689656,0.303735632183908,14.828850574712645,56.34285714285714,56.34285714285714,56.34285714285714,17.299885714285715,17.299885714285715,17.299885714285715,51.823142857142855,51.823142857142855,56.098303229337716,56.22058018609743,17.46705024630542,17.383467980295567,55.60919540229885
2018,8,3,17.801379310344828,56.342183908045975,24.24327586206897,6.812758620689656,0.303735632183908,14.828850574712645,55.60919540229885,56.34285714285714,56.34285714285714,17.801379310344828,17.299885714285715,17.299885714285715,56.342183908045975,51.823142857142855,55.85374931581828,56.098303229337716,17.634214778325124,17.46705024630542,55.60919540229885
2018,8,3,17.801379310344828,56.342183908045975,24.24327586206897,6.812758620689656,0.303735632183908,14.828850574712645,55.60919540229885,55.60919540229885,56.34285714285714,17.801379310344828,17.801379310344828,17.299885714285715,56.342183908045975,56.342183908045975,55.60919540229885,55.976026272578,17.801379310344828,17.55063251231527,55.60919540229885
2018,8,3,17.801379310344828,56.342183908045975,24.24327586206897,6.812758620689656,0.303735632183908,14.828850574712645,55.60919540229885,55.60919540229885,55.60919540229885,17.801379310344828,17.801379310344828,17.801379310344828,56.342183908045975,56.342183908045975,55.60919540229885,55.85374931581828,17.801379310344828,17.634214778325124,55.60919540229885
2018,8,3,17.801379310344828,56.342183908045975,24.24327586206897,6.812758620689656,0.303735632183908,14.828850574712645,55.60919540229885,55.60919540229885,55.60919540229885,17.801379310344828,17.801379310344828,17.801379310344828,56.342183908045975,56.342183908045975,55.60919540229885,55.731472359058564,17.801379310344828,17.717797044334976,55.60919540229885
2018,8,3,17.801379310344828,56.342183908045975,24.24327586206897,6.812758620689656,0.303735632183908,14.828850574712645,55.60919540229885,55.60919540229885,55.60919540229885,17.801379310344828,17.801379310344828,17.801379310344828,56.342183908045975,56.342183908045975,55.60919540229885,55.60919540229885,17.801379310344828,17.801379310344828,55.60919540229885
2018,8,3,17.801379310344828,56.342183908045975,24.24327586206897,6.812758620689656,0.303735632183908,14.828850574712645,55.60919540229885,55.60919540229885,55.60919540229885,17.801379310344828,17.801379310344828,17.801379310344828,56.342183908045975,56.342183908045975,55.60919540229885,55.60919540229885,17.801379310344828,17.801379310344828,55.60919540229885
2018,8,3,17.801379310344828,56.342183908045975,24.24327586206897,6.812758620689656,0.303735632183908,14.828850574712645,55.60919540229885,55.60919540229885,55.60919540229885,17.801379310344828,17.801379310344828,17.801379310344828,56.342183908045975,56.342183908045975,55.60919540229885,55.60919540229885,17.801379310344828,17.801379310344828,55.60919540229885
2018,8,3,17.801379310344828,56.342183908045975,24.24327586206897,6.812758620689656,0.303735632183908,14.828850574712645,55.60919540229885,55.60919540229885,55.60919540229885,17.801379310344828,17.801379310344828,17.801379310344828,56.342183908045975,56.342183908045975,55.60919540229885,55.60919540229885,17.801379310344828,17.801379310344828,55.60919540229885
2018,8,3,17.801379310344828,56.342183908045975,24.24327586206897,6.812758620689656,0.303735632183908,14.828850574712645,55.60919540229885,55.60919540229885,55.60919540229885,17.801379310344828,17.801379310344828,17.801379310344828,56.342183908045975,56.342183908045975,55.60919540229885,55.60919540229885,17.801379310344828,17.801379310344828,55.60919540229885
2018,9,3,36.40318181818182,80.90238636363637,31.634545454545457,7.113352272727273,0.4776704545454545,21.343693181818185,55.60919540229885,55.60919540229885,55.60919540229885,17.801379310344828,17.801379310344828,17.801379310344828,56.342183908045975,56.342183908045975,63.65802420759317,59.63360980494601,24.001980146290492,20.90167972831766,79.75568181818181
2018,9,3,36.40318181818182,80.90238636363637,31.634545454545457,7.113352272727273,0.4776704545454545,21.343693181818185,79.75568181818181,55.60919540229885,55.60919540229885,36.40318181818182,17.801379310344828,17.801379310344828,80.90238636363637,56.342183908045975,71.70685301288749,63.65802420759318,30.202580982236157,24.001980146290492,79.75568181818181
2018,9,3,36.40318181818182,80.90238636363637,31.634545454545457,7.113352272727273,0.4776704545454545,21.343693181818185,79.75568181818181,79.75568181818181,55.60919540229885,36.40318181818182,36.40318181818182,17.801379310344828,80.90238636363637,80.90238636363637,79.75568181818181,67.68243861024034,36.40318181818182,27.102280564263324,79.75568181818181
2018,9,3,36.40318181818182,80.90238636363637,31.634545454545457,7.113352272727273,0.4776704545454545,21.343693181818185,79.75568181818181,79.75568181818181,79.75568181818181,36.40318181818182,36.40318181818182,36.40318181818182,80.90238636363637,80.90238636363637,79.75568181818181,71.70685301288749,36.40318181818182,30.202580982236157,79.75568181818181
2018,9,3,36.40318181818182,80.90238636363637,31.634545454545457,7.113352272727273,0.4776704545454545,21.343693181818185,79.75568181818181,79.75568181818181,79.75568181818181,36.40318181818182,36.40318181818182,36.40318181818182,80.90238636363637,80.90238636363637,79.75568181818181,75.73126741553466,36.40318181818182,33.30288140020899,79.75568181818181
2018,9,3,36.40318181818182,80.90238636363637,31.634545454545457,7.113352272727273,0.4776704545454545,21.343693181818185,79.75568181818181,79.75568181818181,79.75568181818181,36.40318181818182,36.40318181818182,36.40318181818182,80.90238636363637,80.90238636363637,79.75568181818181,79.75568181818181,36.40318181818182,36.40318181818182,79.75568181818181
2018,9,3,36.40318181818182,80.90238636363637,31.634545454545457,7.113352272727273,0.4776704545454545,21.343693181818185,79.75568181818181,79.75568181818181,79.75568181818181,36.40318181818182,36.40318181818182,36.40318181818182,80.90238636363637,80.90238636363637,79.75568181818181,79.75568181818181,36.40318181818182,36.40318181818182,79.75568181818181
2018,9,3,36.40318181818182,80.90238636363637,31.634545454545457,7.113352272727273,0.4776704545454545,21.343693181818185,79.75568181818181,79.75568181818181,79.75568181818181,36.40318181818182,36.40318181818182,36.40318181818182,80.90238636363637,80.90238636363637,79.75568181818181,79.75568181818181,36.40318181818182,36.40318181818182,79.75568181818181
2018,9,3,36.40318181818182,80.90238636363637,31.634545454545457,7.113352272727273,0.4776704545454545,21.343693181818185,79.75568181818181,79.75568181818181,79.75568181818181,36.40318181818182,36.40318181818182,36.40318181818182,80.90238636363637,80.90238636363637,79.75568181818181,79.75568181818181,36.40318181818182,36.40318181818182,79.75568181818181
2018,9,3,36.40318181818182,80.90238636363637,31.634545454545457,7.113352272727273,0.4776704545454545,21.343693181818185,79.75568181818181,79.75568181818181,79.75568181818181,36.40318181818182,36.40318181818182,36.40318181818182,80.90238636363637,80.90238636363637,79.75568181818181,79.75568181818181,36.40318181818182,36.40318181818182,79.75568181818181
2018,10,3,54.75497297297297,114.10724324324325,42.19491891891892,9.405675675675676,0.5658918918918919,28.35267567567568,79.75568181818181,79.75568181818181,79.75568181818181,36.40318181818182,36.40318181818182,36.40318181818182,80.90238636363637,80.90238636363637,89.78306715806714,84.76937448812448,42.52044553644554,39.46181367731368,109.83783783783784
2018,10,3,54.75497297297297,114.10724324324325,42.19491891891892,9.405675675675676,0.5658918918918919,28.35267567567568,109.83783783783784,79.75568181818181,79.75568181818181,54.75497297297297,36.40318181818182,36.40318181818182,114.10724324324325,80.90238636363637,99.8104524979525,89.78306715806714,48.63770925470925,42.52044553644554,109.83783783783784
2018,10,3,54.75497297297297,114.10724324324325,42.19491891891892,9.405675675675676,0.5658918918918919,28.35267567567568,109.83783783783784,109.83783783783784,79.75568181818181,54.75497297297297,54.75497297297297,36.40318181818182,114.10724324324325,114.10724324324325,109.83783783783784,94.79675982800984,54.75497297297297,45.5790773955774,109.83783783783784
2018,10,3,54.75497297297297,114.10724324324325,42.19491891891892,9.405675675675676,0.5658918918918919,28.35267567567568,109.83783783783784,109.83783783783784,109.83783783783784,54.75497297297297,54.75497297297297,54.75497297297297,114.10724324324325,114.10724324324325,109.83783783783784,99.8104524979525,54.75497297297297,48.63770925470925,109.83783783783784
2018,10,3,54.75497297297297,114.10724324324325,42.19491891891892,9.405675675675676,0.5658918918918919,28.35267567567568,109.83783783783784,109.83783783783784,109.83783783783784,54.75497297297297,54.75497297297297,54.75497297297297,114.10724324324325,114.10724324324325,109.83783783783784,104.82414516789517,54.75497297297297,51.69634111384111,109.83783783783784
2018,10,3,54.75497297297297,114.10724324324325,42.19491891891892,9.405675675675676,0.5658918918918919,28.35267567567568,109.83783783783784,109.83783783783784,109.83783783783784,54.75497297297297,54.75497297297297,54.75497297297297,114.10724324324325,114.10724324324325,109.83783783783784,109.83783783783784,54.75497297297297,54.75497297297297,109.83783783783784
2018,10,3,54.75497297297297,114.10724324324325,42.19491891891892,9.405675675675676,0.5658918918918919,28.35267567567568,109.83783783783784,109.83783783783784,109.83783783783784,54.75497297297297,54.75497297297297,54.75497297297297,114.10724324324325,114.10724324324325,109.83783783783784,109.83783783783784,54.75497297297297,54.75497297297297,109.83783783783784
2018,10,3,54.75497297297297,114.10724324324325,42.19491891891892,9.405675675675676,0.5658918918918919,28.35267567567568,109.83783783783784,109.83783783783784,109.83783783783784,54.75497297297297,54.75497297297297,54.75497297297297,114.10724324324325,114.10724324324325,109.83783783783784,109.83783783783784,54.75497297297297,54.75497297297297,109.83783783783784
2018,10,3,54.75497297297297,114.10724324324325,42.19491891891892,9.405675675675676,0.5658918918918919,28.35267567567568,109.83783783783784,109.83783783783784,109.83783783783784,54.75497297297297,54.75497297297297,54.75497297297297,114.10724324324325,114.10724324324325,109.83783783783784,109.83783783783784,54.75497297297297,54.75497297297297,109.83783783783784
2018,10,3,54.75497297297297,114.10724324324325,42.19491891891892,9.405675675675676,0.5658918918918919,28.35267567567568,109.83783783783784,109.83783783783784,109.83783783783784,54.75497297297297,54.75497297297297,54.75497297297297,114.10724324324325,114.10724324324325,109.83783783783784,109.83783783783784,54.75497297297297,54.75497297297297,109.83783783783784
2018,11,3,54.17722222222222,113.41666666666669,45.16933333333333,13.06577777777778,0.604,33.48422222222222,109.83783783783784,109.83783783783784,109.83783783783784,54.75497297297297,54.75497297297297,54.75497297297297,114.10724324324325,114.10724324324325,110.11781781781781,109.97782782782782,54.56238938938939,54.65868118118118,110.67777777777778
2018,11,3,54.17722222222222,113.41666666666669,45.16933333333333,13.06577777777778,0.604,33.48422222222222,110.67777777777778,109.83783783783784,109.83783783783784,54.17722222222222,54.75497297297297,54.75497297297297,113.41666666666669,114.10724324324325,110.39779779779781,110.11781781781782,54.369805805805804,54.56238938938939,110.67777777777778
2018,11,3,54.17722222222222,113.41666666666669,45.16933333333333,13.06577777777778,0.604,33.48422222222222,110.67777777777778,110.67777777777778,109.83783783783784,54.17722222222222,54.17722222222222,54.75497297297297,113.41666666666669,113.41666666666669,110.67777777777778,110.25780780780781,54.17722222222222,54.4660975975976,110.67777777777778
2018,11,3,54.17722222222222,113.41666666666669,45.16933333333333,13.06577777777778,0.604,33.48422222222222,110.67777777777778,110.67777777777778,110.67777777777778,54.17722222222222,54.17722222222222,54.17722222222222,113.41666666666669,113.41666666666669,110.67777777777778,110.3977977977978,54.17722222222222,54.36980580580581,110.67777777777778
2018,11,3,54.17722222222222,113.41666666666669,45.16933333333333,13.06577777777778,0.604,33.48422222222222,110.67777777777778,110.67777777777778,110.67777777777778,54.17722222222222,54.17722222222222,54.17722222222222,113.41666666666669,113.41666666666669,110.67777777777778,110.53778778778779,54.17722222222222,54.27351401401401,110.67777777777778
2018,11,3,54.17722222222222,113.41666666666669,45.16933333333333,13.06577777777778,0.604,33.48422222222222,110.67777777777778,110.67777777777778,110.67777777777778,54.17722222222222,54.17722222222222,54.17722222222222,113.41666666666669,113.41666666666669,110.67777777777778,110.67777777777778,54.17722222222222,54.17722222222222,110.67777777777778
2018,11,3,54.17722222222222,113.41666666666669,45.16933333333333,13.06577777777778,0.604,33.48422222222222,110.67777777777778,110.67777777777778,110.67777777777778,54.17722222222222,54.17722222222222,54.17722222222222,113.41666666666669,113.41666666666669,110.67777777777778,110.67777777777778,54.17722222222222,54.17722222222222,110.67777777777778
2018,11,3,54.17722222222222,113.41666666666669,45.16933333333333,13.06577777777778,0.604,33.48422222222222,110.67777777777778,110.67777777777778,110.67777777777778,54.17722222222222,54.17722222222222,54.17722222222222,113.41666666666669,113.41666666666669,110.67777777777778,110.67777777777778,54.17722222222222,54.17722222222222,110.67777777777778
2018,11,3,54.17722222222222,113.41666666666669,45.16933333333333,13.06577777777778,0.604,33.48422222222222,110.67777777777778,110.67777777777778,110.67777777777778,54.17722222222222,54.17722222222222,54.17722222222222,113.41666666666669,113.41666666666669,110.67777777777778,110.67777777777778,54.17722222222222,54.17722222222222,110.67777777777778
2018,11,3,54.17722222222222,113.41666666666669,45.16933333333333,13.06577777777778,0.604,33.48422222222222,110.67777777777778,110.67777777777778,110.67777777777778,54.17722222222222,54.17722222222222,54.17722222222222,113.41666666666669,113.41666666666669,110.67777777777778,110.67777777777778,54.17722222222222,54.17722222222222,110.67777777777778
2018,12,3,67.54010752688171,119.5917741935484,41.550645161290326,10.017903225806451,0.6634946236559139,35.28817204301075,110.67777777777778,110.67777777777778,110.67777777777778,54.17722222222222,54.17722222222222,54.17722222222222,113.41666666666669,113.41666666666669,118.07550776583035,114.37664277180407,58.63151732377539,56.4043697729988,132.8709677419355
2018,12,3,67.54010752688171,119.5917741935484,41.550645161290326,10.017903225806451,0.6634946236559139,35.28817204301075,132.8709677419355,110.67777777777778,110.67777777777778,67.54010752688171,54.17722222222222,54.17722222222222,119.5917741935484,113.41666666666669,125.47323775388293,118.07550776583035,63.08581242532855,58.63151732377539,132.8709677419355
2018,12,3,67.54010752688171,119.5917741935484,41.550645161290326,10.017903225806451,0.6634946236559139,35.28817204301075,132.8709677419355,132.8709677419355,110.67777777777778,67.54010752688171,67.54010752688171,54.17722222222222,119.5917741935484,119.5917741935484,132.8709677419355,121.77437275985663,67.54010752688171,60.85866487455197,132.8709677419355
2018,12,3,67.54010752688171,119.5917741935484,41.550645161290326,10.017903225806451,0.6634946236559139,35.28817204301075,132.8709677419355,132.8709677419355,132.8709677419355,67.54010752688171,67.54010752688171,67.54010752688171,119.5917741935484,119.5917741935484,132.8709677419355,125.47323775388293,67.54010752688171,63.08581242532855,132.8709677419355
2018,12,3,67.54010752688171,119.5917741935484,41.550645161290326,10.017903225806451,0.6634946236559139,35.28817204301075,132.8709677419355,132.8709677419355,132.8709677419355,67.54010752688171,67.54010752688171,67.54010752688171,119.5917741935484,119.5917741935484,132.8709677419355,129.1721027479092,67.54010752688171,65.31295997610513,132.8709677419355
2018,12,3,67.54010752688171,119.5917741935484,41.550645161290326,10.017903225806451,0.6634946236559139,35.28817204301075,132.8709677419355,132.8709677419355,132.8709677419355,67.54010752688171,67.54010752688171,67.54010752688171,119.5917741935484,119.5917741935484,132.8709677419355,132.8709677419355,67.54010752688171,67.54010752688171,132.8709677419355
2018,12,3,67.54010752688171,119.5917741935484,41.550645161290326,10.017903225806451,0.6634946236559139,35.28817204301075,132.8709677419355,132.8709677419355,132.8709677419355,67.54010752688171,67.54010752688171,67.54010752688171,119.5917741935484,119.5917741935484,132.8709677419355,132.8709677419355,67.54010752688171,67.54010752688171,132.8709677419355
2018,12,3,67.54010752688171,119.5917741935484,41.550645161290326,10.017903225806451,0.6634946236559139,35.28817204301075,132.8709677419355,132.8709677419355,132.8709677419355,67.54010752688171,67.54010752688171,67.54010752688171,119.5917741935484,119.5917741935484,132.8709677419355,132.8709677419355,67.54010752688171,67.54010752688171,132.8709677419355
2018,12,3,67.54010752688171,119.5917741935484,41.550645161290326,10.017903225806451,0.6634946236559139,35.28817204301075,132.8709677419355,132.8709677419355,132.8709677419355,67.54010752688171,67.54010752688171,67.54010752688171,119.5917741935484,119.5917741935484,132.8709677419355,132.8709677419355,67.54010752688171,67.54010752688171,132.8709677419355
2018,12,3,67.54010752688171,119.5917741935484,41.550645161290326,10.017903225806451,0.6634946236559139,35.28817204301075,132.8709677419355,132.8709677419355,132.8709677419355,67.54010752688171,67.54010752688171,67.54010752688171,119.5917741935484,119.5917741935484,132.8709677419355,132.8709677419355,67.54010752688171,67.54010752688171,132.8709677419355
2018,4,4,36.52904761904762,66.77166666666666,33.49047619047619,8.073333333333332,0.7742857142857144,35.864285714285714,89.14285714285714,89.14285714285714,89.14285714285714,36.52904761904762,36.52904761904762,36.52904761904762,66.77166666666666,66.77166666666666,89.14285714285714,89.14285714285714,36.52904761904762,36.52904761904762,89.14285714285714
2018,4,4,36.52904761904762,66.77166666666666,33.49047619047619,8.073333333333332,0.7742857142857144,35.864285714285714,89.14285714285714,89.14285714285714,89.14285714285714,36.52904761904762,36.52904761904762,36.52904761904762,66.77166666666666,66.77166666666666,89.14285714285714,89.14285714285714,36.52904761904762,36.52904761904762,89.14285714285714
2018,4,4,36.52904761904762,66.77166666666666,33.49047619047619,8.073333333333332,0.7742857142857144,35.864285714285714,89.14285714285714,89.14285714285714,89.14285714285714,36.52904761904762,36.52904761904762,36.52904761904762,66.77166666666666,66.77166666666666,89.14285714285714,89.14285714285714,36.52904761904762,36.52904761904762,89.14285714285714
2018,4,4,36.52904761904762,66.77166666666666,33.49047619047619,8.073333333333332,0.7742857142857144,35.864285714285714,89.14285714285714,89.14285714285714,89.14285714285714,36.52904761904762,36.52904761904762,36.52904761904762,66.77166666666666,66.77166666666666,89.14285714285714,89.14285714285714,36.52904761904762,36.52904761904762,89.14285714285714
2018,4,4,36.52904761904762,66.77166666666666,33.49047619047619,8.073333333333332,0.7742857142857144,35.864285714285714,89.14285714285714,89.14285714285714,89.14285714285714,36.52904761904762,36.52904761904762,36.52904761904762,66.77166666666666,66.77166666666666,89.14285714285714,89.14285714285714,36.52904761904762,36.52904761904762,89.14285714285714
2018,5,4,41.66806451612904,76.51129032258065,30.65096774193548,7.066451612903226,0.0,30.91258064516129,89.14285714285714,89.14285714285714,89.14285714285714,36.52904761904762,36.52904761904762,36.52904761904762,66.77166666666666,66.77166666666666,91.09523809523809,90.11904761904763,38.242053251408095,37.385550435227856,95.0
2018,5,4,41.66806451612904,76.51129032258065,30.65096774193548,7.066451612903226,0.0,30.91258064516129,95.0,89.14285714285714,89.14285714285714,41.66806451612904,36.52904761904762,36.52904761904762,76.51129032258065,66.77166666666666,93.04761904761904,91.09523809523809,39.955058883768565,38.242053251408095,95.0
2018,5,4,41.66806451612904,76.51129032258065,30.65096774193548,7.066451612903226,0.0,30.91258064516129,95.0,95.0,89.14285714285714,41.66806451612904,41.66806451612904,36.52904761904762,76.51129032258065,76.51129032258065,95.0,92.07142857142857,41.66806451612904,39.098556067588326,95.0
2018,5,4,41.66806451612904,76.51129032258065,30.65096774193548,7.066451612903226,0.0,30.91258064516129,95.0,95.0,95.0,41.66806451612904,41.66806451612904,41.66806451612904,76.51129032258065,76.51129032258065,95.0,93.04761904761904,41.66806451612904,39.955058883768565,95.0
2018,5,4,41.66806451612904,76.51129032258065,30.65096774193548,7.066451612903226,0.0,30.91258064516129,95.0,95.0,95.0,41.66806451612904,41.66806451612904,41.66806451612904,76.51129032258065,76.51129032258065,95.0,94.02380952380952,41.66806451612904,40.811561699948804,95.0
2018,5,4,41.66806451612904,76.51129032258065,30.65096774193548,7.066451612903226,0.0,30.91258064516129,95.0,95.0,95.0,41.66806451612904,41.66806451612904,41.66806451612904,76.51129032258065,76.51129032258065,95.0,95.0,41.66806451612904,41.66806451612904,95.0
2018,5,4,41.66806451612904,76.51129032258065,30.65096774193548,7.066451612903226,0.0,30.91258064516129,95.0,95.0,95.0,41.66806451612904,41.66806451612904,41.66806451612904,76.51129032258065,76.51129032258065,95.0,95.0,41.66806451612904,41.66806451612904,95.0
2018,5,4,41.66806451612904,76.51129032258065,30.65096774193548,7.066451612903226,0.0,30.91258064516129,95.0,95.0,95.0,41.66806451612904,41.66806451612904,41.66806451612904,76.51129032258065,76.51129032258065,95.0,95.0,41.66806451612904,41.66806451612904,95.0
2018,5,4,41.66806451612904,76.51129032258065,30.65096774193548,7.066451612903226,0.0,30.91258064516129,95.0,95.0,95.0,41.66806451612904,41.66806451612904,41.66806451612904,76.51129032258065,76.51129032258065,95.0,95.0,41.66806451612904,41.66806451612904,95.0
2018,5,4,41.66806451612904,76.51129032258065,30.65096774193548,7.066451612903226,0.0,30.91258064516129,95.0,95.0,95.0,41.66806451612904,41.66806451612904,41.66806451612904,76.51129032258065,76.51129032258065,95.0,95.0,41.66806451612904,41.66806451612904,95.0
2018,6,4,34.49433333333333,67.131,27.648833333333336,8.489666666666668,0.3916666666666666,32.392,95.0,95.0,95.0,41.66806451612904,41.66806451612904,41.66806451612904,76.51129032258065,76.51129032258065,91.72222222222223,93.3611111111111,39.27682078853047,40.472442652329754,85.16666666666667
2018,6,4,34.49433333333333,67.131,27.648833333333336,8.489666666666668,0.3916666666666666,32.392,85.16666666666667,95.0,95.0,34.49433333333333,41.66806451612904,41.66806451612904,67.131,76.51129032258065,88.44444444444446,91.72222222222223,36.8855770609319,39.27682078853047,85.16666666666667
2018,6,4,34.49433333333333,67.131,27.648833333333336,8.489666666666668,0.3916666666666666,32.392,85.16666666666667,85.16666666666667,95.0,34.49433333333333,34.49433333333333,41.66806451612904,67.131,67.131,85.16666666666667,90.08333333333333,34.49433333333333,38.08119892473119,85.16666666666667
2018,6,4,34.49433333333333,67.131,27.648833333333336,8.489666666666668,0.3916666666666666,32.392,85.16666666666667,85.16666666666667,85.16666666666667,34.49433333333333,34.49433333333333,34.49433333333333,67.131,67.131,85.16666666666667,88.44444444444446,34.49433333333333,36.8855770609319,85.16666666666667
2018,6,4,34.49433333333333,67.131,27.648833333333336,8.489666666666668,0.3916666666666666,32.392,85.16666666666667,85.16666666666667,85.16666666666667,34.49433333333333,34.49433333333333,34.49433333333333,67.131,67.131,85.16666666666667,86.80555555555556,34.49433333333333,35.68995519713261,85.16666666666667
2018,6,4,34.49433333333333,67.131,27.648833333333336,8.489666666666668,0.3916666666666666,32.392,85.16666666666667,85.16666666666667,85.16666666666667,34.49433333333333,34.49433333333333,34.49433333333333,67.131,67.131,85.16666666666667,85.16666666666667,34.49433333333333,34.49433333333333,85.16666666666667
2018,6,4,34.49433333333333,67.131,27.648833333333336,8.489666666666668,0.3916666666666666,32.392,85.16666666666667,85.16666666666667,85.16666666666667,34.49433333333333,34.49433333333333,34.49433333333333,67.131,67.131,85.16666666666667,85.16666666666667,34.49433333333333,34.49433333333333,85.16666666666667
2018,6,4,34.49433333333333,67.131,27.648833333333336,8.489666666666668,0.3916666666666666,32.392,85.16666666666667,85.16666666666667,85.16666666666667,34.49433333333333,34.49433333333333,34.49433333333333,67.131,67.131,85.16666666666667,85.16666666666667,34.49433333333333,34.49433333333333,85.16666666666667
2018,6,4,34.49433333333333,67.131,27.648833333333336,8.489666666666668,0.3916666666666666,32.392,85.16666666666667,85.16666666666667,85.16666666666667,34.49433333333333,34.49433333333333,34.49433333333333,67.131,67.131,85.16666666666667,85.16666666666667,34.49433333333333,34.49433333333333,85.16666666666667
2018,6,4,34.49433333333333,67.131,27.648833333333336,8.489666666666668,0.3916666666666666,32.392,85.16666666666667,85.16666666666667,85.16666666666667,34.49433333333333,34.49433333333333,34.49433333333333,67.131,67.131,85.16666666666667,85.16666666666667,34.49433333333333,34.49433333333333,85.16666666666667
2018,7,4,22.626774193548385,41.660322580645165,29.963870967741936,2.229354838709677,0.5551612903225807,17.320645161290326,85.16666666666667,85.16666666666667,85.16666666666667,34.49433333333333,34.49433333333333,34.49433333333333,67.131,67.131,73.98207885304659,79.57437275985663,30.53848028673835,32.51640681003584,51.61290322580645
2018,7,4,22.626774193548385,41.660322580645165,29.963870967741936,2.229354838709677,0.5551612903225807,17.320645161290326,51.61290322580645,85.16666666666667,85.16666666666667,22.626774193548385,34.49433333333333,34.49433333333333,41.660322580645165,67.131,62.79749103942652,73.98207885304659,26.582627240143367,30.53848028673835,51.61290322580645
2018,7,4,22.626774193548385,41.660322580645165,29.963870967741936,2.229354838709677,0.5551612903225807,17.320645161290326,51.61290322580645,51.61290322580645,85.16666666666667,22.626774193548385,22.626774193548385,34.49433333333333,41.660322580645165,41.660322580645165,51.61290322580645,68.38978494623656,22.626774193548385,28.56055376344086,51.61290322580645
2018,7,4,22.626774193548385,41.660322580645165,29.963870967741936,2.229354838709677,0.5551612903225807,17.320645161290326,51.61290322580645,51.61290322580645,51.61290322580645,22.626774193548385,22.626774193548385,22.626774193548385,41.660322580645165,41.660322580645165,51.61290322580645,62.79749103942652,22.626774193548385,26.58262724014337,51.61290322580645
2018,7,4,22.626774193548385,41.660322580645165,29.963870967741936,2.229354838709677,0.5551612903225807,17.320645161290326,51.61290322580645,51.61290322580645,51.61290322580645,22.626774193548385,22.626774193548385,22.626774193548385,41.660322580645165,41.660322580645165,51.61290322580645,57.20519713261648,22.626774193548385,24.604700716845873,51.61290322580645
2018,7,4,22.626774193548385,41.660322580645165,29.963870967741936,2.229354838709677,0.5551612903225807,17.320645161290326,51.61290322580645,51.61290322580645,51.61290322580645,22.626774193548385,22.626774193548385,22.626774193548385,41.660322580645165,41.660322580645165,51.61290322580645,51.61290322580645,22.626774193548385,22.626774193548385,51.61290322580645
2018,7,4,22.626774193548385,41.660322580645165,29.963870967741936,2.229354838709677,0.5551612903225807,17.320645161290326,51.61290322580645,51.61290322580645,51.61290322580645,22.626774193548385,22.626774193548385,22.626774193548385,41.660322580645165,41.660322580645165,51.61290322580645,51.61290322580645,22.626774193548385,22.626774193548385,51.61290322580645
2018,7,4,22.626774193548385,41.660322580645165,29.963870967741936,2.229354838709677,0.5551612903225807,17.320645161290326,51.61290322580645,51.61290322580645,51.61290322580645,22.626774193548385,22.626774193548385,22.626774193548385,41.660322580645165,41.660322580645165,51.61290322580645,51.61290322580645,22.626774193548385,22.626774193548385,51.61290322580645
2018,7,4,22.626774193548385,41.660322580645165,29.963870967741936,2.229354838709677,0.5551612903225807,17.320645161290326,51.61290322580645,51.61290322580645,51.61290322580645,22.626774193548385,22.626774193548385,22.626774193548385,41.660322580645165,41.660322580645165,51.61290322580645,51.61290322580645,22.626774193548385,22.626774193548385,51.61290322580645
2018,7,4,22.626774193548385,41.660322580645165,29.963870967741936,2.229354838709677,0.5551612903225807,17.320645161290326,51.61290322580645,51.61290322580645,51.61290322580645,22.626774193548385,22.626774193548385,22.626774193548385,41.660322580645165,41.660322580645165,51.61290322580645,51.61290322580645,22.626774193548385,22.626774193548385,51.61290322580645
2018,8,4,21.254516129032258,42.064193548387095,30.658709677419356,1.769032258064516,1.2341935483870967,11.893548387096772,51.61290322580645,51.61290322580645,51.61290322580645,22.626774193548385,22.626774193548385,22.626774193548385,41.660322580645165,41.660322580645165,57.8494623655914,54.73118279569892,22.169354838709676,22.39806451612903,70.3225806451613
2018,8,4,21.254516129032258,42.064193548387095,30.658709677419356,1.769032258064516,1.2341935483870967,11.893548387096772,70.3225806451613,51.61290322580645,51.61290322580645,21.254516129032258,22.626774193548385,22.626774193548385,42.064193548387095,41.660322580645165,64.08602150537634,57.8494623655914,21.711935483870963,22.169354838709676,70.3225806451613
2018,8,4,21.254516129032258,42.064193548387095,30.658709677419356,1.769032258064516,1.2341935483870967,11.893548387096772,70.3225806451613,70.3225806451613,51.61290322580645,21.254516129032258,21.254516129032258,22.626774193548385,42.064193548387095,42.064193548387095,70.3225806451613,60.96774193548387,21.254516129032258,21.94064516129032,70.3225806451613
2018,8,4,21.254516129032258,42.064193548387095,30.658709677419356,1.769032258064516,1.2341935483870967,11.893548387096772,70.3225806451613,70.3225806451613,70.3225806451613,21.254516129032258,21.254516129032258,21.254516129032258,42.064193548387095,42.064193548387095,70.3225806451613,64.08602150537635,21.254516129032258,21.711935483870963,70.3225806451613
2018,8,4,21.254516129032258,42.064193548387095,30.658709677419356,1.769032258064516,1.2341935483870967,11.893548387096772,70.3225806451613,70.3225806451613,70.3225806451613,21.254516129032258,21.254516129032258,21.254516129032258,42.064193548387095,42.064193548387095,70.3225806451613,67.20430107526882,21.254516129032258,21.483225806451614,70.3225806451613
2018,8,4,21.254516129032258,42.064193548387095,30.658709677419356,1.769032258064516,1.2341935483870967,11.893548387096772,70.3225806451613,70.3225806451613,70.3225806451613,21.254516129032258,21.254516129032258,21.254516129032258,42.064193548387095,42.064193548387095,70.3225806451613,70.3225806451613,21.254516129032258,21.254516129032258,70.3225806451613
2018,8,4,21.254516129032258,42.064193548387095,30.658709677419356,1.769032258064516,1.2341935483870967,11.893548387096772,70.3225806451613,70.3225806451613,70.3225806451613,21.254516129032258,21.254516129032258,21.254516129032258,42.064193548387095,42.064193548387095,70.3225806451613,70.3225806451613,21.254516129032258,21.254516129032258,70.3225806451613
2018,8,4,21.254516129032258,42.064193548387095,30.658709677419356,1.769032258064516,1.2341935483870967,11.893548387096772,70.3225806451613,70.3225806451613,70.3225806451613,21.254516129032258,21.254516129032258,21.254516129032258,42.064193548387095,42.064193548387095,70.3225806451613,70.3225806451613,21.254516129032258,21.254516129032258,70.3225806451613
2018,8,4,21.254516129032258,42.064193548387095,30.658709677419356,1.769032258064516,1.2341935483870967,11.893548387096772,70.3225806451613,70.3225806451613,70.3225806451613,21.254516129032258,21.254516129032258,21.254516129032258,42.064193548387095,42.064193548387095,70.3225806451613,70.3225806451613,21.254516129032258,21.254516129032258,70.3225806451613
2018,8,4,21.254516129032258,42.064193548387095,30.658709677419356,1.769032258064516,1.2341935483870967,11.893548387096772,70.3225806451613,70.3225806451613,70.3225806451613,21.254516129032258,21.254516129032258,21.254516129032258,42.064193548387095,42.064193548387095,70.3225806451613,70.3225806451613,21.254516129032258,21.254516129032258,70.3225806451613
2018,9,4,38.48233333333334,65.798,34.071666666666665,3.292666666666667,1.3416666666666666,20.26,70.3225806451613,70.3225806451613,70.3225806451613,21.254516129032258,21.254516129032258,21.254516129032258,42.064193548387095,42.064193548387095,74.57060931899643,72.44659498207886,26.997121863799283,24.125818996415774,83.06666666666666
2018,9,4,38.48233333333334,65.798,34.071666666666665,3.292666666666667,1.3416666666666666,20.26,83.06666666666666,70.3225806451613,70.3225806451613,38.48233333333334,21.254516129032258,21.254516129032258,65.798,42.064193548387095,78.81863799283154,74.5706093189964,32.73972759856631,26.997121863799283,83.06666666666666
2018,9,4,38.48233333333334,65.798,34.071666666666665,3.292666666666667,1.3416666666666666,20.26,83.06666666666666,83.06666666666666,70.3225806451613,38.48233333333334,38.48233333333334,21.254516129032258,65.798,65.798,83.06666666666666,76.69462365591397,38.48233333333334,29.8684247311828,83.06666666666666
2018,9,4,38.48233333333334,65.798,34.071666666666665,3.292666666666667,1.3416666666666666,20.26,83.06666666666666,83.06666666666666,83.06666666666666,38.48233333333334,38.48233333333334,38.48233333333334,65.798,65.798,83.06666666666666,78.81863799283154,38.48233333333334,32.73972759856631,83.06666666666666
2018,9,4,38.48233333333334,65.798,34.071666666666665,3.292666666666667,1.3416666666666666,20.26,83.06666666666666,83.06666666666666,83.06666666666666,38.48233333333334,38.48233333333334,38.48233333333334,65.798,65.798,83.06666666666666,80.9426523297491,38.48233333333334,35.611030465949824,83.06666666666666
2018,9,4,38.48233333333334,65.798,34.071666666666665,3.292666666666667,1.3416666666666666,20.26,83.06666666666666,83.06666666666666,83.06666666666666,38.48233333333334,38.48233333333334,38.48233333333334,65.798,65.798,83.06666666666666,83.06666666666666,38.48233333333334,38.48233333333334,83.06666666666666
2018,9,4,38.48233333333334,65.798,34.071666666666665,3.292666666666667,1.3416666666666666,20.26,83.06666666666666,83.06666666666666,83.06666666666666,38.48233333333334,38.48233333333334,38.48233333333334,65.798,65.798,83.06666666666666,83.06666666666666,38.48233333333334,38.48233333333334,83.06666666666666
2018,9,4,38.48233333333334,65.798,34.071666666666665,3.292666666666667,1.3416666666666666,20.26,83.06666666666666,83.06666666666666,83.06666666666666,38.48233333333334,38.48233333333334,38.48233333333334,65.798,65.798,83.06666666666666,83.06666666666666,38.48233333333334,38.48233333333334,83.06666666666666
2018,9,4,38.48233333333334,65.798,34.071666666666665,3.292666666666667,1.3416666666666666,20.26,83.06666666666666,83.06666666666666,83.06666666666666,38.48233333333334,38.48233333333334,38.48233333333334,65.798,65.798,83.06666666666666,83.06666666666666,38.48233333333334,38.48233333333334,83.06666666666666
2018,9,4,38.48233333333334,65.798,34.071666666666665,3.292666666666667,1.3416666666666666,20.26,83.06666666666666,83.06666666666666,83.06666666666666,38.48233333333334,38.48233333333334,38.48233333333334,65.798,65.798,83.06666666666666,83.06666666666666,38.48233333333334,38.48233333333334,83.06666666666666
2018,10,4,68.92290322580645,113.86806451612902,49.2,7.449354838709677,1.738709677419355,32.02903225806452,83.06666666666666,83.06666666666666,83.06666666666666,38.48233333333334,38.48233333333334,38.48233333333334,65.798,65.798,109.73261648745519,96.39964157706093,48.62918996415771,43.55576164874552,163.06451612903226
2018,10,4,68.92290322580645,113.86806451612902,49.2,7.449354838709677,1.738709677419355,32.02903225806452,163.06451612903226,83.06666666666666,83.06666666666666,68.92290322580645,38.48233333333334,38.48233333333334,113.86806451612902,65.798,136.39856630824372,109.73261648745519,58.776046594982084,48.62918996415771,163.06451612903226
2018,10,4,68.92290322580645,113.86806451612902,49.2,7.449354838709677,1.738709677419355,32.02903225806452,163.06451612903226,163.06451612903226,83.06666666666666,68.92290322580645,68.92290322580645,38.48233333333334,113.86806451612902,113.86806451612902,163.06451612903226,123.06559139784946,68.92290322580645,53.70261827956989,163.06451612903226
2018,10,4,68.92290322580645,113.86806451612902,49.2,7.449354838709677,1.738709677419355,32.02903225806452,163.06451612903226,163.06451612903226,163.06451612903226,68.92290322580645,68.92290322580645,68.92290322580645,113.86806451612902,113.86806451612902,163.06451612903226,136.39856630824372,68.92290322580645,58.776046594982084,163.06451612903226
2018,10,4,68.92290322580645,113.86806451612902,49.2,7.449354838709677,1.738709677419355,32.02903225806452,163.06451612903226,163.06451612903226,163.06451612903226,68.92290322580645,68.92290322580645,68.92290322580645,113.86806451612902,113.86806451612902,163.06451612903226,149.731541218638,68.92290322580645,63.849474910394264,163.06451612903226
2018,10,4,68.92290322580645,113.86806451612902,49.2,7.449354838709677,1.738709677419355,32.02903225806452,163.06451612903226,163.06451612903226,163.06451612903226,68.92290322580645,68.92290322580645,68.92290322580645,113.86806451612902,113.86806451612902,163.06451612903226,163.06451612903226,68.92290322580645,68.92290322580645,163.06451612903226
2018,10,4,68.92290322580645,113.86806451612902,49.2,7.449354838709677,1.738709677419355,32.02903225806452,163.06451612903226,163.06451612903226,163.06451612903226,68.92290322580645,68.92290322580645,68.92290322580645,113.86806451612902,113.86806451612902,163.06451612903226,163.06451612903226,68.92290322580645,68.92290322580645,163.06451612903226
2018,10,4,68.92290322580645,113.86806451612902,49.2,7.449354838709677,1.738709677419355,32.02903225806452,163.06451612903226,163.06451612903226,163.06451612903226,68.92290322580645,68.92290322580645,68.92290322580645,113.86806451612902,113.86806451612902,163.06451612903226,163.06451612903226,68.92290322580645,68.92290322580645,163.06451612903226
2018,10,4,68.92290322580645,113.86806451612902,49.2,7.449354838709677,1.738709677419355,32.02903225806452,163.06451612903226,163.06451612903226,163.06451612903226,68.92290322580645,68.92290322580645,68.92290322580645,113.86806451612902,113.86806451612902,163.06451612903226,163.06451612903226,68.92290322580645,68.92290322580645,163.06451612903226
2018,10,4,68.92290322580645,113.86806451612902,49.2,7.449354838709677,1.738709677419355,32.02903225806452,163.06451612903226,163.06451612903226,163.06451612903226,68.92290322580645,68.92290322580645,68.92290322580645,113.86806451612902,113.86806451612902,163.06451612903226,163.06451612903226,68.92290322580645,68.92290322580645,163.06451612903226
2018,11,4,152.78454545454545,241.742,64.02472727272728,13.593636363636364,1.3550909090909091,38.68436363636364,163.06451612903226,163.06451612903226,163.06451612903226,68.92290322580645,68.92290322580645,68.92290322580645,113.86806451612902,113.86806451612902,207.55816226783972,185.311339198436,96.87678396871945,82.89984359726294,296.54545454545456
2018,11,4,152.78454545454545,241.742,64.02472727272728,13.593636363636364,1.3550909090909091,38.68436363636364,296.54545454545456,163.06451612903226,163.06451612903226,152.78454545454545,68.92290322580645,68.92290322580645,241.742,113.86806451612902,252.05180840664715,207.55816226783966,124.83066471163245,96.87678396871945,296.54545454545456
2018,11,4,152.78454545454545,241.742,64.02472727272728,13.593636363636364,1.3550909090909091,38.68436363636364,296.54545454545456,296.54545454545456,163.06451612903226,152.78454545454545,152.78454545454545,68.92290322580645,241.742,241.742,296.54545454545456,229.80498533724344,152.78454545454545,110.85372434017596,296.54545454545456
2018,11,4,152.78454545454545,241.742,64.02472727272728,13.593636363636364,1.3550909090909091,38.68436363636364,296.54545454545456,296.54545454545456,296.54545454545456,152.78454545454545,152.78454545454545,152.78454545454545,241.742,241.742,296.54545454545456,252.05180840664715,152.78454545454545,124.83066471163244,296.54545454545456
2018,11,4,152.78454545454545,241.742,64.02472727272728,13.593636363636364,1.3550909090909091,38.68436363636364,296.54545454545456,296.54545454545456,296.54545454545456,152.78454545454545,152.78454545454545,152.78454545454545,241.742,241.742,296.54545454545456,274.29863147605084,152.78454545454545,138.80760508308893,296.54545454545456
2018,11,4,152.78454545454545,241.742,64.02472727272728,13.593636363636364,1.3550909090909091,38.68436363636364,296.54545454545456,296.54545454545456,296.54545454545456,152.78454545454545,152.78454545454545,152.78454545454545,241.742,241.742,296.54545454545456,296.54545454545456,152.78454545454545,152.78454545454545,296.54545454545456
2018,11,4,152.78454545454545,241.742,64.02472727272728,13.593636363636364,1.3550909090909091,38.68436363636364,296.54545454545456,296.54545454545456,296.54545454545456,152.78454545454545,152.78454545454545,152.78454545454545,241.742,241.742,296.54545454545456,296.54545454545456,152.78454545454545,152.78454545454545,296.54545454545456
2018,11,4,152.78454545454545,241.742,64.02472727272728,13.593636363636364,1.3550909090909091,38.68436363636364,296.54545454545456,296.54545454545456,296.54545454545456,152.78454545454545,152.78454545454545,152.78454545454545,241.742,241.742,296.54545454545456,296.54545454545456,152.78454545454545,152.78454545454545,296.54545454545456
2018,11,4,152.78454545454545,241.742,64.02472727272728,13.593636363636364,1.3550909090909091,38.68436363636364,296.54545454545456,296.54545454545456,296.54545454545456,152.78454545454545,152.78454545454545,152.78454545454545,241.742,241.742,296.54545454545456,296.54545454545456,152.78454545454545,152.78454545454545,296.54545454545456
2018,11,4,152.78454545454545,241.742,64.02472727272728,13.593636363636364,1.3550909090909091,38.68436363636364,296.54545454545456,296.54545454545456,296.54545454545456,152.78454545454545,152.78454545454545,152.78454545454545,241.742,241.742,296.54545454545456,296.54545454545456,152.78454545454545,152.78454545454545,296.54545454545456
2018,12,4,183.1791935483871,293.37193548387097,87.51290322580645,14.915483870967742,1.066935483870968,34.76661290322581,296.54545454545456,296.54545454545456,296.54545454545456,152.78454545454545,152.78454545454545,152.78454545454545,241.742,241.742,310.4281524926687,303.4868035190616,162.91609481915935,157.8503201368524,338.1935483870968
2018,12,4,183.1791935483871,293.37193548387097,87.51290322580645,14.915483870967742,1.066935483870968,34.76661290322581,338.1935483870968,296.54545454545456,296.54545454545456,183.1791935483871,152.78454545454545,152.78454545454545,293.37193548387097,241.742,324.3108504398827,310.42815249266863,173.04764418377326,162.91609481915933,338.1935483870968
2018,12,4,183.1791935483871,293.37193548387097,87.51290322580645,14.915483870967742,1.066935483870968,34.76661290322581,338.1935483870968,338.1935483870968,296.54545454545456,183.1791935483871,183.1791935483871,152.78454545454545,293.37193548387097,293.37193548387097,338.1935483870968,317.36950146627566,183.1791935483871,167.98186950146626,338.1935483870968
2018,12,4,183.1791935483871,293.37193548387097,87.51290322580645,14.915483870967742,1.066935483870968,34.76661290322581,338.1935483870968,338.1935483870968,338.1935483870968,183.1791935483871,183.1791935483871,183.1791935483871,293.37193548387097,293.37193548387097,338.1935483870968,324.3108504398827,183.1791935483871,173.0476441837732,338.1935483870968
2018,12,4,183.1791935483871,293.37193548387097,87.51290322580645,14.915483870967742,1.066935483870968,34.76661290322581,338.1935483870968,338.1935483870968,338.1935483870968,183.1791935483871,183.1791935483871,183.1791935483871,293.37193548387097,293.37193548387097,338.1935483870968,331.2521994134898,183.1791935483871,178.1134188660802,338.1935483870968
2018,12,4,183.1791935483871,293.37193548387097,87.51290322580645,14.915483870967742,1.066935483870968,34.76661290322581,338.1935483870968,338.1935483870968,338.1935483870968,183.1791935483871,183.1791935483871,183.1791935483871,293.37193548387097,293.37193548387097,338.1935483870968,338.1935483870968,183.1791935483871,183.1791935483871,338.1935483870968
2018,12,4,183.1791935483871,293.37193548387097,87.51290322580645,14.915483870967742,1.066935483870968,34.76661290322581,338.1935483870968,338.1935483870968,338.1935483870968,183.1791935483871,183.1791935483871,183.1791935483871,293.37193548387097,293.37193548387097,338.1935483870968,338.1935483870968,183.1791935483871,183.1791935483871,338.1935483870968
2018,12,4,183.1791935483871,293.37193548387097,87.51290322580645,14.915483870967742,1.066935483870968,34.76661290322581,338.1935483870968,338.1935483870968,338.1935483870968,183.1791935483871,183.1791935483871,183.1791935483871,293.37193548387097,293.37193548387097,338.1935483870968,338.1935483870968,183.1791935483871,183.1791935483871,338.1935483870968
2018,12,4,183.1791935483871,293.37193548387097,87.51290322580645,14.915483870967742,1.066935483870968,34.76661290322581,338.1935483870968,338.1935483870968,338.1935483870968,183.1791935483871,183.1791935483871,183.1791935483871,293.37193548387097,293.37193548387097,338.1935483870968,338.1935483870968,183.1791935483871,183.1791935483871,338.1935483870968
2018,12,4,183.1791935483871,293.37193548387097,87.51290322580645,14.915483870967742,1.066935483870968,34.76661290322581,338.1935483870968,338.1935483870968,338.1935483870968,183.1791935483871,183.1791935483871,183.1791935483871,293.37193548387097,293.37193548387097,338.1935483870968,338.1935483870968,183.1791935483871,183.1791935483871,338.1935483870968
2015,1,5,22.905,71.77,17.075,9.135000000000002,0.0,18.96,90.5,90.5,90.5,22.905,22.905,22.905,71.77,71.77,90.5,90.5,22.905,22.905,90.5
2015,1,5,22.905,71.77,17.075,9.135000000000002,0.0,18.96,90.5,90.5,90.5,22.905,22.905,22.905,71.77,71.77,90.5,90.5,22.905,22.905,90.5
2015,1,5,22.905,71.77,17.075,9.135000000000002,0.0,18.96,90.5,90.5,90.5,22.905,22.905,22.905,71.77,71.77,90.5,90.5,22.905,22.905,90.5
2015,1,5,22.905,71.77,17.075,9.135000000000002,0.0,18.96,90.5,90.5,90.5,22.905,22.905,22.905,71.77,71.77,90.5,90.5,22.905,22.905,90.5
2015,2,5,22.905,71.77,17.075,9.135000000000002,0.0,18.96,90.5,90.5,90.5,22.905,22.905,22.905,71.77,71.77,90.5,90.5,22.905,22.905,90.5
2015,2,5,22.905,71.77,17.075,9.135000000000002,0.0,18.96,90.5,90.5,90.5,22.905,22.905,22.905,71.77,71.77,90.5,90.5,22.905,22.905,90.5
2015,2,5,22.905,71.77,17.075,9.135000000000002,0.0,18.96,90.5,90.5,90.5,22.905,22.905,22.905,71.77,71.77,90.5,90.5,22.905,22.905,90.5
2015,2,5,22.905,71.77,17.075,9.135000000000002,0.0,18.96,90.5,90.5,90.5,22.905,22.905,22.905,71.77,71.77,90.5,90.5,22.905,22.905,90.5
2015,2,5,22.905,71.77,17.075,9.135000000000002,0.0,18.96,90.5,90.5,90.5,22.905,22.905,22.905,71.77,71.77,90.5,90.5,22.905,22.905,90.5
2015,2,5,22.905,71.77,17.075,9.135000000000002,0.0,18.96,90.5,90.5,90.5,22.905,22.905,22.905,71.77,71.77,90.5,90.5,22.905,22.905,90.5
2015,2,5,22.905,71.77,17.075,9.135000000000002,0.0,18.96,90.5,90.5,90.5,22.905,22.905,22.905,71.77,71.77,90.5,90.5,22.905,22.905,90.5
2015,2,5,22.905,71.77,17.075,9.135000000000002,0.0,18.96,90.5,90.5,90.5,22.905,22.905,22.905,71.77,71.77,90.5,90.5,22.905,22.905,90.5
2015,2,5,22.905,71.77,17.075,9.135000000000002,0.0,18.96,90.5,90.5,90.5,22.905,22.905,22.905,71.77,71.77,90.5,90.5,22.905,22.905,90.5
2015,3,5,22.905,71.77,17.075,9.135000000000002,0.0,18.96,90.5,90.5,90.5,22.905,22.905,22.905,71.77,71.77,90.5,90.5,22.905,22.905,90.5
2015,3,5,22.905,71.77,17.075,9.135000000000002,0.0,18.96,90.5,90.5,90.5,22.905,22.905,22.905,71.77,71.77,90.5,90.5,22.905,22.905,90.5
2015,3,5,22.905,71.77,17.075,9.135000000000002,0.0,18.96,90.5,90.5,90.5,22.905,22.905,22.905,71.77,71.77,90.5,90.5,22.905,22.905,90.5
2015,3,5,22.905,71.77,17.075,9.135000000000002,0.0,18.96,90.5,90.5,90.5,22.905,22.905,22.905,71.77,71.77,90.5,90.5,22.905,22.905,90.5
2015,3,5,22.905,71.77,17.075,9.135000000000002,0.0,18.96,90.5,90.5,90.5,22.905,22.905,22.905,71.77,71.77,90.5,90.5,22.905,22.905,90.5
2015,3,5,22.905,71.77,17.075,9.135000000000002,0.0,18.96,90.5,90.5,90.5,22.905,22.905,22.905,71.77,71.77,90.5,90.5,22.905,22.905,90.5
2015,3,5,22.905,71.77,17.075,9.135000000000002,0.0,18.96,90.5,90.5,90.5,22.905,22.905,22.905,71.77,71.77,90.5,90.5,22.905,22.905,90.5
2015,3,5,22.905,71.77,17.075,9.135000000000002,0.0,18.96,90.5,90.5,90.5,22.905,22.905,22.905,71.77,71.77,90.5,90.5,22.905,22.905,90.5
2015,3,5,22.905,71.77,17.075,9.135000000000002,0.0,18.96,90.5,90.5,90.5,22.905,22.905,22.905,71.77,71.77,90.5,90.5,22.905,22.905,90.5
2015,4,5,22.905000000000005,71.77,17.075,9.135000000000002,0.0,18.96,90.5,90.5,90.5,22.905,22.905,22.905,71.77,71.77,90.5,90.5,22.905,22.905,90.5
2015,4,5,22.905000000000005,71.77,17.075,9.135000000000002,0.0,18.96,90.5,90.5,90.5,22.905000000000005,22.905,22.905,71.77,71.77,90.5,90.5,22.905,22.905,90.5
2015,4,5,22.905000000000005,71.77,17.075,9.135000000000002,0.0,18.96,90.5,90.5,90.5,22.905000000000005,22.905000000000005,22.905,71.77,71.77,90.5,90.5,22.905000000000005,22.905,90.5
2015,4,5,22.905000000000005,71.77,17.075,9.135000000000002,0.0,18.96,90.5,90.5,90.5,22.905000000000005,22.905000000000005,22.905000000000005,71.77,71.77,90.5,90.5,22.905000000000005,22.905,90.5
2015,4,5,22.905000000000005,71.77,17.075,9.135000000000002,0.0,18.96,90.5,90.5,90.5,22.905000000000005,22.905000000000005,22.905000000000005,71.77,71.77,90.5,90.5,22.905000000000005,22.905000000000005,90.5
2015,4,5,22.905000000000005,71.77,17.075,9.135000000000002,0.0,18.96,90.5,90.5,90.5,22.905000000000005,22.905000000000005,22.905000000000005,71.77,71.77,90.5,90.5,22.905000000000005,22.905000000000005,90.5
2015,4,5,22.905000000000005,71.77,17.075,9.135000000000002,0.0,18.96,90.5,90.5,90.5,22.905000000000005,22.905000000000005,22.905000000000005,71.77,71.77,90.5,90.5,22.905000000000005,22.905000000000005,90.5
2015,4,5,22.905000000000005,71.77,17.075,9.135000000000002,0.0,18.96,90.5,90.5,90.5,22.905000000000005,22.905000000000005,22.905000000000005,71.77,71.77,90.5,90.5,22.905000000000005,22.905000000000005,90.5
2015,4,5,22.905000000000005,71.77,17.075,9.135000000000002,0.0,18.96,90.5,90.5,90.5,22.905000000000005,22.905000000000005,22.905000000000005,71.77,71.77,90.5,90.5,22.905000000000005,22.905000000000005,90.5
2015,5,5,22.905,71.77,17.075,9.135000000000002,0.0,18.96,90.5,90.5,90.5,22.905000000000005,22.905000000000005,22.905000000000005,71.77,71.77,90.5,90.5,22.905000000000005,22.905000000000005,90.5
2015,5,5,22.905,71.77,17.075,9.135000000000002,0.0,18.96,90.5,90.5,90.5,22.905,22.905000000000005,22.905000000000005,71.77,71.77,90.5,90.5,22.905,22.905000000000005,90.5
2015,5,5,22.905,71.77,17.075,9.135000000000002,0.0,18.96,90.5,90.5,90.5,22.905,22.905,22.905000000000005,71.77,71.77,90.5,90.5,22.905,22.905000000000005,90.5
2015,5,5,22.905,71.77,17.075,9.135000000000002,0.0,18.96,90.5,90.5,90.5,22.905,22.905,22.905,71.77,71.77,90.5,90.5,22.905,22.905,90.5
2015,5,5,22.905,71.77,17.075,9.135000000000002,0.0,18.96,90.5,90.5,90.5,22.905,22.905,22.905,71.77,71.77,90.5,90.5,22.905,22.905,90.5
2015,5,5,22.905,71.77,17.075,9.135000000000002,0.0,18.96,90.5,90.5,90.5,22.905,22.905,22.905,71.77,71.77,90.5,90.5,22.905,22.905,90.5
2015,5,5,22.905,71.77,17.075,9.135000000000002,0.0,18.96,90.5,90.5,90.5,22.905,22.905,22.905,71.77,71.77,90.5,90.5,22.905,22.905,90.5
2015,5,5,22.905,71.77,17.075,9.135000000000002,0.0,18.96,90.5,90.5,90.5,22.905,22.905,22.905,71.77,71.77,90.5,90.5,22.905,22.905,90.5
2015,5,5,22.905,71.77,17.075,9.135000000000002,0.0,18.96,90.5,90.5,90.5,22.905,22.905,22.905,71.77,71.77,90.5,90.5,22.905,22.905,90.5
2015,6,5,22.905000000000005,71.77,17.075,9.135000000000002,0.0,18.96,90.5,90.5,90.5,22.905,22.905,22.905,71.77,71.77,90.5,90.5,22.905,22.905,90.5
2015,6,5,22.905000000000005,71.77,17.075,9.135000000000002,0.0,18.96,90.5,90.5,90.5,22.905000000000005,22.905,22.905,71.77,71.77,90.5,90.5,22.905000000000005,22.905,90.5
2015,6,5,22.905000000000005,71.77,17.075,9.135000000000002,0.0,18.96,90.5,90.5,90.5,22.905000000000005,22.905000000000005,22.905,71.77,71.77,90.5,90.5,22.905000000000005,22.905,90.5
2015,6,5,22.905000000000005,71.77,17.075,9.135000000000002,0.0,18.96,90.5,90.5,90.5,22.905000000000005,22.905000000000005,22.905000000000005,71.77,71.77,90.5,90.5,22.905000000000005,22.905000000000005,90.5
2015,6,5,22.905000000000005,71.77,17.075,9.135000000000002,0.0,18.96,90.5,90.5,90.5,22.905000000000005,22.905000000000005,22.905000000000005,71.77,71.77,90.5,90.5,22.905000000000005,22.905000000000005,90.5
2015,6,5,22.905000000000005,71.77,17.075,9.135000000000002,0.0,18.96,90.5,90.5,90.5,22.905000000000005,22.905000000000005,22.905000000000005,71.77,71.77,90.5,90.5,22.905000000000005,22.905000000000005,90.5
2015,6,5,22.905000000000005,71.77,17.075,9.135000000000002,0.0,18.96,90.5,90.5,90.5,22.905000000000005,22.905000000000005,22.905000000000005,71.77,71.77,90.5,90.5,22.905000000000005,22.905000000000005,90.5
2015,6,5,22.905000000000005,71.77,17.075,9.135000000000002,0.0,18.96,90.5,90.5,90.5,22.905000000000005,22.905000000000005,22.905000000000005,71.77,71.77,90.5,90.5,22.905000000000005,22.905000000000005,90.5
2015,6,5,22.905000000000005,71.77,17.075,9.135000000000002,0.0,18.96,90.5,90.5,90.5,22.905000000000005,22.905000000000005,22.905000000000005,71.77,71.77,90.5,90.5,22.905000000000005,22.905000000000005,90.5
2015,7,5,22.905,71.77,17.075,9.135000000000002,0.0,18.96,90.5,90.5,90.5,22.905000000000005,22.905000000000005,22.905000000000005,71.77,71.77,90.5,90.5,22.905,22.905000000000005,90.5
2015,7,5,22.905,71.77,17.075,9.135000000000002,0.0,18.96,90.5,90.5,90.5,22.905,22.905000000000005,22.905000000000005,71.77,71.77,90.5,90.5,22.905,22.905000000000005,90.5
2015,7,5,22.905,71.77,17.075,9.135000000000002,0.0,18.96,90.5,90.5,90.5,22.905,22.905,22.905000000000005,71.77,71.77,90.5,90.5,22.905,22.905,90.5
2015,7,5,22.905,71.77,17.075,9.135000000000002,0.0,18.96,90.5,90.5,90.5,22.905,22.905,22.905,71.77,71.77,90.5,90.5,22.905,22.905,90.5
2015,7,5,22.905,71.77,17.075,9.135000000000002,0.0,18.96,90.5,90.5,90.5,22.905,22.905,22.905,71.77,71.77,90.5,90.5,22.905,22.905,90.5
2015,7,5,22.905,71.77,17.075,9.135000000000002,0.0,18.96,90.5,90.5,90.5,22.905,22.905,22.905,71.77,71.77,90.5,90.5,22.905,22.905,90.5
2015,7,5,22.905,71.77,17.075,9.135000000000002,0.0,18.96,90.5,90.5,90.5,22.905,22.905,22.905,71.77,71.77,90.5,90.5,22.905,22.905,90.5
2015,7,5,22.905,71.77,17.075,9.135000000000002,0.0,18.96,90.5,90.5,90.5,22.905,22.905,22.905,71.77,71.77,90.5,90.5,22.905,22.905,90.5
2015,7,5,22.905,71.77,17.075,9.135000000000002,0.0,18.96,90.5,90.5,90.5,22.905,22.905,22.905,71.77,71.77,90.5,90.5,22.905,22.905,90.5
2015,8,5,22.905,71.77,17.075,9.135000000000002,0.0,18.96,90.5,90.5,90.5,22.905,22.905,22.905,71.77,71.77,90.5,90.5,22.905,22.905,90.5
2015,8,5,22.905,71.77,17.075,9.135000000000002,0.0,18.96,90.5,90.5,90.5,22.905,22.905,22.905,71.77,71.77,90.5,90.5,22.905,22.905,90.5
2015,8,5,22.905,71.77,17.075,9.135000000000002,0.0,18.96,90.5,90.5,90.5,22.905,22.905,22.905,71.77,71.77,90.5,90.5,22.905,22.905,90.5
2015,8,5,22.905,71.77,17.075,9.135000000000002,0.0,18.96,90.5,90.5,90.5,22.905,22.905,22.905,71.77,71.77,90.5,90.5,22.905,22.905,90.5
2015,8,5,22.905,71.77,17.075,9.135000000000002,0.0,18.96,90.5,90.5,90.5,22.905,22.905,22.905,71.77,71.77,90.5,90.5,22.905,22.905,90.5
2015,8,5,22.905,71.77,17.075,9.135000000000002,0.0,18.96,90.5,90.5,90.5,22.905,22.905,22.905,71.77,71.77,90.5,90.5,22.905,22.905,90.5
2015,8,5,22.905,71.77,17.075,9.135000000000002,0.0,18.96,90.5,90.5,90.5,22.905,22.905,22.905,71.77,71.77,90.5,90.5,22.905,22.905,90.5
2015,8,5,22.905,71.77,17.075,9.135000000000002,0.0,18.96,90.5,90.5,90.5,22.905,22.905,22.905,71.77,71.77,90.5,90.5,22.905,22.905,90.5
2015,8,5,22.905,71.77,17.075,9.135000000000002,0.0,18.96,90.5,90.5,90.5,22.905,22.905,22.905,71.77,71.77,90.5,90.5,22.905,22.905,90.5
2015,9,5,22.905000000000005,71.77,17.075,9.135000000000002,0.0,18.96,90.5,90.5,90.5,22.905,22.905,22.905,71.77,71.77,90.5,90.5,22.905,22.905,90.5
2015,9,5,22.905000000000005,71.77,17.075,9.135000000000002,0.0,18.96,90.5,90.5,90.5,22.905000000000005,22.905,22.905,71.77,71.77,90.5,90.5,22.905,22.905,90.5
2015,9,5,22.905000000000005,71.77,17.075,9.135000000000002,0.0,18.96,90.5,90.5,90.5,22.905000000000005,22.905000000000005,22.905,71.77,71.77,90.5,90.5,22.905000000000005,22.905000000000005,90.5
2015,9,5,22.905000000000005,71.77,17.075,9.135000000000002,0.0,18.96,90.5,90.5,90.5,22.905000000000005,22.905000000000005,22.905000000000005,71.77,71.77,90.5,90.5,22.905000000000005,22.905000000000005,90.5
2015,9,5,22.905000000000005,71.77,17.075,9.135000000000002,0.0,18.96,90.5,90.5,90.5,22.905000000000005,22.905000000000005,22.905000000000005,71.77,71.77,90.5,90.5,22.905000000000005,22.905000000000005,90.5
2015,9,5,22.905000000000005,71.77,17.075,9.135000000000002,0.0,18.96,90.5,90.5,90.5,22.905000000000005,22.905000000000005,22.905000000000005,71.77,71.77,90.5,90.5,22.905000000000005,22.905000000000005,90.5
2015,9,5,22.905000000000005,71.77,17.075,9.135000000000002,0.0,18.96,90.5,90.5,90.5,22.905000000000005,22.905000000000005,22.905000000000005,71.77,71.77,90.5,90.5,22.905000000000005,22.905000000000005,90.5
2015,9,5,22.905000000000005,71.77,17.075,9.135000000000002,0.0,18.96,90.5,90.5,90.5,22.905000000000005,22.905000000000005,22.905000000000005,71.77,71.77,90.5,90.5,22.905000000000005,22.905000000000005,90.5
2015,9,5,22.905000000000005,71.77,17.075,9.135000000000002,0.0,18.96,90.5,90.5,90.5,22.905000000000005,22.905000000000005,22.905000000000005,71.77,71.77,90.5,90.5,22.905000000000005,22.905000000000005,90.5
2015,10,5,22.905,71.77,17.075,9.135000000000002,0.0,18.96,90.5,90.5,90.5,22.905000000000005,22.905000000000005,22.905000000000005,71.77,71.77,90.5,90.5,22.905000000000005,22.905000000000005,90.5
2015,10,5,22.905,71.77,17.075,9.135000000000002,0.0,18.96,90.5,90.5,90.5,22.905,22.905000000000005,22.905000000000005,71.77,71.77,90.5,90.5,22.905,22.905,90.5
2015,10,5,22.905,71.77,17.075,9.135000000000002,0.0,18.96,90.5,90.5,90.5,22.905,22.905,22.905000000000005,71.77,71.77,90.5,90.5,22.905,22.905,90.5
2015,10,5,22.905,71.77,17.075,9.135000000000002,0.0,18.96,90.5,90.5,90.5,22.905,22.905,22.905,71.77,71.77,90.5,90.5,22.905,22.905,90.5
2015,10,5,22.905,71.77,17.075,9.135000000000002,0.0,18.96,90.5,90.5,90.5,22.905,22.905,22.905,71.77,71.77,90.5,90.5,22.905,22.905,90.5
2015,10,5,22.905,71.77,17.075,9.135000000000002,0.0,18.96,90.5,90.5,90.5,22.905,22.905,22.905,71.77,71.77,90.5,90.5,22.905,22.905,90.5
2015,10,5,22.905,71.77,17.075,9.135000000000002,0.0,18.96,90.5,90.5,90.5,22.905,22.905,22.905,71.77,71.77,90.5,90.5,22.905,22.905,90.5
2015,10,5,22.905,71.77,17.075,9.135000000000002,0.0,18.96,90.5,90.5,90.5,22.905,22.905,22.905,71.77,71.77,90.5,90.5,22.905,22.905,90.5
2015,10,5,22.905,71.77,17.075,9.135000000000002,0.0,18.96,90.5,90.5,90.5,22.905,22.905,22.905,71.77,71.77,90.5,90.5,22.905,22.905,90.5
2015,11,5,22.905000000000005,71.77,17.075,9.135000000000002,0.0,18.96,90.5,90.5,90.5,22.905,22.905,22.905,71.77,71.77,90.5,90.5,22.905,22.905,90.5
2015,11,5,22.905000000000005,71.77,17.075,9.135000000000002,0.0,18.96,90.5,90.5,90.5,22.905000000000005,22.905,22.905,71.77,71.77,90.5,90.5,22.905000000000005,22.905,90.5
2015,11,5,22.905000000000005,71.77,17.075,9.135000000000002,0.0,18.96,90.5,90.5,90.5,22.905000000000005,22.905000000000005,22.905,71.77,71.77,90.5,90.5,22.905000000000005,22.905,90.5
2015,11,5,22.905000000000005,71.77,17.075,9.135000000000002,0.0,18.96,90.5,90.5,90.5,22.905000000000005,22.905000000000005,22.905000000000005,71.77,71.77,90.5,90.5,22.905000000000005,22.905,90.5
2015,11,5,22.905000000000005,71.77,17.075,9.135000000000002,0.0,18.96,90.5,90.5,90.5,22.905000000000005,22.905000000000005,22.905000000000005,71.77,71.77,90.5,90.5,22.905000000000005,22.905,90.5
2015,11,5,22.905000000000005,71.77,17.075,9.135000000000002,0.0,18.96,90.5,90.5,90.5,22.905000000000005,22.905000000000005,22.905000000000005,71.77,71.77,90.5,90.5,22.905000000000005,22.905000000000005,90.5
2015,11,5,22.905000000000005,71.77,17.075,9.135000000000002,0.0,18.96,90.5,90.5,90.5,22.905000000000005,22.905000000000005,22.905000000000005,71.77,71.77,90.5,90.5,22.905000000000005,22.905000000000005,90.5
2015,11,5,22.905000000000005,71.77,17.075,9.135000000000002,0.0,18.96,90.5,90.5,90.5,22.905000000000005,22.905000000000005,22.905000000000005,71.77,71.77,90.5,90.5,22.905000000000005,22.905000000000005,90.5
2015,11,5,22.905000000000005,71.77,17.075,9.135000000000002,0.0,18.96,90.5,90.5,90.5,22.905000000000005,22.905000000000005,22.905000000000005,71.77,71.77,90.5,90.5,22.905000000000005,22.905000000000005,90.5
2015,12,5,22.905,71.77,17.075,9.135000000000002,0.0,18.96,90.5,90.5,90.5,22.905000000000005,22.905000000000005,22.905000000000005,71.77,71.77,90.5,90.5,22.905,22.905,90.5
2015,12,5,22.905,71.77,17.075,9.135000000000002,0.0,18.96,90.5,90.5,90.5,22.905,22.905000000000005,22.905000000000005,71.77,71.77,90.5,90.5,22.905,22.905,90.5
2015,12,5,22.905,71.77,17.075,9.135000000000002,0.0,18.96,90.5,90.5,90.5,22.905,22.905,22.905000000000005,71.77,71.77,90.5,90.5,22.905,22.905,90.5
2015,12,5,22.905,71.77,17.075,9.135000000000002,0.0,18.96,90.5,90.5,90.5,22.905,22.905,22.905,71.77,71.77,90.5,90.5,22.905,22.905,90.5
2015,12,5,22.905,71.77,17.075,9.135000000000002,0.0,18.96,90.5,90.5,90.5,22.905,22.905,22.905,71.77,71.77,90.5,90.5,22.905,22.905,90.5
2015,12,5,22.905,71.77,17.075,9.135000000000002,0.0,18.96,90.5,90.5,90.5,22.905,22.905,22.905,71.77,71.77,90.5,90.5,22.905,22.905,90.5
2015,12,5,22.905,71.77,17.075,9.135000000000002,0.0,18.96,90.5,90.5,90.5,22.905,22.905,22.905,71.77,71.77,90.5,90.5,22.905,22.905,90.5
2015,12,5,22.905,71.77,17.075,9.135000000000002,0.0,18.96,90.5,90.5,90.5,22.905,22.905,22.905,71.77,71.77,90.5,90.5,22.905,22.905,90.5
2015,12,5,22.905,71.77,17.075,9.135000000000002,0.0,18.96,90.5,90.5,90.5,22.905,22.905,22.905,71.77,71.77,90.5,90.5,22.905,22.905,90.5
2016,1,5,22.905,71.77,17.075,9.135000000000002,0.0,18.96,90.5,90.5,90.5,22.905,22.905,22.905,71.77,71.77,90.5,90.5,22.905,22.905,90.5
2016,1,5,22.905,71.77,17.075,9.135000000000002,0.0,18.96,90.5,90.5,90.5,22.905,22.905,22.905,71.77,71.77,90.5,90.5,22.905,22.905,90.5
2016,1,5,22.905,71.77,17.075,9.135000000000002,0.0,18.96,90.5,90.5,90.5,22.905,22.905,22.905,71.77,71.77,90.5,90.5,22.905,22.905,90.5
2016,1,5,22.905,71.77,17.075,9.135000000000002,0.0,18.96,90.5,90.5,90.5,22.905,22.905,22.905,71.77,71.77,90.5,90.5,22.905,22.905,90.5
2016,1,5,22.905,71.77,17.075,9.135000000000002,0.0,18.96,90.5,90.5,90.5,22.905,22.905,22.905,71.77,71.77,90.5,90.5,22.905,22.905,90.5
2016,1,5,22.905,71.77,17.075,9.135000000000002,0.0,18.96,90.5,90.5,90.5,22.905,22.905,22.905,71.77,71.77,90.5,90.5,22.905,22.905,90.5
2016,1,5,22.905,71.77,17.075,9.135000000000002,0.0,18.96,90.5,90.5,90.5,22.905,22.905,22.905,71.77,71.77,90.5,90.5,22.905,22.905,90.5
2016,1,5,22.905,71.77,17.075,9.135000000000002,0.0,18.96,90.5,90.5,90.5,22.905,22.905,22.905,71.77,71.77,90.5,90.5,22.905,22.905,90.5
2016,1,5,22.905,71.77,17.075,9.135000000000002,0.0,18.96,90.5,90.5,90.5,22.905,22.905,22.905,71.77,71.77,90.5,90.5,22.905,22.905,90.5
2016,2,5,22.905,71.77,17.075,9.135000000000002,0.0,18.96,90.5,90.5,90.5,22.905,22.905,22.905,71.77,71.77,90.5,90.5,22.905,22.905,90.5
2016,2,5,22.905,71.77,17.075,9.135000000000002,0.0,18.96,90.5,90.5,90.5,22.905,22.905,22.905,71.77,71.77,90.5,90.5,22.905,22.905,90.5
2016,2,5,22.905,71.77,17.075,9.135000000000002,0.0,18.96,90.5,90.5,90.5,22.905,22.905,22.905,71.77,71.77,90.5,90.5,22.905,22.905,90.5
2016,2,5,22.905,71.77,17.075,9.135000000000002,0.0,18.96,90.5,90.5,90.5,22.905,22.905,22.905,71.77,71.77,90.5,90.5,22.905,22.905,90.5
2016,2,5,22.905,71.77,17.075,9.135000000000002,0.0,18.96,90.5,90.5,90.5,22.905,22.905,22.905,71.77,71.77,90.5,90.5,22.905,22.905,90.5
2016,2,5,22.905,71.77,17.075,9.135000000000002,0.0,18.96,90.5,90.5,90.5,22.905,22.905,22.905,71.77,71.77,90.5,90.5,22.905,22.905,90.5
2016,2,5,22.905,71.77,17.075,9.135000000000002,0.0,18.96,90.5,90.5,90.5,22.905,22.905,22.905,71.77,71.77,90.5,90.5,22.905,22.905,90.5
2016,2,5,22.905,71.77,17.075,9.135000000000002,0.0,18.96,90.5,90.5,90.5,22.905,22.905,22.905,71.77,71.77,90.5,90.5,22.905,22.905,90.5
2016,2,5,22.905,71.77,17.075,9.135000000000002,0.0,18.96,90.5,90.5,90.5,22.905,22.905,22.905,71.77,71.77,90.5,90.5,22.905,22.905,90.5
2016,3,5,22.905,71.77,17.075,9.135000000000002,0.0,18.96,90.5,90.5,90.5,22.905,22.905,22.905,71.77,71.77,90.5,90.5,22.905,22.905,90.5
2016,3,5,22.905,71.77,17.075,9.135000000000002,0.0,18.96,90.5,90.5,90.5,22.905,22.905,22.905,71.77,71.77,90.5,90.5,22.905,22.905,90.5
2016,3,5,22.905,71.77,17.075,9.135000000000002,0.0,18.96,90.5,90.5,90.5,22.905,22.905,22.905,71.77,71.77,90.5,90.5,22.905,22.905,90.5
2016,3,5,22.905,71.77,17.075,9.135000000000002,0.0,18.96,90.5,90.5,90.5,22.905,22.905,22.905,71.77,71.77,90.5,90.5,22.905,22.905,90.5
2016,3,5,22.905,71.77,17.075,9.135000000000002,0.0,18.96,90.5,90.5,90.5,22.905,22.905,22.905,71.77,71.77,90.5,90.5,22.905,22.905,90.5
2016,3,5,22.905,71.77,17.075,9.135000000000002,0.0,18.96,90.5,90.5,90.5,22.905,22.905,22.905,71.77,71.77,90.5,90.5,22.905,22.905,90.5
2016,3,5,22.905,71.77,17.075,9.135000000000002,0.0,18.96,90.5,90.5,90.5,22.905,22.905,22.905,71.77,71.77,90.5,90.5,22.905,22.905,90.5
2016,3,5,22.905,71.77,17.075,9.135000000000002,0.0,18.96,90.5,90.5,90.5,22.905,22.905,22.905,71.77,71.77,90.5,90.5,22.905,22.905,90.5
2016,3,5,22.905,71.77,17.075,9.135000000000002,0.0,18.96,90.5,90.5,90.5,22.905,22.905,22.905,71.77,71.77,90.5,90.5,22.905,22.905,90.5
2016,4,5,22.905000000000005,71.77,17.075,9.135000000000002,0.0,18.96,90.5,90.5,90.5,22.905,22.905,22.905,71.77,71.77,90.5,90.5,22.905,22.905,90.5
2016,4,5,22.905000000000005,71.77,17.075,9.135000000000002,0.0,18.96,90.5,90.5,90.5,22.905000000000005,22.905,22.905,71.77,71.77,90.5,90.5,22.905,22.905,90.5
2016,4,5,22.905000000000005,71.77,17.075,9.135000000000002,0.0,18.96,90.5,90.5,90.5,22.905000000000005,22.905000000000005,22.905,71.77,71.77,90.5,90.5,22.905000000000005,22.905,90.5
2016,4,5,22.905000000000005,71.77,17.075,9.135000000000002,0.0,18.96,90.5,90.5,90.5,22.905000000000005,22.905000000000005,22.905000000000005,71.77,71.77,90.5,90.5,22.905000000000005,22.905,90.5
2016,4,5,22.905000000000005,71.77,17.075,9.135000000000002,0.0,18.96,90.5,90.5,90.5,22.905000000000005,22.905000000000005,22.905000000000005,71.77,71.77,90.5,90.5,22.905000000000005,22.905000000000005,90.5
2016,4,5,22.905000000000005,71.77,17.075,9.135000000000002,0.0,18.96,90.5,90.5,90.5,22.905000000000005,22.905000000000005,22.905000000000005,71.77,71.77,90.5,90.5,22.905000000000005,22.905000000000005,90.5
2016,4,5,22.905000000000005,71.77,17.075,9.135000000000002,0.0,18.96,90.5,90.5,90.5,22.905000000000005,22.905000000000005,22.905000000000005,71.77,71.77,90.5,90.5,22.905000000000005,22.905000000000005,90.5
2016,4,5,22.905000000000005,71.77,17.075,9.135000000000002,0.0,18.96,90.5,90.5,90.5,22.905000000000005,22.905000000000005,22.905000000000005,71.77,71.77,90.5,90.5,22.905000000000005,22.905000000000005,90.5
2016,4,5,22.905000000000005,71.77,17.075,9.135000000000002,0.0,18.96,90.5,90.5,90.5,22.905000000000005,22.905000000000005,22.905000000000005,71.77,71.77,90.5,90.5,22.905000000000005,22.905000000000005,90.5
2016,5,5,22.905,71.77,17.075,9.135000000000002,0.0,18.96,90.5,90.5,90.5,22.905000000000005,22.905000000000005,22.905000000000005,71.77,71.77,90.5,90.5,22.905000000000005,22.905000000000005,90.5
2016,5,5,22.905,71.77,17.075,9.135000000000002,0.0,18.96,90.5,90.5,90.5,22.905,22.905000000000005,22.905000000000005,71.77,71.77,90.5,90.5,22.905,22.905000000000005,90.5
2016,5,5,22.905,71.77,17.075,9.135000000000002,0.0,18.96,90.5,90.5,90.5,22.905,22.905,22.905000000000005,71.77,71.77,90.5,90.5,22.905,22.905000000000005,90.5
2016,5,5,22.905,71.77,17.075,9.135000000000002,0.0,18.96,90.5,90.5,90.5,22.905,22.905,22.905,71.77,71.77,90.5,90.5,22.905,22.905,90.5
2016,5,5,22.905,71.77,17.075,9.135000000000002,0.0,18.96,90.5,90.5,90.5,22.905,22.905,22.905,71.77,71.77,90.5,90.5,22.905,22.905,90.5
2016,5,5,22.905,71.77,17.075,9.135000000000002,0.0,18.96,90.5,90.5,90.5,22.905,22.905,22.905,71.77,71.77,90.5,90.5,22.905,22.905,90.5
2016,5,5,22.905,71.77,17.075,9.135000000000002,0.0,18.96,90.5,90.5,90.5,22.905,22.905,22.905,71.77,71.77,90.5,90.5,22.905,22.905,90.5
2016,5,5,22.905,71.77,17.075,9.135000000000002,0.0,18.96,90.5,90.5,90.5,22.905,22.905,22.905,71.77,71.77,90.5,90.5,22.905,22.905,90.5
2016,5,5,22.905,71.77,17.075,9.135000000000002,0.0,18.96,90.5,90.5,90.5,22.905,22.905,22.905,71.77,71.77,90.5,90.5,22.905,22.905,90.5
2016,6,5,22.905,71.77,17.075,9.135000000000002,0.0195652173913043,18.96,90.5,90.5,90.5,22.905,22.905,22.905,71.77,71.77,90.5,90.5,22.905,22.905,90.5
2016,6,5,22.905,71.77,17.075,9.135000000000002,0.0195652173913043,18.96,90.5,90.5,90.5,22.905,22.905,22.905,71.77,71.77,90.5,90.5,22.905,22.905,90.5
2016,6,5,22.905,71.77,17.075,9.135000000000002,0.0195652173913043,18.96,90.5,90.5,90.5,22.905,22.905,22.905,71.77,71.77,90.5,90.5,22.905,22.905,90.5
2016,6,5,22.905,71.77,17.075,9.135000000000002,0.0195652173913043,18.96,90.5,90.5,90.5,22.905,22.905,22.905,71.77,71.77,90.5,90.5,22.905,22.905,90.5
2016,6,5,22.905,71.77,17.075,9.135000000000002,0.0195652173913043,18.96,90.5,90.5,90.5,22.905,22.905,22.905,71.77,71.77,90.5,90.5,22.905,22.905,90.5
2016,6,5,22.905,71.77,17.075,9.135000000000002,0.0195652173913043,18.96,90.5,90.5,90.5,22.905,22.905,22.905,71.77,71.77,90.5,90.5,22.905,22.905,90.5
2016,6,5,22.905,71.77,17.075,9.135000000000002,0.0195652173913043,18.96,90.5,90.5,90.5,22.905,22.905,22.905,71.77,71.77,90.5,90.5,22.905,22.905,90.5
2016,6,5,22.905,71.77,17.075,9.135000000000002,0.0195652173913043,18.96,90.5,90.5,90.5,22.905,22.905,22.905,71.77,71.77,90.5,90.5,22.905,22.905,90.5
2016,6,5,22.905,71.77,17.075,9.135000000000002,0.0195652173913043,18.96,90.5,90.5,90.5,22.905,22.905,22.905,71.77,71.77,90.5,90.5,22.905,22.905,90.5
2016,7,5,22.905,71.77,17.075,9.135000000000002,0.014516129032258,18.96,90.5,90.5,90.5,22.905,22.905,22.905,71.77,71.77,90.5,90.5,22.905,22.905,90.5
2016,7,5,22.905,71.77,17.075,9.135000000000002,0.014516129032258,18.96,90.5,90.5,90.5,22.905,22.905,22.905,71.77,71.77,90.5,90.5,22.905,22.905,90.5
2016,7,5,22.905,71.77,17.075,9.135000000000002,0.014516129032258,18.96,90.5,90.5,90.5,22.905,22.905,22.905,71.77,71.77,90.5,90.5,22.905,22.905,90.5
2016,7,5,22.905,71.77,17.075,9.135000000000002,0.014516129032258,18.96,90.5,90.5,90.5,22.905,22.905,22.905,71.77,71.77,90.5,90.5,22.905,22.905,90.5
2016,7,5,22.905,71.77,17.075,9.135000000000002,0.014516129032258,18.96,90.5,90.5,90.5,22.905,22.905,22.905,71.77,71.77,90.5,90.5,22.905,22.905,90.5
2016,7,5,22.905,71.77,17.075,9.135000000000002,0.014516129032258,18.96,90.5,90.5,90.5,22.905,22.905,22.905,71.77,71.77,90.5,90.5,22.905,22.905,90.5
2016,7,5,22.905,71.77,17.075,9.135000000000002,0.014516129032258,18.96,90.5,90.5,90.5,22.905,22.905,22.905,71.77,71.77,90.5,90.5,22.905,22.905,90.5
2016,7,5,22.905,71.77,17.075,9.135000000000002,0.014516129032258,18.96,90.5,90.5,90.5,22.905,22.905,22.905,71.77,71.77,90.5,90.5,22.905,22.905,90.5
2016,7,5,22.905,71.77,17.075,9.135000000000002,0.014516129032258,18.96,90.5,90.5,90.5,22.905,22.905,22.905,71.77,71.77,90.5,90.5,22.905,22.905,90.5
2016,8,5,22.905,71.77,17.075,9.135000000000002,0.0,18.96,90.5,90.5,90.5,22.905,22.905,22.905,71.77,71.77,90.5,90.5,22.905,22.905,90.5
2016,8,5,22.905,71.77,17.075,9.135000000000002,0.0,18.96,90.5,90.5,90.5,22.905,22.905,22.905,71.77,71.77,90.5,90.5,22.905,22.905,90.5
2016,8,5,22.905,71.77,17.075,9.135000000000002,0.0,18.96,90.5,90.5,90.5,22.905,22.905,22.905,71.77,71.77,90.5,90.5,22.905,22.905,90.5
2016,8,5,22.905,71.77,17.075,9.135000000000002,0.0,18.96,90.5,90.5,90.5,22.905,22.905,22.905,71.77,71.77,90.5,90.5,22.905,22.905,90.5
2016,8,5,22.905,71.77,17.075,9.135000000000002,0.0,18.96,90.5,90.5,90.5,22.905,22.905,22.905,71.77,71.77,90.5,90.5,22.905,22.905,90.5
2016,8,5,22.905,71.77,17.075,9.135000000000002,0.0,18.96,90.5,90.5,90.5,22.905,22.905,22.905,71.77,71.77,90.5,90.5,22.905,22.905,90.5
2016,8,5,22.905,71.77,17.075,9.135000000000002,0.0,18.96,90.5,90.5,90.5,22.905,22.905,22.905,71.77,71.77,90.5,90.5,22.905,22.905,90.5
2016,8,5,22.905,71.77,17.075,9.135000000000002,0.0,18.96,90.5,90.5,90.5,22.905,22.905,22.905,71.77,71.77,90.5,90.5,22.905,22.905,90.5
2016,8,5,22.905,71.77,17.075,9.135000000000002,0.0,18.96,90.5,90.5,90.5,22.905,22.905,22.905,71.77,71.77,90.5,90.5,22.905,22.905,90.5
2017,11,5,22.905,71.77,17.075,9.135000000000002,0.0,18.96,90.5,90.5,90.5,22.905,22.905,22.905,71.77,71.77,90.5,90.5,22.905,22.905,90.5
2017,11,5,22.905,71.77,17.075,9.135000000000002,0.0,18.96,90.5,90.5,90.5,22.905,22.905,22.905,71.77,71.77,90.5,90.5,22.905,22.905,90.5
2017,11,5,22.905,71.77,17.075,9.135000000000002,0.0,18.96,90.5,90.5,90.5,22.905,22.905,22.905,71.77,71.77,90.5,90.5,22.905,22.905,90.5
2017,11,5,22.905,71.77,17.075,9.135000000000002,0.0,18.96,90.5,90.5,90.5,22.905,22.905,22.905,71.77,71.77,90.5,90.5,22.905,22.905,90.5
2017,11,5,22.905,71.77,17.075,9.135000000000002,0.0,18.96,90.5,90.5,90.5,22.905,22.905,22.905,71.77,71.77,90.5,90.5,22.905,22.905,90.5
2017,11,5,22.905,71.77,17.075,9.135000000000002,0.0,18.96,90.5,90.5,90.5,22.905,22.905,22.905,71.77,71.77,90.5,90.5,22.905,22.905,90.5
2017,11,5,22.905,71.77,17.075,9.135000000000002,0.0,18.96,90.5,90.5,90.5,22.905,22.905,22.905,71.77,71.77,90.5,90.5,22.905,22.905,90.5
2017,11,5,22.905,71.77,17.075,9.135000000000002,0.0,18.96,90.5,90.5,90.5,22.905,22.905,22.905,71.77,71.77,90.5,90.5,22.905,22.905,90.5
2017,11,5,22.905,71.77,17.075,9.135000000000002,0.0,18.96,90.5,90.5,90.5,22.905,22.905,22.905,71.77,71.77,90.5,90.5,22.905,22.905,90.5
2017,12,5,22.905,71.77,17.075,14.915967741935486,0.0,18.90451612903226,90.5,90.5,90.5,22.905,22.905,22.905,71.77,71.77,90.5,90.5,22.905,22.905,90.5
2017,12,5,22.905,71.77,17.075,14.915967741935486,0.0,18.90451612903226,90.5,90.5,90.5,22.905,22.905,22.905,71.77,71.77,90.5,90.5,22.905,22.905,90.5
2017,12,5,22.905,71.77,17.075,14.915967741935486,0.0,18.90451612903226,90.5,90.5,90.5,22.905,22.905,22.905,71.77,71.77,90.5,90.5,22.905,22.905,90.5
2017,12,5,22.905,71.77,17.075,14.915967741935486,0.0,18.90451612903226,90.5,90.5,90.5,22.905,22.905,22.905,71.77,71.77,90.5,90.5,22.905,22.905,90.5
2017,12,5,22.905,71.77,17.075,14.915967741935486,0.0,18.90451612903226,90.5,90.5,90.5,22.905,22.905,22.905,71.77,71.77,90.5,90.5,22.905,22.905,90.5
2017,12,5,22.905,71.77,17.075,14.915967741935486,0.0,18.90451612903226,90.5,90.5,90.5,22.905,22.905,22.905,71.77,71.77,90.5,90.5,22.905,22.905,90.5
2017,12,5,22.905,71.77,17.075,14.915967741935486,0.0,18.90451612903226,90.5,90.5,90.5,22.905,22.905,22.905,71.77,71.77,90.5,90.5,22.905,22.905,90.5
2017,12,5,22.905,71.77,17.075,14.915967741935486,0.0,18.90451612903226,90.5,90.5,90.5,22.905,22.905,22.905,71.77,71.77,90.5,90.5,22.905,22.905,90.5
2017,12,5,22.905,71.77,17.075,14.915967741935486,0.0,18.90451612903226,90.5,90.5,90.5,22.905,22.905,22.905,71.77,71.77,90.5,90.5,22.905,22.905,90.5
2018,1,5,22.905,71.77,17.075,9.135000000000002,1.91875,18.96,90.5,90.5,90.5,22.905,22.905,22.905,71.77,71.77,90.5,90.5,22.905,22.905,90.5
2018,1,5,22.905,71.77,17.075,9.135000000000002,1.91875,18.96,90.5,90.5,90.5,22.905,22.905,22.905,71.77,71.77,90.5,90.5,22.905,22.905,90.5
2018,1,5,22.905,71.77,17.075,9.135000000000002,1.91875,18.96,90.5,90.5,90.5,22.905,22.905,22.905,71.77,71.77,90.5,90.5,22.905,22.905,90.5
2018,1,5,22.905,71.77,17.075,9.135000000000002,1.91875,18.96,90.5,90.5,90.5,22.905,22.905,22.905,71.77,71.77,90.5,90.5,22.905,22.905,90.5
2018,1,5,22.905,71.77,17.075,9.135000000000002,1.91875,18.96,90.5,90.5,90.5,22.905,22.905,22.905,71.77,71.77,90.5,90.5,22.905,22.905,90.5
2018,1,5,22.905,71.77,17.075,9.135000000000002,1.91875,18.96,90.5,90.5,90.5,22.905,22.905,22.905,71.77,71.77,90.5,90.5,22.905,22.905,90.5
2018,1,5,22.905,71.77,17.075,9.135000000000002,1.91875,18.96,90.5,90.5,90.5,22.905,22.905,22.905,71.77,71.77,90.5,90.5,22.905,22.905,90.5
2018,1,5,22.905,71.77,17.075,9.135000000000002,1.91875,18.96,90.5,90.5,90.5,22.905,22.905,22.905,71.77,71.77,90.5,90.5,22.905,22.905,90.5
2018,1,5,22.905,71.77,17.075,9.135000000000002,1.91875,18.96,90.5,90.5,90.5,22.905,22.905,22.905,71.77,71.77,90.5,90.5,22.905,22.905,90.5
2018,2,5,22.905,71.77,16.784464285714286,11.252678571428572,1.399642857142857,23.527142857142856,90.5,90.5,90.5,22.905,22.905,22.905,71.77,71.77,90.5,90.5,22.905,22.905,90.5
2018,2,5,22.905,71.77,16.784464285714286,11.252678571428572,1.399642857142857,23.527142857142856,90.5,90.5,90.5,22.905,22.905,22.905,71.77,71.77,90.5,90.5,22.905,22.905,90.5
2018,2,5,22.905,71.77,16.784464285714286,11.252678571428572,1.399642857142857,23.527142857142856,90.5,90.5,90.5,22.905,22.905,22.905,71.77,71.77,90.5,90.5,22.905,22.905,90.5
2018,2,5,22.905,71.77,16.784464285714286,11.252678571428572,1.399642857142857,23.527142857142856,90.5,90.5,90.5,22.905,22.905,22.905,71.77,71.77,90.5,90.5,22.905,22.905,90.5
2018,2,5,22.905,71.77,16.784464285714286,11.252678571428572,1.399642857142857,23.527142857142856,90.5,90.5,90.5,22.905,22.905,22.905,71.77,71.77,90.5,90.5,22.905,22.905,90.5
2018,2,5,22.905,71.77,16.784464285714286,11.252678571428572,1.399642857142857,23.527142857142856,90.5,90.5,90.5,22.905,22.905,22.905,71.77,71.77,90.5,90.5,22.905,22.905,90.5
2018,2,5,22.905,71.77,16.784464285714286,11.252678571428572,1.399642857142857,23.527142857142856,90.5,90.5,90.5,22.905,22.905,22.905,71.77,71.77,90.5,90.5,22.905,22.905,90.5
2018,2,5,22.905,71.77,16.784464285714286,11.252678571428572,1.399642857142857,23.527142857142856,90.5,90.5,90.5,22.905,22.905,22.905,71.77,71.77,90.5,90.5,22.905,22.905,90.5
2018,2,5,22.905,71.77,16.784464285714286,11.252678571428572,1.399642857142857,23.527142857142856,90.5,90.5,90.5,22.905,22.905,22.905,71.77,71.77,90.5,90.5,22.905,22.905,90.5
2018,3,5,22.905,71.77,17.075,14.14258064516129,1.5706451612903225,22.536129032258064,90.5,90.5,90.5,22.905,22.905,22.905,71.77,71.77,90.5,90.5,22.905,22.905,90.5
2018,3,5,22.905,71.77,17.075,14.14258064516129,1.5706451612903225,22.536129032258064,90.5,90.5,90.5,22.905,22.905,22.905,71.77,71.77,90.5,90.5,22.905,22.905,90.5
2018,3,5,22.905,71.77,17.075,14.14258064516129,1.5706451612903225,22.536129032258064,90.5,90.5,90.5,22.905,22.905,22.905,71.77,71.77,90.5,90.5,22.905,22.905,90.5
2018,3,5,22.905,71.77,17.075,14.14258064516129,1.5706451612903225,22.536129032258064,90.5,90.5,90.5,22.905,22.905,22.905,71.77,71.77,90.5,90.5,22.905,22.905,90.5
2018,3,5,22.905,71.77,17.075,14.14258064516129,1.5706451612903225,22.536129032258064,90.5,90.5,90.5,22.905,22.905,22.905,71.77,71.77,90.5,90.5,22.905,22.905,90.5
2018,3,5,22.905,71.77,17.075,14.14258064516129,1.5706451612903225,22.536129032258064,90.5,90.5,90.5,22.905,22.905,22.905,71.77,71.77,90.5,90.5,22.905,22.905,90.5
2018,3,5,22.905,71.77,17.075,14.14258064516129,1.5706451612903225,22.536129032258064,90.5,90.5,90.5,22.905,22.905,22.905,71.77,71.77,90.5,90.5,22.905,22.905,90.5
2018,3,5,22.905,71.77,17.075,14.14258064516129,1.5706451612903225,22.536129032258064,90.5,90.5,90.5,22.905,22.905,22.905,71.77,71.77,90.5,90.5,22.905,22.905,90.5
2018,3,5,22.905,71.77,17.075,14.14258064516129,1.5706451612903225,22.536129032258064,90.5,90.5,90.5,22.905,22.905,22.905,71.77,71.77,90.5,90.5,22.905,22.905,90.5
2018,4,5,23.017826086956525,71.19434782608695,17.20565217391304,10.168478260869566,1.3991304347826088,24.094782608695656,90.5,90.5,90.5,22.905,22.905,22.905,71.77,71.77,90.5,90.5,22.94260869565218,22.92380434782609,90.5
2018,4,5,23.017826086956525,71.19434782608695,17.20565217391304,10.168478260869566,1.3991304347826088,24.094782608695656,90.5,90.5,90.5,23.017826086956525,22.905,22.905,71.19434782608695,71.77,90.5,90.5,22.98021739130435,22.94260869565218,90.5
2018,4,5,23.017826086956525,71.19434782608695,17.20565217391304,10.168478260869566,1.3991304347826088,24.094782608695656,90.5,90.5,90.5,23.017826086956525,23.017826086956525,22.905,71.19434782608695,71.19434782608695,90.5,90.5,23.017826086956525,22.961413043478263,90.5
2018,4,5,23.017826086956525,71.19434782608695,17.20565217391304,10.168478260869566,1.3991304347826088,24.094782608695656,90.5,90.5,90.5,23.017826086956525,23.017826086956525,23.017826086956525,71.19434782608695,71.19434782608695,90.5,90.5,23.017826086956525,22.98021739130435,90.5
2018,4,5,23.017826086956525,71.19434782608695,17.20565217391304,10.168478260869566,1.3991304347826088,24.094782608695656,90.5,90.5,90.5,23.017826086956525,23.017826086956525,23.017826086956525,71.19434782608695,71.19434782608695,90.5,90.5,23.017826086956525,22.999021739130438,90.5
2018,4,5,23.017826086956525,71.19434782608695,17.20565217391304,10.168478260869566,1.3991304347826088,24.094782608695656,90.5,90.5,90.5,23.017826086956525,23.017826086956525,23.017826086956525,71.19434782608695,71.19434782608695,90.5,90.5,23.017826086956525,23.017826086956525,90.5
2018,4,5,23.017826086956525,71.19434782608695,17.20565217391304,10.168478260869566,1.3991304347826088,24.094782608695656,90.5,90.5,90.5,23.017826086956525,23.017826086956525,23.017826086956525,71.19434782608695,71.19434782608695,90.5,90.5,23.017826086956525,23.017826086956525,90.5
2018,4,5,23.017826086956525,71.19434782608695,17.20565217391304,10.168478260869566,1.3991304347826088,24.094782608695656,90.5,90.5,90.5,23.017826086956525,23.017826086956525,23.017826086956525,71.19434782608695,71.19434782608695,90.5,90.5,23.017826086956525,23.017826086956525,90.5
2018,4,5,23.017826086956525,71.19434782608695,17.20565217391304,10.168478260869566,1.3991304347826088,24.094782608695656,90.5,90.5,90.5,23.017826086956525,23.017826086956525,23.017826086956525,71.19434782608695,71.19434782608695,90.5,90.5,23.017826086956525,23.017826086956525,90.5
2018,5,5,20.673076923076923,69.31230769230768,20.957692307692305,21.94730769230769,1.246923076923077,49.26461538461539,90.5,90.5,90.5,23.017826086956525,23.017826086956525,23.017826086956525,71.19434782608695,71.19434782608695,87.10897435897436,88.80448717948718,22.23624303232999,22.62703455964326,80.32692307692308
2018,5,5,20.673076923076923,69.31230769230768,20.957692307692305,21.94730769230769,1.246923076923077,49.26461538461539,80.32692307692308,90.5,90.5,20.673076923076923,23.017826086956525,23.017826086956525,69.31230769230768,71.19434782608695,83.71794871794872,87.10897435897436,21.454659977703457,22.23624303232999,80.32692307692308
2018,5,5,20.673076923076923,69.31230769230768,20.957692307692305,21.94730769230769,1.246923076923077,49.26461538461539,80.32692307692308,80.32692307692308,90.5,20.673076923076923,20.673076923076923,23.017826086956525,69.31230769230768,69.31230769230768,80.32692307692308,85.41346153846155,20.673076923076923,21.845451505016726,80.32692307692308
2018,5,5,20.673076923076923,69.31230769230768,20.957692307692305,21.94730769230769,1.246923076923077,49.26461538461539,80.32692307692308,80.32692307692308,80.32692307692308,20.673076923076923,20.673076923076923,20.673076923076923,69.31230769230768,69.31230769230768,80.32692307692308,83.71794871794872,20.673076923076923,21.454659977703457,80.32692307692308
2018,5,5,20.673076923076923,69.31230769230768,20.957692307692305,21.94730769230769,1.246923076923077,49.26461538461539,80.32692307692308,80.32692307692308,80.32692307692308,20.673076923076923,20.673076923076923,20.673076923076923,69.31230769230768,69.31230769230768,80.32692307692308,82.0224358974359,20.673076923076923,21.063868450390192,80.32692307692308
2018,5,5,20.673076923076923,69.31230769230768,20.957692307692305,21.94730769230769,1.246923076923077,49.26461538461539,80.32692307692308,80.32692307692308,80.32692307692308,20.673076923076923,20.673076923076923,20.673076923076923,69.31230769230768,69.31230769230768,80.32692307692308,80.32692307692308,20.673076923076923,20.673076923076923,80.32692307692308
2018,5,5,20.673076923076923,69.31230769230768,20.957692307692305,21.94730769230769,1.246923076923077,49.26461538461539,80.32692307692308,80.32692307692308,80.32692307692308,20.673076923076923,20.673076923076923,20.673076923076923,69.31230769230768,69.31230769230768,80.32692307692308,80.32692307692308,20.673076923076923,20.673076923076923,80.32692307692308
2018,5,5,20.673076923076923,69.31230769230768,20.957692307692305,21.94730769230769,1.246923076923077,49.26461538461539,80.32692307692308,80.32692307692308,80.32692307692308,20.673076923076923,20.673076923076923,20.673076923076923,69.31230769230768,69.31230769230768,80.32692307692308,80.32692307692308,20.673076923076923,20.673076923076923,80.32692307692308
2018,5,5,20.673076923076923,69.31230769230768,20.957692307692305,21.94730769230769,1.246923076923077,49.26461538461539,80.32692307692308,80.32692307692308,80.32692307692308,20.673076923076923,20.673076923076923,20.673076923076923,69.31230769230768,69.31230769230768,80.32692307692308,80.32692307692308,20.673076923076923,20.673076923076923,80.32692307692308
2018,6,5,18.88566666666667,67.50766666666667,17.538166666666665,22.73033333333333,1.3113333333333332,38.90133333333333,80.32692307692308,80.32692307692308,80.32692307692308,20.673076923076923,20.673076923076923,20.673076923076923,69.31230769230768,69.31230769230768,81.0457264957265,80.68632478632479,20.077273504273506,20.375175213675213,82.48333333333333
2018,6,5,18.88566666666667,67.50766666666667,17.538166666666665,22.73033333333333,1.3113333333333332,38.90133333333333,82.48333333333333,80.32692307692308,80.32692307692308,18.88566666666667,20.673076923076923,20.673076923076923,67.50766666666667,69.31230769230768,81.76452991452992,81.0457264957265,19.48147008547009,20.077273504273506,82.48333333333333
2018,6,5,18.88566666666667,67.50766666666667,17.538166666666665,22.73033333333333,1.3113333333333332,38.90133333333333,82.48333333333333,82.48333333333333,80.32692307692308,18.88566666666667,18.88566666666667,20.673076923076923,67.50766666666667,67.50766666666667,82.48333333333333,81.40512820512821,18.88566666666667,19.779371794871796,82.48333333333333
2018,6,5,18.88566666666667,67.50766666666667,17.538166666666665,22.73033333333333,1.3113333333333332,38.90133333333333,82.48333333333333,82.48333333333333,82.48333333333333,18.88566666666667,18.88566666666667,18.88566666666667,67.50766666666667,67.50766666666667,82.48333333333333,81.76452991452992,18.88566666666667,19.481470085470086,82.48333333333333
2018,6,5,18.88566666666667,67.50766666666667,17.538166666666665,22.73033333333333,1.3113333333333332,38.90133333333333,82.48333333333333,82.48333333333333,82.48333333333333,18.88566666666667,18.88566666666667,18.88566666666667,67.50766666666667,67.50766666666667,82.48333333333333,82.12393162393163,18.88566666666667,19.183568376068376,82.48333333333333
2018,6,5,18.88566666666667,67.50766666666667,17.538166666666665,22.73033333333333,1.3113333333333332,38.90133333333333,82.48333333333333,82.48333333333333,82.48333333333333,18.88566666666667,18.88566666666667,18.88566666666667,67.50766666666667,67.50766666666667,82.48333333333333,82.48333333333333,18.88566666666667,18.88566666666667,82.48333333333333
2018,6,5,18.88566666666667,67.50766666666667,17.538166666666665,22.73033333333333,1.3113333333333332,38.90133333333333,82.48333333333333,82.48333333333333,82.48333333333333,18.88566666666667,18.88566666666667,18.88566666666667,67.50766666666667,67.50766666666667,82.48333333333333,82.48333333333333,18.88566666666667,18.88566666666667,82.48333333333333
2018,6,5,18.88566666666667,67.50766666666667,17.538166666666665,22.73033333333333,1.3113333333333332,38.90133333333333,82.48333333333333,82.48333333333333,82.48333333333333,18.88566666666667,18.88566666666667,18.88566666666667,67.50766666666667,67.50766666666667,82.48333333333333,82.48333333333333,18.88566666666667,18.88566666666667,82.48333333333333
2018,6,5,18.88566666666667,67.50766666666667,17.538166666666665,22.73033333333333,1.3113333333333332,38.90133333333333,82.48333333333333,82.48333333333333,82.48333333333333,18.88566666666667,18.88566666666667,18.88566666666667,67.50766666666667,67.50766666666667,82.48333333333333,82.48333333333333,18.88566666666667,18.88566666666667,82.48333333333333
2018,7,5,16.58435483870968,62.96064516129032,17.635806451612904,12.966612903225805,1.2067741935483869,25.47741935483871,82.48333333333333,82.48333333333333,82.48333333333333,18.88566666666667,18.88566666666667,18.88566666666667,67.50766666666667,67.50766666666667,78.50501792114694,80.49417562724014,18.11856272401434,18.502114695340506,70.54838709677419
2018,7,5,16.58435483870968,62.96064516129032,17.635806451612904,12.966612903225805,1.2067741935483869,25.47741935483871,70.54838709677419,82.48333333333333,82.48333333333333,16.58435483870968,18.88566666666667,18.88566666666667,62.96064516129032,67.50766666666667,74.52670250896057,78.50501792114696,17.35145878136201,18.11856272401434,70.54838709677419
2018,7,5,16.58435483870968,62.96064516129032,17.635806451612904,12.966612903225805,1.2067741935483869,25.47741935483871,70.54838709677419,70.54838709677419,82.48333333333333,16.58435483870968,16.58435483870968,18.88566666666667,62.96064516129032,62.96064516129032,70.54838709677419,76.51586021505376,16.58435483870968,17.735010752688172,70.54838709677419
2018,7,5,16.58435483870968,62.96064516129032,17.635806451612904,12.966612903225805,1.2067741935483869,25.47741935483871,70.54838709677419,70.54838709677419,70.54838709677419,16.58435483870968,16.58435483870968,16.58435483870968,62.96064516129032,62.96064516129032,70.54838709677419,74.52670250896057,16.58435483870968,17.35145878136201,70.54838709677419
2018,7,5,16.58435483870968,62.96064516129032,17.635806451612904,12.966612903225805,1.2067741935483869,25.47741935483871,70.54838709677419,70.54838709677419,70.54838709677419,16.58435483870968,16.58435483870968,16.58435483870968,62.96064516129032,62.96064516129032,70.54838709677419,72.53754480286737,16.58435483870968,16.967906810035846,70.54838709677419
2018,7,5,16.58435483870968,62.96064516129032,17.635806451612904,12.966612903225805,1.2067741935483869,25.47741935483871,70.54838709677419,70.54838709677419,70.54838709677419,16.58435483870968,16.58435483870968,16.58435483870968,62.96064516129032,62.96064516129032,70.54838709677419,70.54838709677419,16.58435483870968,16.58435483870968,70.54838709677419
2018,7,5,16.58435483870968,62.96064516129032,17.635806451612904,12.966612903225805,1.2067741935483869,25.47741935483871,70.54838709677419,70.54838709677419,70.54838709677419,16.58435483870968,16.58435483870968,16.58435483870968,62.96064516129032,62.96064516129032,70.54838709677419,70.54838709677419,16.58435483870968,16.58435483870968,70.54838709677419
2018,7,5,16.58435483870968,62.96064516129032,17.635806451612904,12.966612903225805,1.2067741935483869,25.47741935483871,70.54838709677419,70.54838709677419,70.54838709677419,16.58435483870968,16.58435483870968,16.58435483870968,62.96064516129032,62.96064516129032,70.54838709677419,70.54838709677419,16.58435483870968,16.58435483870968,70.54838709677419
2018,7,5,16.58435483870968,62.96064516129032,17.635806451612904,12.966612903225805,1.2067741935483869,25.47741935483871,70.54838709677419,70.54838709677419,70.54838709677419,16.58435483870968,16.58435483870968,16.58435483870968,62.96064516129032,62.96064516129032,70.54838709677419,70.54838709677419,16.58435483870968,16.58435483870968,70.54838709677419
2018,8,5,21.90032258064516,60.69516129032258,24.65419354838709,12.705806451612904,1.1774193548387095,39.48451612903226,70.54838709677419,70.54838709677419,70.54838709677419,16.58435483870968,16.58435483870968,16.58435483870968,62.96064516129032,62.96064516129032,71.96774193548386,71.25806451612904,18.356344086021505,17.470349462365593,74.80645161290323
2018,8,5,21.90032258064516,60.69516129032258,24.65419354838709,12.705806451612904,1.1774193548387095,39.48451612903226,74.80645161290323,70.54838709677419,70.54838709677419,21.90032258064516,16.58435483870968,16.58435483870968,60.69516129032258,62.96064516129032,73.38709677419355,71.96774193548387,20.128333333333334,18.356344086021505,74.80645161290323
2018,8,5,21.90032258064516,60.69516129032258,24.65419354838709,12.705806451612904,1.1774193548387095,39.48451612903226,74.80645161290323,74.80645161290323,70.54838709677419,21.90032258064516,21.90032258064516,16.58435483870968,60.69516129032258,60.69516129032258,74.80645161290323,72.6774193548387,21.90032258064516,19.24233870967742,74.80645161290323
2018,8,5,21.90032258064516,60.69516129032258,24.65419354838709,12.705806451612904,1.1774193548387095,39.48451612903226,74.80645161290323,74.80645161290323,74.80645161290323,21.90032258064516,21.90032258064516,21.90032258064516,60.69516129032258,60.69516129032258,74.80645161290323,73.38709677419355,21.90032258064516,20.128333333333334,74.80645161290323
2018,8,5,21.90032258064516,60.69516129032258,24.65419354838709,12.705806451612904,1.1774193548387095,39.48451612903226,74.80645161290323,74.80645161290323,74.80645161290323,21.90032258064516,21.90032258064516,21.90032258064516,60.69516129032258,60.69516129032258,74.80645161290323,74.09677419354838,21.90032258064516,21.014327956989245,74.80645161290323
2018,8,5,21.90032258064516,60.69516129032258,24.65419354838709,12.705806451612904,1.1774193548387095,39.48451612903226,74.80645161290323,74.80645161290323,74.80645161290323,21.90032258064516,21.90032258064516,21.90032258064516,60.69516129032258,60.69516129032258,74.80645161290323,74.80645161290323,21.90032258064516,21.90032258064516,74.80645161290323
2018,8,5,21.90032258064516,60.69516129032258,24.65419354838709,12.705806451612904,1.1774193548387095,39.48451612903226,74.80645161290323,74.80645161290323,74.80645161290323,21.90032258064516,21.90032258064516,21.90032258064516,60.69516129032258,60.69516129032258,74.80645161290323,74.80645161290323,21.90032258064516,21.90032258064516,74.80645161290323
2018,8,5,21.90032258064516,60.69516129032258,24.65419354838709,12.705806451612904,1.1774193548387095,39.48451612903226,74.80645161290323,74.80645161290323,74.80645161290323,21.90032258064516,21.90032258064516,21.90032258064516,60.69516129032258,60.69516129032258,74.80645161290323,74.80645161290323,21.90032258064516,21.90032258064516,74.80645161290323
2018,8,5,21.90032258064516,60.69516129032258,24.65419354838709,12.705806451612904,1.1774193548387095,39.48451612903226,74.80645161290323,74.80645161290323,74.80645161290323,21.90032258064516,21.90032258064516,21.90032258064516,60.69516129032258,60.69516129032258,74.80645161290323,74.80645161290323,21.90032258064516,21.90032258064516,74.80645161290323
2018,9,5,28.953333333333333,72.85266666666666,26.331,14.895666666666669,1.4973333333333334,39.23,74.80645161290323,74.80645161290323,74.80645161290323,21.90032258064516,21.90032258064516,21.90032258064516,60.69516129032258,60.69516129032258,78.94874551971326,76.87759856630825,24.251326164874552,23.075824372759854,87.23333333333333
2018,9,5,28.953333333333333,72.85266666666666,26.331,14.895666666666669,1.4973333333333334,39.23,87.23333333333333,74.80645161290323,74.80645161290323,28.953333333333333,21.90032258064516,21.90032258064516,72.85266666666666,60.69516129032258,83.09103942652331,78.94874551971327,26.60232974910394,24.251326164874552,87.23333333333333
2018,9,5,28.953333333333333,72.85266666666666,26.331,14.895666666666669,1.4973333333333334,39.23,87.23333333333333,87.23333333333333,74.80645161290323,28.953333333333333,28.953333333333333,21.90032258064516,72.85266666666666,72.85266666666666,87.23333333333333,81.01989247311828,28.953333333333333,25.426827956989246,87.23333333333333
2018,9,5,28.953333333333333,72.85266666666666,26.331,14.895666666666669,1.4973333333333334,39.23,87.23333333333333,87.23333333333333,87.23333333333333,28.953333333333333,28.953333333333333,28.953333333333333,72.85266666666666,72.85266666666666,87.23333333333333,83.0910394265233,28.953333333333333,26.60232974910394,87.23333333333333
2018,9,5,28.953333333333333,72.85266666666666,26.331,14.895666666666669,1.4973333333333334,39.23,87.23333333333333,87.23333333333333,87.23333333333333,28.953333333333333,28.953333333333333,28.953333333333333,72.85266666666666,72.85266666666666,87.23333333333333,85.16218637992831,28.953333333333333,27.777831541218642,87.23333333333333
2018,9,5,28.953333333333333,72.85266666666666,26.331,14.895666666666669,1.4973333333333334,39.23,87.23333333333333,87.23333333333333,87.23333333333333,28.953333333333333,28.953333333333333,28.953333333333333,72.85266666666666,72.85266666666666,87.23333333333333,87.23333333333333,28.953333333333333,28.953333333333333,87.23333333333333
2018,9,5,28.953333333333333,72.85266666666666,26.331,14.895666666666669,1.4973333333333334,39.23,87.23333333333333,87.23333333333333,87.23333333333333,28.953333333333333,28.953333333333333,28.953333333333333,72.85266666666666,72.85266666666666,87.23333333333333,87.23333333333333,28.953333333333333,28.953333333333333,87.23333333333333
2018,9,5,28.953333333333333,72.85266666666666,26.331,14.895666666666669,1.4973333333333334,39.23,87.23333333333333,87.23333333333333,87.23333333333333,28.953333333333333,28.953333333333333,28.953333333333333,72.85266666666666,72.85266666666666,87.23333333333333,87.23333333333333,28.953333333333333,28.953333333333333,87.23333333333333
2018,9,5,28.953333333333333,72.85266666666666,26.331,14.895666666666669,1.4973333333333334,39.23,87.23333333333333,87.23333333333333,87.23333333333333,28.953333333333333,28.953333333333333,28.953333333333333,72.85266666666666,72.85266666666666,87.23333333333333,87.23333333333333,28.953333333333333,28.953333333333333,87.23333333333333
2018,10,5,45.13016666666667,122.769,27.749166666666667,18.44783333333333,1.9263333333333328,46.89933333333333,87.23333333333333,87.23333333333333,87.23333333333333,28.953333333333333,28.953333333333333,28.953333333333333,72.85266666666666,72.85266666666666,97.55555555555556,92.39444444444445,34.34561111111111,31.649472222222226,118.2
2018,10,5,45.13016666666667,122.769,27.749166666666667,18.44783333333333,1.9263333333333328,46.89933333333333,118.2,87.23333333333333,87.23333333333333,45.13016666666667,28.953333333333333,28.953333333333333,122.769,72.85266666666666,107.87777777777778,97.55555555555556,39.73788888888889,34.34561111111111,118.2
2018,10,5,45.13016666666667,122.769,27.749166666666667,18.44783333333333,1.9263333333333328,46.89933333333333,118.2,118.2,87.23333333333333,45.13016666666667,45.13016666666667,28.953333333333333,122.769,122.769,118.2,102.71666666666665,45.13016666666667,37.04175,118.2
2018,10,5,45.13016666666667,122.769,27.749166666666667,18.44783333333333,1.9263333333333328,46.89933333333333,118.2,118.2,118.2,45.13016666666667,45.13016666666667,45.13016666666667,122.769,122.769,118.2,107.87777777777778,45.13016666666667,39.73788888888888,118.2
2018,10,5,45.13016666666667,122.769,27.749166666666667,18.44783333333333,1.9263333333333328,46.89933333333333,118.2,118.2,118.2,45.13016666666667,45.13016666666667,45.13016666666667,122.769,122.769,118.2,113.03888888888889,45.13016666666667,42.43402777777778,118.2
2018,10,5,45.13016666666667,122.769,27.749166666666667,18.44783333333333,1.9263333333333328,46.89933333333333,118.2,118.2,118.2,45.13016666666667,45.13016666666667,45.13016666666667,122.769,122.769,118.2,118.2,45.13016666666667,45.13016666666667,118.2
2018,10,5,45.13016666666667,122.769,27.749166666666667,18.44783333333333,1.9263333333333328,46.89933333333333,118.2,118.2,118.2,45.13016666666667,45.13016666666667,45.13016666666667,122.769,122.769,118.2,118.2,45.13016666666667,45.13016666666667,118.2
2018,10,5,45.13016666666667,122.769,27.749166666666667,18.44783333333333,1.9263333333333328,46.89933333333333,118.2,118.2,118.2,45.13016666666667,45.13016666666667,45.13016666666667,122.769,122.769,118.2,118.2,45.13016666666667,45.13016666666667,118.2
2018,10,5,45.13016666666667,122.769,27.749166666666667,18.44783333333333,1.9263333333333328,46.89933333333333,118.2,118.2,118.2,45.13016666666667,45.13016666666667,45.13016666666667,122.769,122.769,118.2,118.2,45.13016666666667,45.13016666666667,118.2
2018,11,5,59.3601724137931,153.40206896551723,46.835344827586205,21.916034482758626,2.4013793103448275,57.132413793103446,118.2,118.2,118.2,45.13016666666667,45.13016666666667,45.13016666666667,122.769,122.769,128.38045977011495,123.29022988505749,49.87350191570881,47.50183429118774,148.74137931034485
2018,11,5,59.3601724137931,153.40206896551723,46.835344827586205,21.916034482758626,2.4013793103448275,57.132413793103446,148.74137931034485,118.2,118.2,59.3601724137931,45.13016666666667,45.13016666666667,153.40206896551723,122.769,138.5609195402299,128.38045977011495,54.61683716475096,49.87350191570882,148.74137931034485
2018,11,5,59.3601724137931,153.40206896551723,46.835344827586205,21.916034482758626,2.4013793103448275,57.132413793103446,148.74137931034485,148.74137931034485,118.2,59.3601724137931,59.3601724137931,45.13016666666667,153.40206896551723,153.40206896551723,148.74137931034485,133.47068965517244,59.3601724137931,52.24516954022988,148.74137931034485
2018,11,5,59.3601724137931,153.40206896551723,46.835344827586205,21.916034482758626,2.4013793103448275,57.132413793103446,148.74137931034485,148.74137931034485,148.74137931034485,59.3601724137931,59.3601724137931,59.3601724137931,153.40206896551723,153.40206896551723,148.74137931034485,138.5609195402299,59.3601724137931,54.61683716475096,148.74137931034485
2018,11,5,59.3601724137931,153.40206896551723,46.835344827586205,21.916034482758626,2.4013793103448275,57.132413793103446,148.74137931034485,148.74137931034485,148.74137931034485,59.3601724137931,59.3601724137931,59.3601724137931,153.40206896551723,153.40206896551723,148.74137931034485,143.65114942528737,59.3601724137931,56.98850478927202,148.74137931034485
2018,11,5,59.3601724137931,153.40206896551723,46.835344827586205,21.916034482758626,2.4013793103448275,57.132413793103446,148.74137931034485,148.74137931034485,148.74137931034485,59.3601724137931,59.3601724137931,59.3601724137931,153.40206896551723,153.40206896551723,148.74137931034485,148.74137931034485,59.3601724137931,59.3601724137931,148.74137931034485
2018,11,5,59.3601724137931,153.40206896551723,46.835344827586205,21.916034482758626,2.4013793103448275,57.132413793103446,148.74137931034485,148.74137931034485,148.74137931034485,59.3601724137931,59.3601724137931,59.3601724137931,153.40206896551723,153.40206896551723,148.74137931034485,148.74137931034485,59.3601724137931,59.3601724137931,148.74137931034485
2018,11,5,59.3601724137931,153.40206896551723,46.835344827586205,21.916034482758626,2.4013793103448275,57.132413793103446,148.74137931034485,148.74137931034485,148.74137931034485,59.3601724137931,59.3601724137931,59.3601724137931,153.40206896551723,153.40206896551723,148.74137931034485,148.74137931034485,59.3601724137931,59.3601724137931,148.74137931034485
2018,11,5,59.3601724137931,153.40206896551723,46.835344827586205,21.916034482758626,2.4013793103448275,57.132413793103446,148.74137931034485,148.74137931034485,148.74137931034485,59.3601724137931,59.3601724137931,59.3601724137931,153.40206896551723,153.40206896551723,148.74137931034485,148.74137931034485,59.3601724137931,59.3601724137931,148.74137931034485
2018,12,5,65.2258064516129,166.24032258064514,56.19741935483871,21.63806451612903,2.164193548387097,49.4841935483871,148.74137931034485,148.74137931034485,148.74137931034485,59.3601724137931,59.3601724137931,59.3601724137931,153.40206896551723,153.40206896551723,150.1609195402299,149.45114942528738,61.31538375973304,60.33777808676306,153.0
2018,12,5,65.2258064516129,166.24032258064514,56.19741935483871,21.63806451612903,2.164193548387097,49.4841935483871,153.0,148.74137931034485,148.74137931034485,65.2258064516129,59.3601724137931,59.3601724137931,166.24032258064514,153.40206896551723,151.58045977011497,150.1609195402299,63.270595105672975,61.31538375973304,153.0
2018,12,5,65.2258064516129,166.24032258064514,56.19741935483871,21.63806451612903,2.164193548387097,49.4841935483871,153.0,153.0,148.74137931034485,65.2258064516129,65.2258064516129,59.3601724137931,166.24032258064514,166.24032258064514,153.0,150.8706896551724,65.2258064516129,62.292989432702996,153.0
2018,12,5,65.2258064516129,166.24032258064514,56.19741935483871,21.63806451612903,2.164193548387097,49.4841935483871,153.0,153.0,153.0,65.2258064516129,65.2258064516129,65.2258064516129,166.24032258064514,166.24032258064514,153.0,151.58045977011497,65.2258064516129,63.27059510567296,153.0
2018,12,5,65.2258064516129,166.24032258064514,56.19741935483871,21.63806451612903,2.164193548387097,49.4841935483871,153.0,153.0,153.0,65.2258064516129,65.2258064516129,65.2258064516129,166.24032258064514,166.24032258064514,153.0,152.29022988505747,65.2258064516129,64.24820077864293,153.0
2018,12,5,65.2258064516129,166.24032258064514,56.19741935483871,21.63806451612903,2.164193548387097,49.4841935483871,153.0,153.0,153.0,65.2258064516129,65.2258064516129,65.2258064516129,166.24032258064514,166.24032258064514,153.0,153.0,65.2258064516129,65.2258064516129,153.0
2018,12,5,65.2258064516129,166.24032258064514,56.19741935483871,21.63806451612903,2.164193548387097,49.4841935483871,153.0,153.0,153.0,65.2258064516129,65.2258064516129,65.2258064516129,166.24032258064514,166.24032258064514,153.0,153.0,65.2258064516129,65.2258064516129,153.0
2018,12,5,65.2258064516129,166.24032258064514,56.19741935483871,21.63806451612903,2.164193548387097,49.4841935483871,153.0,153.0,153.0,65.2258064516129,65.2258064516129,65.2258064516129,166.24032258064514,166.24032258064514,153.0,153.0,65.2258064516129,65.2258064516129,153.0
2018,12,5,65.2258064516129,166.24032258064514,56.19741935483871,21.63806451612903,2.164193548387097,49.4841935483871,153.0,153.0,153.0,65.2258064516129,65.2258064516129,65.2258064516129,166.24032258064514,166.24032258064514,153.0,153.0,65.2258064516129,65.2258064516129,153.0
