Year,Month,City_encoded,avg_PM25,avg_PM10,avg_NO2,avg_AQI,Day_lag1,Day_lag2,Day_lag3,Night_lag1,Night_lag2,avg_AQI_lag1,Day_roll3,Day_roll6,Day,Night
2015,1,0,30.07,73.44,19.537419354838708,83.0,58.0,65.0,54.0,56.0,56.0,83.0,65.0,62.333333333333336,72.0,63.0
2015,1,0,30.07,73.44,19.537419354838708,83.0,72.0,58.0,65.0,63.0,56.0,83.0,63.0,62.333333333333336,59.0,55.0
2015,1,0,30.07,73.44,19.537419354838708,83.0,59.0,72.0,58.0,55.0,63.0,83.0,66.0,62.5,67.0,61.0
2015,1,0,30.07,73.44,19.537419354838708,83.0,67.0,59.0,72.0,61.0,55.0,83.0,61.666666666666664,63.333333333333336,59.0,57.0
2015,1,0,30.07,73.44,19.537419354838708,83.0,59.0,67.0,59.0,57.0,61.0,83.0,63.0,63.0,63.0,60.0
2015,2,0,30.07,73.43999999999998,22.62446428571429,83.0,63.0,59.0,67.0,60.0,57.0,83.0,60.333333333333336,63.166666666666664,59.0,55.0
2015,2,0,30.07,73.43999999999998,22.62446428571429,83.0,59.0,63.0,59.0,55.0,60.0,83.0,63.0,62.333333333333336,67.0,59.0
2015,2,0,30.07,73.43999999999998,22.62446428571429,83.0,67.0,59.0,63.0,59.0,55.0,83.0,61.0,62.0,57.0,62.0
2015,2,0,30.07,73.43999999999998,22.62446428571429,83.0,57.0,67.0,59.0,62.0,59.0,83.0,63.0,61.666666666666664,65.0,57.0
2015,2,0,30.07,73.43999999999998,22.62446428571429,83.0,65.0,57.0,67.0,57.0,62.0,83.0,60.333333333333336,61.666666666666664,59.0,56.0
2015,2,0,30.07,73.43999999999998,22.62446428571429,83.0,59.0,65.0,57.0,56.0,57.0,83.0,65.33333333333333,63.166666666666664,72.0,63.0
2015,2,0,30.07,73.43999999999998,22.62446428571429,83.0,72.0,59.0,65.0,63.0,56.0,83.0,64.0,63.5,61.0,55.0
2015,2,0,30.07,73.43999999999998,22.62446428571429,83.0,61.0,72.0,59.0,55.0,63.0,83.0,67.0,63.666666666666664,68.0,61.0
2015,2,0,30.07,73.43999999999998,22.62446428571429,83.0,68.0,61.0,72.0,61.0,55.0,83.0,63.0,64.16666666666667,60.0,57.0
2015,2,0,30.07,73.43999999999998,22.62446428571429,83.0,60.0,68.0,61.0,57.0,61.0,83.0,64.0,64.0,64.0,60.0
2015,3,0,35.4641935483871,73.44,21.46548387096774,97.2258064516129,64.0,60.0,68.0,60.0,57.0,83.0,61.0,64.0,59.0,55.0
2015,3,0,35.4641935483871,73.44,21.46548387096774,97.2258064516129,59.0,64.0,60.0,55.0,60.0,97.2258064516129,63.333333333333336,63.166666666666664,67.0,60.0
2015,3,0,35.4641935483871,73.44,21.46548387096774,97.2258064516129,67.0,59.0,64.0,60.0,55.0,97.2258064516129,60.0,62.0,54.0,47.0
2015,3,0,35.4641935483871,73.44,21.46548387096774,97.2258064516129,54.0,67.0,59.0,47.0,60.0,97.2258064516129,62.0,61.5,65.0,58.0
2015,3,0,35.4641935483871,73.44,21.46548387096774,97.2258064516129,65.0,54.0,67.0,58.0,47.0,97.2258064516129,59.666666666666664,61.5,60.0,57.0
2015,3,0,35.4641935483871,73.44,21.46548387096774,97.2258064516129,60.0,65.0,54.0,57.0,58.0,97.2258064516129,65.33333333333333,62.666666666666664,71.0,62.0
2015,3,0,35.4641935483871,73.44,21.46548387096774,97.2258064516129,71.0,60.0,65.0,62.0,57.0,97.2258064516129,63.666666666666664,62.833333333333336,60.0,54.0
2015,3,0,35.4641935483871,73.44,21.46548387096774,97.2258064516129,60.0,71.0,60.0,54.0,62.0,97.2258064516129,66.33333333333333,63.0,68.0,61.0
2015,3,0,35.4641935483871,73.44,21.46548387096774,97.2258064516129,68.0,60.0,71.0,61.0,54.0,97.2258064516129,63.0,64.16666666666667,61.0,57.0
2015,3,0,35.4641935483871,73.44,21.46548387096774,97.2258064516129,61.0,68.0,60.0,57.0,61.0,97.2258064516129,64.33333333333333,64.0,64.0,57.0
2015,4,0,29.907,73.44,8.877166666666666,113.7,64.0,61.0,68.0,57.0,57.0,97.2258064516129,61.0,63.666666666666664,58.0,54.0
2015,4,0,29.907,73.44,8.877166666666666,113.7,58.0,64.0,61.0,54.0,57.0,113.7,63.0,63.0,67.0,61.0
2015,4,0,29.907,73.44,8.877166666666666,113.7,67.0,58.0,64.0,61.0,54.0,113.7,61.0,62.666666666666664,58.0,49.0
2015,4,0,29.907,73.44,8.877166666666666,113.7,58.0,67.0,58.0,49.0,61.0,113.7,63.333333333333336,62.166666666666664,65.0,58.0
2015,4,0,29.907,73.44,8.877166666666666,113.7,65.0,58.0,67.0,58.0,49.0,113.7,61.0,62.0,60.0,57.0
2015,4,0,29.907,73.44,8.877166666666666,113.7,60.0,65.0,58.0,57.0,58.0,113.7,65.66666666666667,63.333333333333336,72.0,63.0
2015,4,0,29.907,73.44,8.877166666666666,113.7,72.0,60.0,65.0,63.0,57.0,113.7,63.666666666666664,63.5,59.0,53.0
2015,4,0,29.907,73.44,8.877166666666666,113.7,59.0,72.0,60.0,53.0,63.0,113.7,66.0,63.5,67.0,61.0
2015,4,0,29.907,73.44,8.877166666666666,113.7,67.0,59.0,72.0,61.0,53.0,113.7,61.666666666666664,63.666666666666664,59.0,55.0
2015,4,0,29.907,73.44,8.877166666666666,113.7,59.0,67.0,59.0,55.0,61.0,113.7,63.0,63.333333333333336,63.0,55.0
2015,5,0,34.58693548387097,73.44,22.28516129032258,102.24193548387096,63.0,59.0,67.0,55.0,55.0,113.7,60.0,63.0,58.0,55.0
2015,5,0,34.58693548387097,73.44,22.28516129032258,102.24193548387096,58.0,63.0,59.0,55.0,55.0,102.24193548387096,62.666666666666664,62.166666666666664,67.0,60.0
2015,5,0,34.58693548387097,73.44,22.28516129032258,102.24193548387096,67.0,58.0,63.0,60.0,55.0,102.24193548387096,62.666666666666664,62.833333333333336,63.0,53.0
2015,5,0,34.58693548387097,73.44,22.28516129032258,102.24193548387096,63.0,67.0,58.0,53.0,60.0,102.24193548387096,65.0,62.5,65.0,58.0
2015,5,0,34.58693548387097,73.44,22.28516129032258,102.24193548387096,65.0,63.0,67.0,58.0,53.0,102.24193548387096,62.333333333333336,62.5,59.0,57.0
2015,5,0,34.58693548387097,73.44,22.28516129032258,102.24193548387096,59.0,65.0,63.0,57.0,58.0,102.24193548387096,65.33333333333333,64.0,72.0,63.0
2015,5,0,34.58693548387097,73.44,22.28516129032258,102.24193548387096,72.0,59.0,65.0,63.0,57.0,102.24193548387096,63.333333333333336,64.16666666666667,59.0,54.0
2015,5,0,34.58693548387097,73.44,22.28516129032258,102.24193548387096,59.0,72.0,59.0,54.0,63.0,102.24193548387096,65.66666666666667,64.0,66.0,61.0
2015,5,0,34.58693548387097,73.44,22.28516129032258,102.24193548387096,66.0,59.0,72.0,61.0,54.0,102.24193548387096,61.666666666666664,63.5,60.0,57.0
2015,5,0,34.58693548387097,73.44,22.28516129032258,102.24193548387096,60.0,66.0,59.0,57.0,61.0,102.24193548387096,63.0,63.166666666666664,63.0,57.0
2015,6,0,18.3425,73.44,14.384333333333334,107.08333333333331,63.0,60.0,66.0,57.0,57.0,102.24193548387096,60.333333333333336,63.0,58.0,56.0
2015,6,0,18.3425,73.44,14.384333333333334,107.08333333333331,58.0,63.0,60.0,56.0,57.0,107.08333333333331,62.666666666666664,62.166666666666664,67.0,59.0
2015,6,0,18.3425,73.44,14.384333333333334,107.08333333333331,67.0,58.0,63.0,59.0,56.0,107.08333333333331,61.666666666666664,62.333333333333336,60.0,55.0
2015,6,0,18.3425,73.44,14.384333333333334,107.08333333333331,60.0,67.0,58.0,55.0,59.0,107.08333333333331,64.33333333333333,62.333333333333336,66.0,58.0
2015,6,0,18.3425,73.44,14.384333333333334,107.08333333333331,66.0,60.0,67.0,58.0,55.0,107.08333333333331,62.0,62.333333333333336,60.0,58.0
2015,6,0,18.3425,73.44,14.384333333333334,107.08333333333331,60.0,66.0,60.0,58.0,58.0,107.08333333333331,66.0,63.833333333333336,72.0,64.0
2015,6,0,18.3425,73.44,14.384333333333334,107.08333333333331,72.0,60.0,66.0,64.0,58.0,107.08333333333331,64.0,64.16666666666667,60.0,54.0
2015,6,0,18.3425,73.44,14.384333333333334,107.08333333333331,60.0,72.0,60.0,54.0,64.0,107.08333333333331,66.33333333333333,64.16666666666667,67.0,62.0
2015,6,0,18.3425,73.44,14.384333333333334,107.08333333333331,67.0,60.0,72.0,62.0,54.0,107.08333333333331,64.0,65.0,65.0,61.0
2015,6,0,18.3425,73.44,14.384333333333334,107.08333333333331,65.0,67.0,60.0,61.0,62.0,107.08333333333331,66.0,65.0,66.0,60.0
2015,7,0,21.048870967741934,73.44,10.378225806451614,153.30645161290323,66.0,65.0,67.0,60.0,61.0,107.08333333333331,63.0,64.66666666666667,58.0,55.0
2015,7,0,21.048870967741934,73.44,10.378225806451614,153.30645161290323,58.0,66.0,65.0,55.0,60.0,153.30645161290323,63.666666666666664,63.833333333333336,67.0,59.0
2015,7,0,21.048870967741934,73.44,10.378225806451614,153.30645161290323,67.0,58.0,66.0,59.0,55.0,153.30645161290323,60.333333333333336,63.166666666666664,56.0,49.0
2015,7,0,21.048870967741934,73.44,10.378225806451614,153.30645161290323,56.0,67.0,58.0,49.0,59.0,153.30645161290323,63.0,63.0,66.0,59.0
2015,7,0,21.048870967741934,73.44,10.378225806451614,153.30645161290323,66.0,56.0,67.0,59.0,49.0,153.30645161290323,60.333333333333336,62.0,59.0,57.0
2015,7,0,21.048870967741934,73.44,10.378225806451614,153.30645161290323,59.0,66.0,56.0,57.0,59.0,153.30645161290323,65.66666666666667,63.0,72.0,64.0
2015,7,0,21.048870967741934,73.44,10.378225806451614,153.30645161290323,72.0,59.0,66.0,64.0,57.0,153.30645161290323,63.666666666666664,63.333333333333336,60.0,54.0
2015,7,0,21.048870967741934,73.44,10.378225806451614,153.30645161290323,60.0,72.0,59.0,54.0,64.0,153.30645161290323,66.33333333333333,63.333333333333336,67.0,62.0
2015,7,0,21.048870967741934,73.44,10.378225806451614,153.30645161290323,67.0,60.0,72.0,62.0,54.0,153.30645161290323,63.666666666666664,64.66666666666667,64.0,60.0
2015,7,0,21.048870967741934,73.44,10.378225806451614,153.30645161290323,64.0,67.0,60.0,60.0,62.0,153.30645161290323,65.33333333333333,64.5,65.0,60.0
2015,8,0,20.996935483870967,73.44,13.901774193548386,134.0806451612903,65.0,64.0,67.0,60.0,60.0,153.30645161290323,62.666666666666664,64.5,59.0,58.0
2015,8,0,20.996935483870967,73.44,13.901774193548386,134.0806451612903,59.0,65.0,64.0,58.0,60.0,134.0806451612903,63.333333333333336,63.5,66.0,59.0
2015,8,0,20.996935483870967,73.44,13.901774193548386,134.0806451612903,66.0,59.0,65.0,59.0,58.0,134.0806451612903,60.666666666666664,63.0,57.0,49.0
2015,8,0,20.996935483870967,73.44,13.901774193548386,134.0806451612903,57.0,66.0,59.0,49.0,59.0,134.0806451612903,63.0,62.833333333333336,66.0,60.0
2015,8,0,20.996935483870967,73.44,13.901774193548386,134.0806451612903,66.0,57.0,66.0,60.0,49.0,134.0806451612903,61.0,62.166666666666664,60.0,58.0
2015,8,0,20.996935483870967,73.44,13.901774193548386,134.0806451612903,60.0,66.0,57.0,58.0,60.0,134.0806451612903,66.0,63.333333333333336,72.0,63.0
2015,8,0,20.996935483870967,73.44,13.901774193548386,134.0806451612903,72.0,60.0,66.0,63.0,58.0,134.0806451612903,64.0,63.5,60.0,54.0
2015,8,0,20.996935483870967,73.44,13.901774193548386,134.0806451612903,60.0,72.0,60.0,54.0,63.0,134.0806451612903,66.0,63.5,66.0,62.0
2015,8,0,20.996935483870967,73.44,13.901774193548386,134.0806451612903,66.0,60.0,72.0,62.0,54.0,134.0806451612903,63.0,64.5,63.0,57.0
2015,8,0,20.996935483870967,73.44,13.901774193548386,134.0806451612903,63.0,66.0,60.0,57.0,62.0,134.0806451612903,64.33333333333333,64.16666666666667,64.0,57.0
2015,9,0,19.93220338983051,73.44,17.715762711864407,96.66101694915254,64.0,63.0,66.0,57.0,57.0,134.0806451612903,61.333333333333336,63.666666666666664,57.0,55.0
2015,9,0,19.93220338983051,73.44,17.715762711864407,96.66101694915254,57.0,64.0,63.0,55.0,57.0,96.66101694915254,62.333333333333336,62.666666666666664,66.0,58.0
2015,9,0,19.93220338983051,73.44,17.715762711864407,96.66101694915254,66.0,57.0,64.0,58.0,55.0,96.66101694915254,60.333333333333336,62.333333333333336,58.0,51.0
2015,9,0,19.93220338983051,73.44,17.715762711864407,96.66101694915254,58.0,66.0,57.0,51.0,58.0,96.66101694915254,63.333333333333336,62.333333333333336,66.0,60.0
2015,9,0,19.93220338983051,73.44,17.715762711864407,96.66101694915254,66.0,58.0,66.0,60.0,51.0,96.66101694915254,61.333333333333336,61.833333333333336,60.0,59.0
2015,9,0,19.93220338983051,73.44,17.715762711864407,96.66101694915254,60.0,66.0,58.0,59.0,60.0,96.66101694915254,66.0,63.166666666666664,72.0,64.0
2015,9,0,19.93220338983051,73.44,17.715762711864407,96.66101694915254,72.0,60.0,66.0,64.0,59.0,96.66101694915254,64.0,63.666666666666664,60.0,53.0
2015,9,0,19.93220338983051,73.44,17.715762711864407,96.66101694915254,60.0,72.0,60.0,53.0,64.0,96.66101694915254,66.0,63.666666666666664,66.0,61.0
2015,9,0,19.93220338983051,73.44,17.715762711864407,96.66101694915254,66.0,60.0,72.0,61.0,53.0,96.66101694915254,63.666666666666664,64.83333333333333,65.0,55.0
2015,9,0,19.93220338983051,73.44,17.715762711864407,96.66101694915254,65.0,66.0,60.0,55.0,61.0,96.66101694915254,64.66666666666667,64.33333333333333,63.0,56.0
2015,10,0,31.71983870967742,73.44,26.809516129032257,102.88709677419357,63.0,65.0,66.0,56.0,55.0,96.66101694915254,66.33333333333333,66.16666666666667,71.0,72.0
2015,10,0,31.71983870967742,73.44,26.809516129032257,102.88709677419357,71.0,63.0,65.0,72.0,56.0,102.88709677419357,66.66666666666667,65.16666666666667,66.0,59.0
2015,10,0,31.71983870967742,73.44,26.809516129032257,102.88709677419357,66.0,71.0,63.0,59.0,72.0,102.88709677419357,65.0,64.83333333333333,58.0,57.0
2015,10,0,31.71983870967742,73.44,26.809516129032257,102.88709677419357,58.0,66.0,71.0,57.0,59.0,102.88709677419357,63.666666666666664,65.0,67.0,58.0
2015,10,0,31.71983870967742,73.44,26.809516129032257,102.88709677419357,67.0,58.0,66.0,58.0,57.0,102.88709677419357,61.666666666666664,64.16666666666667,60.0,59.0
2015,10,0,31.71983870967742,73.44,26.809516129032257,102.88709677419357,60.0,67.0,58.0,59.0,58.0,102.88709677419357,66.33333333333333,65.66666666666667,72.0,63.0
2015,10,0,31.71983870967742,73.44,26.809516129032257,102.88709677419357,72.0,60.0,67.0,63.0,59.0,102.88709677419357,64.33333333333333,64.0,61.0,53.0
2015,10,0,31.71983870967742,73.44,26.809516129032257,102.88709677419357,61.0,72.0,60.0,53.0,63.0,102.88709677419357,66.66666666666667,64.16666666666667,67.0,60.0
2015,10,0,31.71983870967742,73.44,26.809516129032257,102.88709677419357,67.0,61.0,72.0,60.0,53.0,102.88709677419357,63.0,64.66666666666667,61.0,51.0
2015,10,0,31.71983870967742,73.44,26.809516129032257,102.88709677419357,61.0,67.0,61.0,51.0,60.0,102.88709677419357,64.0,64.16666666666667,64.0,56.0
2015,11,0,31.482325581395347,72.93488372093023,20.36593023255814,87.95348837209302,64.0,61.0,67.0,56.0,51.0,102.88709677419357,61.333333333333336,64.0,59.0,58.0
2015,11,0,31.482325581395347,72.93488372093023,20.36593023255814,87.95348837209302,59.0,64.0,61.0,58.0,56.0,87.95348837209302,63.333333333333336,63.166666666666664,67.0,60.0
2015,11,0,31.482325581395347,72.93488372093023,20.36593023255814,87.95348837209302,67.0,59.0,64.0,60.0,58.0,87.95348837209302,62.0,63.0,60.0,50.0
2015,11,0,31.482325581395347,72.93488372093023,20.36593023255814,87.95348837209302,60.0,67.0,59.0,50.0,60.0,87.95348837209302,64.66666666666667,63.0,67.0,59.0
2015,11,0,31.482325581395347,72.93488372093023,20.36593023255814,87.95348837209302,67.0,60.0,67.0,59.0,50.0,87.95348837209302,61.333333333333336,62.333333333333336,57.0,56.0
2015,11,0,31.482325581395347,72.93488372093023,20.36593023255814,87.95348837209302,57.0,67.0,60.0,56.0,59.0,87.95348837209302,65.66666666666667,63.833333333333336,73.0,64.0
2015,11,0,31.482325581395347,72.93488372093023,20.36593023255814,87.95348837209302,73.0,57.0,67.0,64.0,56.0,87.95348837209302,63.666666666666664,64.16666666666667,61.0,55.0
2015,11,0,31.482325581395347,72.93488372093023,20.36593023255814,87.95348837209302,61.0,73.0,57.0,55.0,64.0,87.95348837209302,67.33333333333333,64.33333333333333,68.0,61.0
2015,11,0,31.482325581395347,72.93488372093023,20.36593023255814,87.95348837209302,68.0,61.0,73.0,61.0,55.0,87.95348837209302,66.33333333333333,66.0,70.0,70.0
2015,11,0,31.482325581395347,72.93488372093023,20.36593023255814,87.95348837209302,70.0,68.0,61.0,70.0,61.0,87.95348837209302,71.0,67.33333333333333,75.0,72.0
2015,12,0,38.373333333333335,73.74130081300814,44.84373983739837,98.99186991869918,75.0,70.0,68.0,72.0,70.0,87.95348837209302,68.33333333333333,67.83333333333333,60.0,61.0
2015,12,0,38.373333333333335,73.74130081300814,44.84373983739837,98.99186991869918,60.0,75.0,70.0,61.0,72.0,98.99186991869918,67.33333333333333,66.83333333333333,67.0,60.0
2015,12,0,38.373333333333335,73.74130081300814,44.84373983739837,98.99186991869918,67.0,60.0,75.0,60.0,61.0,98.99186991869918,62.333333333333336,66.66666666666667,60.0,49.0
2015,12,0,38.373333333333335,73.74130081300814,44.84373983739837,98.99186991869918,60.0,67.0,60.0,49.0,60.0,98.99186991869918,64.33333333333333,66.33333333333333,66.0,58.0
2015,12,0,38.373333333333335,73.74130081300814,44.84373983739837,98.99186991869918,66.0,60.0,67.0,58.0,49.0,98.99186991869918,61.0,64.16666666666667,57.0,55.0
2015,12,0,38.373333333333335,73.74130081300814,44.84373983739837,98.99186991869918,57.0,66.0,60.0,55.0,58.0,98.99186991869918,65.33333333333333,63.833333333333336,73.0,64.0
2015,12,0,38.373333333333335,73.74130081300814,44.84373983739837,98.99186991869918,73.0,57.0,66.0,64.0,55.0,98.99186991869918,63.333333333333336,63.833333333333336,60.0,54.0
2015,12,0,38.373333333333335,73.74130081300814,44.84373983739837,98.99186991869918,60.0,73.0,57.0,54.0,64.0,98.99186991869918,66.66666666666667,63.833333333333336,67.0,61.0
2015,12,0,38.373333333333335,73.74130081300814,44.84373983739837,98.99186991869918,67.0,60.0,73.0,61.0,54.0,98.99186991869918,64.33333333333333,64.83333333333333,66.0,66.0
2015,12,0,38.373333333333335,73.74130081300814,44.84373983739837,98.99186991869918,66.0,67.0,60.0,66.0,61.0,98.99186991869918,66.0,64.66666666666667,65.0,58.0
2016,1,0,51.418392857142855,90.92455357142856,55.77616071428572,130.48214285714286,65.0,66.0,67.0,58.0,66.0,98.99186991869918,63.666666666666664,65.16666666666667,60.0,56.0
2016,1,0,51.418392857142855,90.92455357142856,55.77616071428572,130.48214285714286,60.0,65.0,66.0,56.0,58.0,130.48214285714286,64.0,64.16666666666667,67.0,61.0
2016,1,0,51.418392857142855,90.92455357142856,55.77616071428572,130.48214285714286,67.0,60.0,65.0,61.0,56.0,130.48214285714286,61.666666666666664,63.833333333333336,58.0,48.0
2016,1,0,51.418392857142855,90.92455357142856,55.77616071428572,130.48214285714286,58.0,67.0,60.0,48.0,61.0,130.48214285714286,63.666666666666664,63.666666666666664,66.0,58.0
2016,1,0,51.418392857142855,90.92455357142856,55.77616071428572,130.48214285714286,66.0,58.0,67.0,58.0,48.0,130.48214285714286,60.0,62.0,56.0,54.0
2016,1,0,51.418392857142855,90.92455357142856,55.77616071428572,130.48214285714286,56.0,66.0,58.0,54.0,58.0,130.48214285714286,64.66666666666667,63.166666666666664,72.0,64.0
2016,1,0,51.418392857142855,90.92455357142856,55.77616071428572,130.48214285714286,72.0,56.0,66.0,64.0,54.0,130.48214285714286,62.666666666666664,63.166666666666664,60.0,55.0
2016,1,0,51.418392857142855,90.92455357142856,55.77616071428572,130.48214285714286,60.0,72.0,56.0,55.0,64.0,130.48214285714286,66.66666666666667,63.333333333333336,68.0,60.0
2016,1,0,51.418392857142855,90.92455357142856,55.77616071428572,130.48214285714286,68.0,60.0,72.0,60.0,55.0,130.48214285714286,64.0,64.33333333333333,64.0,56.0
2016,1,0,51.418392857142855,90.92455357142856,55.77616071428572,130.48214285714286,64.0,68.0,60.0,56.0,60.0,130.48214285714286,65.0,63.833333333333336,63.0,59.0
2016,2,0,50.60794642857143,108.36875,42.67741071428571,134.91964285714286,63.0,64.0,68.0,59.0,56.0,130.48214285714286,62.666666666666664,64.66666666666667,61.0,55.0
2016,2,0,50.60794642857143,108.36875,42.67741071428571,134.91964285714286,61.0,63.0,64.0,55.0,59.0,134.91964285714286,63.333333333333336,63.666666666666664,66.0,59.0
2016,2,0,50.60794642857143,108.36875,42.67741071428571,134.91964285714286,66.0,61.0,63.0,59.0,55.0,134.91964285714286,61.333333333333336,63.166666666666664,57.0,47.0
2016,2,0,50.60794642857143,108.36875,42.67741071428571,134.91964285714286,57.0,66.0,61.0,47.0,59.0,134.91964285714286,63.0,62.833333333333336,66.0,60.0
2016,2,0,50.60794642857143,108.36875,42.67741071428571,134.91964285714286,66.0,57.0,66.0,60.0,47.0,134.91964285714286,60.0,61.666666666666664,57.0,55.0
2016,2,0,50.60794642857143,108.36875,42.67741071428571,134.91964285714286,57.0,66.0,57.0,55.0,60.0,134.91964285714286,65.0,63.166666666666664,72.0,64.0
2016,2,0,50.60794642857143,108.36875,42.67741071428571,134.91964285714286,72.0,57.0,66.0,64.0,55.0,134.91964285714286,63.333333333333336,63.166666666666664,61.0,55.0
2016,2,0,50.60794642857143,108.36875,42.67741071428571,134.91964285714286,61.0,72.0,57.0,55.0,64.0,134.91964285714286,66.33333333333333,63.166666666666664,66.0,60.0
2016,2,0,50.60794642857143,108.36875,42.67741071428571,134.91964285714286,66.0,61.0,72.0,60.0,55.0,134.91964285714286,62.666666666666664,63.833333333333336,61.0,53.0
2016,2,0,50.60794642857143,108.36875,42.67741071428571,134.91964285714286,61.0,66.0,61.0,53.0,60.0,134.91964285714286,63.666666666666664,63.5,64.0,59.0
2016,3,0,45.17353448275862,111.46129310344828,35.06836206896551,138.81896551724137,64.0,61.0,66.0,59.0,53.0,134.91964285714286,62.0,64.16666666666667,61.0,55.0
2016,3,0,45.17353448275862,111.46129310344828,35.06836206896551,138.81896551724137,61.0,64.0,61.0,55.0,59.0,138.81896551724137,63.666666666666664,63.166666666666664,66.0,60.0
2016,3,0,45.17353448275862,111.46129310344828,35.06836206896551,138.81896551724137,66.0,61.0,64.0,60.0,55.0,138.81896551724137,61.0,62.333333333333336,56.0,48.0
2016,3,0,45.17353448275862,111.46129310344828,35.06836206896551,138.81896551724137,56.0,66.0,61.0,48.0,60.0,138.81896551724137,62.666666666666664,62.333333333333336,66.0,59.0
2016,3,0,45.17353448275862,111.46129310344828,35.06836206896551,138.81896551724137,66.0,56.0,66.0,59.0,48.0,138.81896551724137,59.333333333333336,61.5,56.0,55.0
2016,3,0,45.17353448275862,111.46129310344828,35.06836206896551,138.81896551724137,56.0,66.0,56.0,55.0,59.0,138.81896551724137,64.66666666666667,62.833333333333336,72.0,63.0
2016,3,0,45.17353448275862,111.46129310344828,35.06836206896551,138.81896551724137,72.0,56.0,66.0,63.0,55.0,138.81896551724137,62.666666666666664,62.666666666666664,60.0,54.0
2016,3,0,45.17353448275862,111.46129310344828,35.06836206896551,138.81896551724137,60.0,72.0,56.0,54.0,63.0,138.81896551724137,66.0,62.666666666666664,66.0,61.0
2016,3,0,45.17353448275862,111.46129310344828,35.06836206896551,138.81896551724137,66.0,60.0,72.0,61.0,54.0,138.81896551724137,62.0,63.333333333333336,60.0,54.0
2016,3,0,45.17353448275862,111.46129310344828,35.06836206896551,138.81896551724137,60.0,66.0,60.0,54.0,61.0,138.81896551724137,63.0,62.833333333333336,63.0,57.0
2016,4,0,35.50709401709402,115.98914529914528,23.13547008547009,120.76068376068376,63.0,60.0,66.0,57.0,54.0,138.81896551724137,60.333333333333336,63.166666666666664,58.0,54.0
2016,4,0,35.50709401709402,115.98914529914528,23.13547008547009,120.76068376068376,58.0,63.0,60.0,54.0,57.0,120.76068376068376,62.666666666666664,62.333333333333336,67.0,61.0
2016,4,0,35.50709401709402,115.98914529914528,23.13547008547009,120.76068376068376,67.0,58.0,63.0,61.0,54.0,120.76068376068376,61.0,62.0,58.0,50.0
2016,4,0,35.50709401709402,115.98914529914528,23.13547008547009,120.76068376068376,58.0,67.0,58.0,50.0,61.0,120.76068376068376,63.666666666666664,62.0,66.0,59.0
2016,4,0,35.50709401709402,115.98914529914528,23.13547008547009,120.76068376068376,66.0,58.0,67.0,59.0,50.0,120.76068376068376,60.0,61.333333333333336,56.0,55.0
2016,4,0,35.50709401709402,115.98914529914528,23.13547008547009,120.76068376068376,56.0,66.0,58.0,55.0,59.0,120.76068376068376,64.66666666666667,62.833333333333336,72.0,63.0
2016,4,0,35.50709401709402,115.98914529914528,23.13547008547009,120.76068376068376,72.0,56.0,66.0,63.0,55.0,120.76068376068376,62.333333333333336,63.0,59.0,55.0
2016,4,0,35.50709401709402,115.98914529914528,23.13547008547009,120.76068376068376,59.0,72.0,56.0,55.0,63.0,120.76068376068376,65.66666666666667,62.833333333333336,66.0,61.0
2016,4,0,35.50709401709402,115.98914529914528,23.13547008547009,120.76068376068376,66.0,59.0,72.0,61.0,55.0,120.76068376068376,64.33333333333333,64.5,68.0,60.0
2016,4,0,35.50709401709402,115.98914529914528,23.13547008547009,120.76068376068376,68.0,66.0,59.0,60.0,61.0,120.76068376068376,65.33333333333333,63.833333333333336,62.0,56.0
2016,5,0,33.20895348837209,64.77372093023256,20.884186046511623,74.56976744186046,62.0,68.0,66.0,56.0,60.0,120.76068376068376,63.666666666666664,64.66666666666667,61.0,55.0
2016,5,0,33.20895348837209,64.77372093023256,20.884186046511623,74.56976744186046,61.0,62.0,68.0,55.0,56.0,74.56976744186046,63.333333333333336,63.833333333333336,67.0,61.0
2016,5,0,33.20895348837209,64.77372093023256,20.884186046511623,74.56976744186046,67.0,61.0,62.0,61.0,55.0,74.56976744186046,62.0,63.666666666666664,58.0,53.0
2016,5,0,33.20895348837209,64.77372093023256,20.884186046511623,74.56976744186046,58.0,67.0,61.0,53.0,61.0,74.56976744186046,63.666666666666664,63.666666666666664,66.0,59.0
2016,5,0,33.20895348837209,64.77372093023256,20.884186046511623,74.56976744186046,66.0,58.0,67.0,59.0,53.0,74.56976744186046,60.0,61.666666666666664,56.0,55.0
2016,5,0,33.20895348837209,64.77372093023256,20.884186046511623,74.56976744186046,56.0,66.0,58.0,55.0,59.0,74.56976744186046,64.66666666666667,63.333333333333336,72.0,65.0
2016,5,0,33.20895348837209,64.77372093023256,20.884186046511623,74.56976744186046,72.0,56.0,66.0,65.0,55.0,74.56976744186046,62.666666666666664,63.166666666666664,60.0,55.0
2016,5,0,33.20895348837209,64.77372093023256,20.884186046511623,74.56976744186046,60.0,72.0,56.0,55.0,65.0,74.56976744186046,67.33333333333333,63.666666666666664,70.0,65.0
2016,5,0,33.20895348837209,64.77372093023256,20.884186046511623,74.56976744186046,70.0,60.0,72.0,65.0,55.0,74.56976744186046,66.33333333333333,65.5,69.0,83.0
2016,5,0,33.20895348837209,64.77372093023256,20.884186046511623,74.56976744186046,69.0,70.0,60.0,83.0,65.0,74.56976744186046,67.33333333333333,65.0,63.0,58.0
2016,6,0,32.14060606060606,58.874848484848485,19.725454545454543,100.53030303030305,63.0,69.0,70.0,58.0,83.0,74.56976744186046,65.33333333333333,66.33333333333333,64.0,55.0
2016,6,0,32.14060606060606,58.874848484848485,19.725454545454543,100.53030303030305,64.0,63.0,69.0,55.0,58.0,100.53030303030305,65.33333333333333,65.83333333333333,69.0,63.0
2016,6,0,32.14060606060606,58.874848484848485,19.725454545454543,100.53030303030305,69.0,64.0,63.0,63.0,55.0,100.53030303030305,63.333333333333336,65.33333333333333,57.0,50.0
2016,6,0,32.14060606060606,58.874848484848485,19.725454545454543,100.53030303030305,57.0,69.0,64.0,50.0,63.0,100.53030303030305,63.0,64.16666666666667,63.0,60.0
2016,6,0,32.14060606060606,58.874848484848485,19.725454545454543,100.53030303030305,63.0,57.0,69.0,60.0,50.0,100.53030303030305,58.666666666666664,62.0,56.0,55.0
2016,6,0,32.14060606060606,58.874848484848485,19.725454545454543,100.53030303030305,56.0,63.0,57.0,55.0,60.0,100.53030303030305,64.0,63.666666666666664,73.0,65.0
2016,6,0,32.14060606060606,58.874848484848485,19.725454545454543,100.53030303030305,73.0,56.0,63.0,65.0,55.0,100.53030303030305,63.333333333333336,63.166666666666664,61.0,56.0
2016,6,0,32.14060606060606,58.874848484848485,19.725454545454543,100.53030303030305,61.0,73.0,56.0,56.0,65.0,100.53030303030305,67.33333333333333,63.0,68.0,63.0
2016,6,0,32.14060606060606,58.874848484848485,19.725454545454543,100.53030303030305,68.0,61.0,73.0,63.0,56.0,100.53030303030305,63.666666666666664,63.833333333333336,62.0,57.0
2016,6,0,32.14060606060606,58.874848484848485,19.725454545454543,100.53030303030305,62.0,68.0,61.0,57.0,63.0,100.53030303030305,65.33333333333333,64.33333333333333,66.0,60.0
2016,7,0,29.98164556962025,62.61772151898735,18.428860759493677,92.9240506329114,66.0,62.0,68.0,60.0,57.0,100.53030303030305,64.0,65.66666666666667,64.0,58.0
2016,7,0,29.98164556962025,62.61772151898735,18.428860759493677,92.9240506329114,64.0,66.0,62.0,58.0,60.0,92.9240506329114,66.0,64.83333333333333,68.0,63.0
2016,7,0,29.98164556962025,62.61772151898735,18.428860759493677,92.9240506329114,68.0,64.0,66.0,63.0,58.0,92.9240506329114,63.666666666666664,64.5,59.0,50.0
2016,7,0,29.98164556962025,62.61772151898735,18.428860759493677,92.9240506329114,59.0,68.0,64.0,50.0,63.0,92.9240506329114,63.666666666666664,63.833333333333336,64.0,64.0
2016,7,0,29.98164556962025,62.61772151898735,18.428860759493677,92.9240506329114,64.0,59.0,68.0,64.0,50.0,92.9240506329114,59.666666666666664,62.833333333333336,56.0,54.0
2016,7,0,29.98164556962025,62.61772151898735,18.428860759493677,92.9240506329114,56.0,64.0,59.0,54.0,64.0,92.9240506329114,64.33333333333333,64.0,73.0,65.0
2016,7,0,29.98164556962025,62.61772151898735,18.428860759493677,92.9240506329114,73.0,56.0,64.0,65.0,54.0,92.9240506329114,63.0,63.333333333333336,60.0,56.0
2016,7,0,29.98164556962025,62.61772151898735,18.428860759493677,92.9240506329114,60.0,73.0,56.0,56.0,65.0,92.9240506329114,67.0,63.333333333333336,68.0,63.0
2016,7,0,29.98164556962025,62.61772151898735,18.428860759493677,92.9240506329114,68.0,60.0,73.0,63.0,56.0,92.9240506329114,63.666666666666664,64.0,63.0,58.0
2016,7,0,29.98164556962025,62.61772151898735,18.428860759493677,92.9240506329114,63.0,68.0,60.0,58.0,63.0,92.9240506329114,65.66666666666667,64.33333333333333,66.0,61.0
2016,8,0,36.19159090909091,67.39170454545454,19.20784090909091,73.85227272727273,66.0,63.0,68.0,61.0,58.0,92.9240506329114,65.0,66.0,66.0,61.0
2016,8,0,36.19159090909091,67.39170454545454,19.20784090909091,73.85227272727273,66.0,66.0,63.0,61.0,61.0,73.85227272727273,67.0,65.33333333333333,69.0,63.0
2016,8,0,36.19159090909091,67.39170454545454,19.20784090909091,73.85227272727273,69.0,66.0,66.0,63.0,61.0,73.85227272727273,64.66666666666667,65.16666666666667,59.0,58.0
2016,8,0,36.19159090909091,67.39170454545454,19.20784090909091,73.85227272727273,59.0,69.0,66.0,58.0,63.0,73.85227272727273,64.33333333333333,64.66666666666667,65.0,64.0
2016,8,0,36.19159090909091,67.39170454545454,19.20784090909091,73.85227272727273,65.0,59.0,69.0,64.0,58.0,73.85227272727273,60.333333333333336,63.666666666666664,57.0,55.0
2016,8,0,36.19159090909091,67.39170454545454,19.20784090909091,73.85227272727273,57.0,65.0,59.0,55.0,64.0,73.85227272727273,65.0,64.83333333333333,73.0,65.0
2016,8,0,36.19159090909091,67.39170454545454,19.20784090909091,73.85227272727273,73.0,57.0,65.0,65.0,55.0,73.85227272727273,63.666666666666664,64.0,61.0,56.0
2016,8,0,36.19159090909091,67.39170454545454,19.20784090909091,73.85227272727273,61.0,73.0,57.0,56.0,65.0,73.85227272727273,67.0,63.666666666666664,67.0,63.0
2016,8,0,36.19159090909091,67.39170454545454,19.20784090909091,73.85227272727273,67.0,61.0,73.0,63.0,56.0,73.85227272727273,63.666666666666664,64.33333333333333,63.0,58.0
2016,8,0,36.19159090909091,67.39170454545454,19.20784090909091,73.85227272727273,63.0,67.0,61.0,58.0,63.0,73.85227272727273,65.33333333333333,64.5,66.0,61.0
2016,9,0,34.225227272727274,72.4171590909091,26.280454545454543,77.72727272727273,66.0,63.0,67.0,61.0,58.0,73.85227272727273,65.0,66.0,66.0,57.0
2016,9,0,34.225227272727274,72.4171590909091,26.280454545454543,77.72727272727273,66.0,66.0,63.0,57.0,61.0,77.72727272727273,66.66666666666667,65.16666666666667,68.0,62.0
2016,9,0,34.225227272727274,72.4171590909091,26.280454545454543,77.72727272727273,68.0,66.0,66.0,62.0,57.0,77.72727272727273,63.0,64.16666666666667,55.0,59.0
2016,9,0,34.225227272727274,72.4171590909091,26.280454545454543,77.72727272727273,55.0,68.0,66.0,59.0,62.0,77.72727272727273,62.0,63.5,63.0,63.0
2016,9,0,34.225227272727274,72.4171590909091,26.280454545454543,77.72727272727273,63.0,55.0,68.0,63.0,59.0,77.72727272727273,58.333333333333336,62.5,57.0,63.0
2016,9,0,34.225227272727274,72.4171590909091,26.280454545454543,77.72727272727273,57.0,63.0,55.0,63.0,63.0,77.72727272727273,64.0,63.5,72.0,64.0
2016,9,0,34.225227272727274,72.4171590909091,26.280454545454543,77.72727272727273,72.0,57.0,63.0,64.0,63.0,77.72727272727273,63.0,62.5,60.0,56.0
2016,9,0,34.225227272727274,72.4171590909091,26.280454545454543,77.72727272727273,60.0,72.0,57.0,56.0,64.0,77.72727272727273,66.33333333333333,62.333333333333336,67.0,62.0
2016,9,0,34.225227272727274,72.4171590909091,26.280454545454543,77.72727272727273,67.0,60.0,72.0,62.0,56.0,77.72727272727273,63.0,63.5,62.0,55.0
2016,9,0,34.225227272727274,72.4171590909091,26.280454545454543,77.72727272727273,62.0,67.0,60.0,55.0,62.0,77.72727272727273,64.0,63.5,63.0,58.0
2016,10,0,41.538536585365854,95.0090243902439,34.3109756097561,113.42682926829268,63.0,62.0,67.0,58.0,55.0,77.72727272727273,63.666666666666664,65.0,66.0,61.0
2016,10,0,41.538536585365854,95.0090243902439,34.3109756097561,113.42682926829268,66.0,63.0,62.0,61.0,58.0,113.42682926829268,65.66666666666667,64.33333333333333,68.0,62.0
2016,10,0,41.538536585365854,95.0090243902439,34.3109756097561,113.42682926829268,68.0,66.0,63.0,62.0,61.0,113.42682926829268,65.0,64.5,61.0,60.0
2016,10,0,41.538536585365854,95.0090243902439,34.3109756097561,113.42682926829268,61.0,68.0,66.0,60.0,62.0,113.42682926829268,64.33333333333333,64.0,64.0,61.0
2016,10,0,41.538536585365854,95.0090243902439,34.3109756097561,113.42682926829268,64.0,61.0,68.0,61.0,60.0,113.42682926829268,60.333333333333336,63.0,56.0,56.0
2016,10,0,41.538536585365854,95.0090243902439,34.3109756097561,113.42682926829268,56.0,64.0,61.0,56.0,61.0,113.42682926829268,64.0,64.5,72.0,64.0
2016,10,0,41.538536585365854,95.0090243902439,34.3109756097561,113.42682926829268,72.0,56.0,64.0,64.0,56.0,113.42682926829268,62.666666666666664,63.5,60.0,55.0
2016,10,0,41.538536585365854,95.0090243902439,34.3109756097561,113.42682926829268,60.0,72.0,56.0,55.0,64.0,113.42682926829268,66.0,63.166666666666664,66.0,61.0
2016,10,0,41.538536585365854,95.0090243902439,34.3109756097561,113.42682926829268,66.0,60.0,72.0,61.0,55.0,113.42682926829268,62.333333333333336,63.166666666666664,61.0,54.0
2016,10,0,41.538536585365854,95.0090243902439,34.3109756097561,113.42682926829268,61.0,66.0,60.0,54.0,61.0,113.42682926829268,63.0,62.833333333333336,62.0,55.0
2016,11,0,47.418045977011495,92.33436781609196,34.24229885057471,109.28735632183908,62.0,61.0,66.0,55.0,54.0,113.42682926829268,63.0,64.5,66.0,57.0
2016,11,0,47.418045977011495,92.33436781609196,34.24229885057471,109.28735632183908,66.0,62.0,61.0,57.0,55.0,109.28735632183908,64.66666666666667,63.5,66.0,61.0
2016,11,0,47.418045977011495,92.33436781609196,34.24229885057471,109.28735632183908,66.0,66.0,62.0,61.0,57.0,109.28735632183908,63.0,63.0,57.0,50.0
2016,11,0,47.418045977011495,92.33436781609196,34.24229885057471,109.28735632183908,57.0,66.0,66.0,50.0,61.0,109.28735632183908,62.666666666666664,62.833333333333336,65.0,60.0
2016,11,0,47.418045977011495,92.33436781609196,34.24229885057471,109.28735632183908,65.0,57.0,66.0,60.0,50.0,109.28735632183908,59.333333333333336,62.0,56.0,55.0
2016,11,0,47.418045977011495,92.33436781609196,34.24229885057471,109.28735632183908,56.0,65.0,57.0,55.0,60.0,109.28735632183908,64.33333333333333,63.666666666666664,72.0,63.0
2016,11,0,47.418045977011495,92.33436781609196,34.24229885057471,109.28735632183908,72.0,56.0,65.0,63.0,55.0,109.28735632183908,62.333333333333336,62.5,59.0,56.0
2016,11,0,47.418045977011495,92.33436781609196,34.24229885057471,109.28735632183908,59.0,72.0,56.0,56.0,63.0,109.28735632183908,65.66666666666667,62.5,66.0,60.0
2016,11,0,47.418045977011495,92.33436781609196,34.24229885057471,109.28735632183908,66.0,59.0,72.0,60.0,56.0,109.28735632183908,61.666666666666664,63.0,60.0,54.0
2016,11,0,47.418045977011495,92.33436781609196,34.24229885057471,109.28735632183908,60.0,66.0,59.0,54.0,60.0,109.28735632183908,63.0,62.666666666666664,63.0,58.0
2016,12,0,35.37722222222222,92.64577777777777,41.81744444444445,114.1,63.0,60.0,66.0,58.0,54.0,109.28735632183908,63.0,64.33333333333333,66.0,56.0
2016,12,0,35.37722222222222,92.64577777777777,41.81744444444445,114.1,66.0,63.0,60.0,56.0,58.0,114.1,65.33333333333333,63.5,67.0,62.0
2016,12,0,35.37722222222222,92.64577777777777,41.81744444444445,114.1,67.0,66.0,63.0,62.0,56.0,114.1,63.666666666666664,63.333333333333336,58.0,49.0
2016,12,0,35.37722222222222,92.64577777777777,41.81744444444445,114.1,58.0,67.0,66.0,49.0,62.0,114.1,65.0,64.0,70.0,69.0
2016,12,0,35.37722222222222,92.64577777777777,41.81744444444445,114.1,70.0,58.0,67.0,69.0,49.0,114.1,61.333333333333336,63.333333333333336,56.0,55.0
2016,12,0,35.37722222222222,92.64577777777777,41.81744444444445,114.1,56.0,70.0,58.0,55.0,69.0,114.1,66.0,64.83333333333333,72.0,64.0
2016,12,0,35.37722222222222,92.64577777777777,41.81744444444445,114.1,72.0,56.0,70.0,64.0,55.0,114.1,62.333333333333336,63.666666666666664,59.0,54.0
2016,12,0,35.37722222222222,92.64577777777777,41.81744444444445,114.1,59.0,72.0,56.0,54.0,64.0,114.1,67.33333333333333,64.33333333333333,71.0,66.0
2016,12,0,35.37722222222222,92.64577777777777,41.81744444444445,114.1,71.0,59.0,72.0,66.0,54.0,114.1,63.666666666666664,64.83333333333333,61.0,56.0
2016,12,0,35.37722222222222,92.64577777777777,41.81744444444445,114.1,61.0,71.0,59.0,56.0,66.0,114.1,66.33333333333333,64.33333333333333,67.0,60.0
2017,1,0,33.719146341463414,87.06878048780489,40.24536585365853,113.34146341463416,67.0,61.0,71.0,60.0,56.0,114.1,65.0,66.16666666666667,67.0,59.0
2017,1,0,33.719146341463414,87.06878048780489,40.24536585365853,113.34146341463416,67.0,67.0,61.0,59.0,60.0,113.34146341463416,67.0,65.33333333333333,67.0,62.0
2017,1,0,33.719146341463414,87.06878048780489,40.24536585365853,113.34146341463416,67.0,67.0,67.0,62.0,59.0,113.34146341463416,63.333333333333336,64.83333333333333,56.0,49.0
2017,1,0,33.719146341463414,87.06878048780489,40.24536585365853,113.34146341463416,56.0,67.0,67.0,49.0,62.0,113.34146341463416,63.666666666666664,64.33333333333333,68.0,68.0
2017,1,0,33.719146341463414,87.06878048780489,40.24536585365853,113.34146341463416,68.0,56.0,67.0,68.0,49.0,113.34146341463416,59.0,63.0,53.0,57.0
2017,1,0,33.719146341463414,87.06878048780489,40.24536585365853,113.34146341463416,53.0,68.0,56.0,57.0,68.0,113.34146341463416,64.33333333333333,63.833333333333336,72.0,64.0
2017,1,0,33.719146341463414,87.06878048780489,40.24536585365853,113.34146341463416,72.0,53.0,68.0,64.0,57.0,113.34146341463416,61.666666666666664,62.666666666666664,60.0,55.0
2017,1,0,33.719146341463414,87.06878048780489,40.24536585365853,113.34146341463416,60.0,72.0,53.0,55.0,64.0,113.34146341463416,67.33333333333333,63.166666666666664,70.0,63.0
2017,1,0,33.719146341463414,87.06878048780489,40.24536585365853,113.34146341463416,70.0,60.0,72.0,63.0,55.0,113.34146341463416,63.333333333333336,63.833333333333336,60.0,53.0
2017,1,0,33.719146341463414,87.06878048780489,40.24536585365853,113.34146341463416,60.0,70.0,60.0,53.0,63.0,113.34146341463416,64.33333333333333,63.0,63.0,59.0
2017,2,0,34.76391891891892,81.25256756756757,57.03270270270271,115.83783783783784,63.0,60.0,70.0,59.0,53.0,113.34146341463416,63.333333333333336,65.33333333333333,67.0,58.0
2017,2,0,34.76391891891892,81.25256756756757,57.03270270270271,115.83783783783784,67.0,63.0,60.0,58.0,59.0,115.83783783783784,65.33333333333333,64.33333333333333,66.0,61.0
2017,2,0,34.76391891891892,81.25256756756757,57.03270270270271,115.83783783783784,66.0,67.0,63.0,61.0,58.0,115.83783783783784,63.0,63.666666666666664,56.0,51.0
2017,2,0,34.76391891891892,81.25256756756757,57.03270270270271,115.83783783783784,56.0,66.0,67.0,51.0,61.0,115.83783783783784,62.0,62.666666666666664,64.0,63.0
2017,2,0,34.76391891891892,81.25256756756757,57.03270270270271,115.83783783783784,64.0,56.0,66.0,63.0,51.0,115.83783783783784,58.666666666666664,62.0,56.0,60.0
2017,2,0,34.76391891891892,81.25256756756757,57.03270270270271,115.83783783783784,56.0,64.0,56.0,60.0,63.0,115.83783783783784,64.0,63.5,72.0,63.0
2017,2,0,34.76391891891892,81.25256756756757,57.03270270270271,115.83783783783784,72.0,56.0,64.0,63.0,60.0,115.83783783783784,62.666666666666664,62.333333333333336,60.0,55.0
2017,2,0,34.76391891891892,81.25256756756757,57.03270270270271,115.83783783783784,60.0,72.0,56.0,55.0,63.0,115.83783783783784,66.0,62.333333333333336,66.0,63.0
2017,2,0,34.76391891891892,81.25256756756757,57.03270270270271,115.83783783783784,66.0,60.0,72.0,63.0,55.0,115.83783783783784,62.0,63.0,60.0,54.0
2017,2,0,34.76391891891892,81.25256756756757,57.03270270270271,115.83783783783784,60.0,66.0,60.0,54.0,63.0,115.83783783783784,63.666666666666664,63.166666666666664,65.0,58.0
2017,3,0,34.99043010752688,78.8021505376344,37.18322580645161,80.10752688172043,65.0,60.0,66.0,58.0,54.0,115.83783783783784,63.0,64.5,64.0,55.0
2017,3,0,34.99043010752688,78.8021505376344,37.18322580645161,80.10752688172043,64.0,65.0,60.0,55.0,58.0,80.10752688172043,65.33333333333333,63.666666666666664,67.0,61.0
2017,3,0,34.99043010752688,78.8021505376344,37.18322580645161,80.10752688172043,67.0,64.0,65.0,61.0,55.0,80.10752688172043,62.333333333333336,63.0,56.0,51.0
2017,3,0,34.99043010752688,78.8021505376344,37.18322580645161,80.10752688172043,56.0,67.0,64.0,51.0,61.0,80.10752688172043,62.333333333333336,62.666666666666664,64.0,64.0
2017,3,0,34.99043010752688,78.8021505376344,37.18322580645161,80.10752688172043,64.0,56.0,67.0,64.0,51.0,80.10752688172043,57.666666666666664,61.5,53.0,55.0
2017,3,0,34.99043010752688,78.8021505376344,37.18322580645161,80.10752688172043,53.0,64.0,56.0,55.0,64.0,80.10752688172043,63.0,62.666666666666664,72.0,63.0
2017,3,0,34.99043010752688,78.8021505376344,37.18322580645161,80.10752688172043,72.0,53.0,64.0,63.0,55.0,80.10752688172043,62.0,62.166666666666664,61.0,55.0
2017,3,0,34.99043010752688,78.8021505376344,37.18322580645161,80.10752688172043,61.0,72.0,53.0,55.0,63.0,80.10752688172043,66.33333333333333,62.0,66.0,60.0
2017,3,0,34.99043010752688,78.8021505376344,37.18322580645161,80.10752688172043,66.0,61.0,72.0,60.0,55.0,80.10752688172043,62.333333333333336,62.666666666666664,60.0,56.0
2017,3,0,34.99043010752688,78.8021505376344,37.18322580645161,80.10752688172043,60.0,66.0,61.0,56.0,60.0,80.10752688172043,63.0,62.5,63.0,56.0
2017,4,0,36.02872093023256,79.37069767441861,31.69453488372093,92.80232558139537,63.0,60.0,66.0,56.0,56.0,80.10752688172043,61.333333333333336,63.833333333333336,61.0,55.0
2017,4,0,36.02872093023256,79.37069767441861,31.69453488372093,92.80232558139537,61.0,63.0,60.0,55.0,56.0,92.80232558139537,63.666666666666664,63.0,67.0,61.0
2017,4,0,36.02872093023256,79.37069767441861,31.69453488372093,92.80232558139537,67.0,61.0,63.0,61.0,55.0,92.80232558139537,61.333333333333336,62.166666666666664,56.0,48.0
2017,4,0,36.02872093023256,79.37069767441861,31.69453488372093,92.80232558139537,56.0,67.0,61.0,48.0,61.0,92.80232558139537,62.666666666666664,62.0,65.0,65.0
2017,4,0,36.02872093023256,79.37069767441861,31.69453488372093,92.80232558139537,65.0,56.0,67.0,65.0,48.0,92.80232558139537,56.333333333333336,60.0,48.0,46.0
2017,4,0,36.02872093023256,79.37069767441861,31.69453488372093,92.80232558139537,48.0,65.0,56.0,46.0,65.0,92.80232558139537,61.666666666666664,61.5,72.0,64.0
2017,4,0,36.02872093023256,79.37069767441861,31.69453488372093,92.80232558139537,72.0,48.0,65.0,64.0,46.0,92.80232558139537,61.0,61.833333333333336,63.0,54.0
2017,4,0,36.02872093023256,79.37069767441861,31.69453488372093,92.80232558139537,63.0,72.0,48.0,54.0,64.0,92.80232558139537,67.0,61.666666666666664,66.0,60.0
2017,4,0,36.02872093023256,79.37069767441861,31.69453488372093,92.80232558139537,66.0,63.0,72.0,60.0,54.0,92.80232558139537,63.0,62.333333333333336,60.0,57.0
2017,4,0,36.02872093023256,79.37069767441861,31.69453488372093,92.80232558139537,60.0,66.0,63.0,57.0,60.0,92.80232558139537,62.666666666666664,61.833333333333336,62.0,56.0
2017,5,0,31.99451612903226,70.90956989247312,31.34236559139785,69.87096774193549,62.0,60.0,66.0,56.0,57.0,92.80232558139537,60.0,63.5,58.0,54.0
2017,5,0,31.99451612903226,70.90956989247312,31.34236559139785,69.87096774193549,58.0,62.0,60.0,54.0,56.0,69.87096774193549,62.333333333333336,62.666666666666664,67.0,61.0
2017,5,0,31.99451612903226,70.90956989247312,31.34236559139785,69.87096774193549,67.0,58.0,62.0,61.0,54.0,69.87096774193549,61.0,61.833333333333336,58.0,50.0
2017,5,0,31.99451612903226,70.90956989247312,31.34236559139785,69.87096774193549,58.0,67.0,58.0,50.0,61.0,69.87096774193549,63.666666666666664,61.833333333333336,66.0,67.0
2017,5,0,31.99451612903226,70.90956989247312,31.34236559139785,69.87096774193549,66.0,58.0,67.0,67.0,50.0,69.87096774193549,58.666666666666664,60.5,52.0,51.0
2017,5,0,31.99451612903226,70.90956989247312,31.34236559139785,69.87096774193549,52.0,66.0,58.0,51.0,67.0,69.87096774193549,63.333333333333336,62.166666666666664,72.0,64.0
2017,5,0,31.99451612903226,70.90956989247312,31.34236559139785,69.87096774193549,72.0,52.0,66.0,64.0,51.0,69.87096774193549,61.0,62.333333333333336,59.0,55.0
2017,5,0,31.99451612903226,70.90956989247312,31.34236559139785,69.87096774193549,59.0,72.0,52.0,55.0,64.0,69.87096774193549,65.66666666666667,62.166666666666664,66.0,62.0
2017,5,0,31.99451612903226,70.90956989247312,31.34236559139785,69.87096774193549,66.0,59.0,72.0,62.0,55.0,69.87096774193549,62.0,62.666666666666664,61.0,57.0
2017,5,0,31.99451612903226,70.90956989247312,31.34236559139785,69.87096774193549,61.0,66.0,59.0,57.0,62.0,69.87096774193549,63.333333333333336,62.166666666666664,63.0,60.0
2017,6,0,25.46077777777777,76.61222222222221,31.38366666666667,61.7,63.0,61.0,66.0,60.0,57.0,69.87096774193549,63.666666666666664,64.66666666666667,67.0,57.0
2017,6,0,25.46077777777777,76.61222222222221,31.38366666666667,61.7,67.0,63.0,61.0,57.0,60.0,61.7,65.66666666666667,63.833333333333336,67.0,61.0
2017,6,0,25.46077777777777,76.61222222222221,31.38366666666667,61.7,67.0,67.0,63.0,61.0,57.0,61.7,63.666666666666664,63.5,57.0,49.0
2017,6,0,25.46077777777777,76.61222222222221,31.38366666666667,61.7,57.0,67.0,67.0,49.0,61.0,61.7,63.666666666666664,63.666666666666664,67.0,67.0
2017,6,0,25.46077777777777,76.61222222222221,31.38366666666667,61.7,67.0,57.0,67.0,67.0,49.0,61.7,59.666666666666664,62.666666666666664,55.0,59.0
2017,6,0,25.46077777777777,76.61222222222221,31.38366666666667,61.7,55.0,67.0,57.0,59.0,67.0,61.7,64.66666666666667,64.16666666666667,72.0,65.0
2017,6,0,25.46077777777777,76.61222222222221,31.38366666666667,61.7,72.0,55.0,67.0,65.0,59.0,61.7,62.333333333333336,63.0,60.0,55.0
2017,6,0,25.46077777777777,76.61222222222221,31.38366666666667,61.7,60.0,72.0,55.0,55.0,65.0,61.7,66.66666666666667,63.166666666666664,68.0,63.0
2017,6,0,25.46077777777777,76.61222222222221,31.38366666666667,61.7,68.0,60.0,72.0,63.0,55.0,61.7,63.666666666666664,64.16666666666667,63.0,59.0
2017,6,0,25.46077777777777,76.61222222222221,31.38366666666667,61.7,63.0,68.0,60.0,59.0,63.0,61.7,65.66666666666667,64.0,66.0,62.0
2017,7,0,30.341573033707867,82.22629213483145,37.03651685393258,91.61797752808988,66.0,63.0,68.0,62.0,59.0,61.7,65.66666666666667,66.16666666666667,68.0,57.0
2017,7,0,30.341573033707867,82.22629213483145,37.03651685393258,91.61797752808988,68.0,66.0,63.0,57.0,62.0,91.61797752808988,67.0,65.33333333333333,67.0,59.0
2017,7,0,30.341573033707867,82.22629213483145,37.03651685393258,91.61797752808988,67.0,68.0,66.0,59.0,57.0,91.61797752808988,64.0,64.83333333333333,57.0,50.0
2017,7,0,30.341573033707867,82.22629213483145,37.03651685393258,91.61797752808988,57.0,67.0,68.0,50.0,59.0,91.61797752808988,64.0,64.83333333333333,68.0,69.0
2017,7,0,30.341573033707867,82.22629213483145,37.03651685393258,91.61797752808988,68.0,57.0,67.0,69.0,50.0,91.61797752808988,59.666666666666664,63.333333333333336,54.0,57.0
2017,7,0,30.341573033707867,82.22629213483145,37.03651685393258,91.61797752808988,54.0,68.0,57.0,57.0,69.0,91.61797752808988,64.66666666666667,64.33333333333333,72.0,64.0
2017,7,0,30.341573033707867,82.22629213483145,37.03651685393258,91.61797752808988,72.0,54.0,68.0,64.0,57.0,91.61797752808988,62.0,63.0,60.0,54.0
2017,7,0,30.341573033707867,82.22629213483145,37.03651685393258,91.61797752808988,60.0,72.0,54.0,54.0,64.0,91.61797752808988,66.66666666666667,63.166666666666664,68.0,63.0
2017,7,0,30.341573033707867,82.22629213483145,37.03651685393258,91.61797752808988,68.0,60.0,72.0,63.0,54.0,91.61797752808988,68.66666666666667,66.66666666666667,78.0,75.0
2017,7,0,30.341573033707867,82.22629213483145,37.03651685393258,91.61797752808988,78.0,68.0,60.0,75.0,63.0,91.61797752808988,70.66666666666667,66.33333333333333,66.0,61.0
2017,8,0,25.360439560439563,75.50725274725275,28.59758241758242,81.9010989010989,66.0,78.0,68.0,61.0,75.0,91.61797752808988,70.33333333333333,68.5,67.0,58.0
2017,8,0,25.360439560439563,75.50725274725275,28.59758241758242,81.9010989010989,67.0,66.0,78.0,58.0,61.0,81.9010989010989,66.33333333333333,67.5,66.0,59.0
2017,8,0,25.360439560439563,75.50725274725275,28.59758241758242,81.9010989010989,66.0,67.0,66.0,59.0,58.0,81.9010989010989,63.333333333333336,67.0,57.0,50.0
2017,8,0,25.360439560439563,75.50725274725275,28.59758241758242,81.9010989010989,57.0,66.0,67.0,50.0,59.0,81.9010989010989,63.333333333333336,66.83333333333333,67.0,67.0
2017,8,0,25.360439560439563,75.50725274725275,28.59758241758242,81.9010989010989,67.0,57.0,66.0,67.0,50.0,81.9010989010989,60.333333333333336,63.333333333333336,57.0,55.0
2017,8,0,25.360439560439563,75.50725274725275,28.59758241758242,81.9010989010989,57.0,67.0,57.0,55.0,67.0,81.9010989010989,65.66666666666667,64.5,73.0,65.0
2017,8,0,25.360439560439563,75.50725274725275,28.59758241758242,81.9010989010989,73.0,57.0,67.0,65.0,55.0,81.9010989010989,63.333333333333336,63.333333333333336,60.0,54.0
2017,8,0,25.360439560439563,75.50725274725275,28.59758241758242,81.9010989010989,60.0,73.0,57.0,54.0,65.0,81.9010989010989,67.0,63.666666666666664,68.0,65.0
2017,8,0,25.360439560439563,75.50725274725275,28.59758241758242,81.9010989010989,68.0,60.0,73.0,65.0,54.0,81.9010989010989,68.66666666666667,67.16666666666667,78.0,83.0
2017,8,0,25.360439560439563,75.50725274725275,28.59758241758242,81.9010989010989,78.0,68.0,60.0,83.0,65.0,81.9010989010989,70.0,66.66666666666667,64.0,59.0
2017,9,0,27.878068181818183,76.38636363636364,30.96681818181818,75.72727272727273,64.0,78.0,68.0,59.0,83.0,81.9010989010989,69.66666666666667,68.33333333333333,67.0,61.0
2017,9,0,27.878068181818183,76.38636363636364,30.96681818181818,75.72727272727273,67.0,64.0,78.0,61.0,59.0,75.72727272727273,65.66666666666667,67.16666666666667,66.0,60.0
2017,9,0,27.878068181818183,76.38636363636364,30.96681818181818,75.72727272727273,66.0,67.0,64.0,60.0,61.0,75.72727272727273,63.333333333333336,66.66666666666667,57.0,51.0
2017,9,0,27.878068181818183,76.38636363636364,30.96681818181818,75.72727272727273,57.0,66.0,67.0,51.0,60.0,75.72727272727273,64.33333333333333,67.0,70.0,70.0
2017,9,0,27.878068181818183,76.38636363636364,30.96681818181818,75.72727272727273,70.0,57.0,66.0,70.0,51.0,75.72727272727273,61.333333333333336,63.5,57.0,65.0
2017,9,0,27.878068181818183,76.38636363636364,30.96681818181818,75.72727272727273,57.0,70.0,57.0,65.0,70.0,75.72727272727273,66.33333333333333,64.83333333333333,72.0,64.0
2017,9,0,27.878068181818183,76.38636363636364,30.96681818181818,75.72727272727273,72.0,57.0,70.0,64.0,65.0,75.72727272727273,63.0,63.666666666666664,60.0,56.0
2017,9,0,27.878068181818183,76.38636363636364,30.96681818181818,75.72727272727273,60.0,72.0,57.0,56.0,64.0,75.72727272727273,68.33333333333333,64.83333333333333,73.0,70.0
2017,9,0,27.878068181818183,76.38636363636364,30.96681818181818,75.72727272727273,73.0,60.0,72.0,70.0,56.0,75.72727272727273,64.66666666666667,65.5,61.0,57.0
2017,9,0,27.878068181818183,76.38636363636364,30.96681818181818,75.72727272727273,61.0,73.0,60.0,57.0,70.0,75.72727272727273,66.0,64.5,64.0,58.0
2017,10,0,38.16763636363636,77.06009090909092,31.178272727272727,88.6,64.0,61.0,73.0,58.0,57.0,75.72727272727273,63.666666666666664,66.0,66.0,61.0
2017,10,0,38.16763636363636,77.06009090909092,31.178272727272727,88.6,66.0,64.0,61.0,61.0,58.0,88.6,65.33333333333333,65.0,66.0,59.0
2017,10,0,38.16763636363636,77.06009090909092,31.178272727272727,88.6,66.0,66.0,64.0,59.0,61.0,88.6,63.666666666666664,64.83333333333333,59.0,51.0
2017,10,0,38.16763636363636,77.06009090909092,31.178272727272727,88.6,59.0,66.0,66.0,51.0,59.0,88.6,63.0,63.333333333333336,64.0,65.0
2017,10,0,38.16763636363636,77.06009090909092,31.178272727272727,88.6,64.0,59.0,66.0,65.0,51.0,88.6,65.0,65.16666666666667,72.0,74.0
2017,10,0,38.16763636363636,77.06009090909092,31.178272727272727,88.6,72.0,64.0,59.0,74.0,65.0,88.6,69.33333333333333,66.5,72.0,63.0
2017,10,0,38.16763636363636,77.06009090909092,31.178272727272727,88.6,72.0,72.0,64.0,63.0,74.0,88.6,68.0,65.5,60.0,55.0
2017,10,0,38.16763636363636,77.06009090909092,31.178272727272727,88.6,60.0,72.0,72.0,55.0,63.0,88.6,68.0,66.5,72.0,72.0
2017,10,0,38.16763636363636,77.06009090909092,31.178272727272727,88.6,72.0,60.0,72.0,72.0,55.0,88.6,64.0,66.66666666666667,60.0,55.0
2017,10,0,38.16763636363636,77.06009090909092,31.178272727272727,88.6,60.0,72.0,60.0,55.0,72.0,88.6,65.33333333333333,66.66666666666667,64.0,54.0
2017,11,0,33.17745614035088,68.42350877192982,38.31482456140351,80.42105263157895,64.0,60.0,72.0,54.0,55.0,88.6,64.66666666666667,66.33333333333333,70.0,67.0
2017,11,0,33.17745614035088,68.42350877192982,38.31482456140351,80.42105263157895,70.0,64.0,60.0,67.0,54.0,80.42105263157895,66.66666666666667,65.33333333333333,66.0,60.0
2017,11,0,33.17745614035088,68.42350877192982,38.31482456140351,80.42105263157895,66.0,70.0,64.0,60.0,67.0,80.42105263157895,64.0,64.66666666666667,56.0,50.0
2017,11,0,33.17745614035088,68.42350877192982,38.31482456140351,80.42105263157895,56.0,66.0,70.0,50.0,60.0,80.42105263157895,61.666666666666664,63.166666666666664,63.0,63.0
2017,11,0,33.17745614035088,68.42350877192982,38.31482456140351,80.42105263157895,63.0,56.0,66.0,63.0,50.0,80.42105263157895,64.0,65.33333333333333,73.0,69.0
2017,11,0,33.17745614035088,68.42350877192982,38.31482456140351,80.42105263157895,73.0,63.0,56.0,69.0,63.0,80.42105263157895,69.0,66.5,71.0,63.0
2017,11,0,33.17745614035088,68.42350877192982,38.31482456140351,80.42105263157895,71.0,73.0,63.0,63.0,69.0,80.42105263157895,67.66666666666667,64.66666666666667,59.0,54.0
2017,11,0,33.17745614035088,68.42350877192982,38.31482456140351,80.42105263157895,59.0,71.0,73.0,54.0,63.0,80.42105263157895,72.0,68.0,86.0,75.0
2017,11,0,33.17745614035088,68.42350877192982,38.31482456140351,80.42105263157895,86.0,59.0,71.0,75.0,54.0,80.42105263157895,68.66666666666667,68.83333333333333,61.0,57.0
2017,11,0,33.17745614035088,68.42350877192982,38.31482456140351,80.42105263157895,61.0,86.0,59.0,57.0,75.0,80.42105263157895,76.66666666666667,72.16666666666667,83.0,77.0
2017,12,0,41.2546875,74.35072916666667,53.51666666666667,96.375,83.0,61.0,86.0,77.0,57.0,80.42105263157895,71.0,71.5,69.0,65.0
2017,12,0,41.2546875,74.35072916666667,53.51666666666667,96.375,69.0,83.0,61.0,65.0,77.0,96.375,73.0,70.83333333333333,67.0,62.0
2017,12,0,41.2546875,74.35072916666667,53.51666666666667,96.375,67.0,69.0,83.0,62.0,65.0,96.375,64.0,70.33333333333333,56.0,51.0
2017,12,0,41.2546875,74.35072916666667,53.51666666666667,96.375,56.0,67.0,69.0,51.0,62.0,96.375,62.0,66.5,63.0,63.0
2017,12,0,41.2546875,74.35072916666667,53.51666666666667,96.375,63.0,56.0,67.0,63.0,51.0,96.375,65.0,69.0,76.0,67.0
2017,12,0,41.2546875,74.35072916666667,53.51666666666667,96.375,76.0,63.0,56.0,67.0,63.0,96.375,70.0,67.0,71.0,62.0
2017,12,0,41.2546875,74.35072916666667,53.51666666666667,96.375,71.0,76.0,63.0,62.0,67.0,96.375,68.33333333333333,65.16666666666667,58.0,54.0
2017,12,0,41.2546875,74.35072916666667,53.51666666666667,96.375,58.0,71.0,76.0,54.0,62.0,96.375,67.0,66.0,72.0,67.0
2017,12,0,41.2546875,74.35072916666667,53.51666666666667,96.375,72.0,58.0,71.0,67.0,54.0,96.375,63.666666666666664,66.83333333333333,61.0,57.0
2017,12,0,41.2546875,74.35072916666667,53.51666666666667,96.375,61.0,72.0,58.0,57.0,67.0,96.375,67.33333333333333,67.83333333333333,69.0,59.0
2018,1,0,35.25553956834533,85.54741007194245,38.99438848920863,98.64748201438849,69.0,61.0,72.0,59.0,57.0,96.375,64.0,65.5,62.0,62.0
2018,1,0,35.25553956834533,85.54741007194245,38.99438848920863,98.64748201438849,62.0,69.0,61.0,62.0,59.0,98.64748201438849,62.0,62.833333333333336,55.0,53.0
2018,1,0,35.25553956834533,85.54741007194245,38.99438848920863,98.64748201438849,55.0,62.0,69.0,53.0,62.0,98.64748201438849,63.666666666666664,65.5,74.0,67.0
2018,1,0,35.25553956834533,85.54741007194245,38.99438848920863,98.64748201438849,74.0,55.0,62.0,67.0,53.0,98.64748201438849,64.66666666666667,64.33333333333333,65.0,59.0
2018,1,0,35.25553956834533,85.54741007194245,38.99438848920863,98.64748201438849,65.0,74.0,55.0,59.0,67.0,98.64748201438849,68.0,65.0,65.0,56.0
2018,1,0,35.25553956834533,85.54741007194245,38.99438848920863,98.64748201438849,65.0,65.0,74.0,56.0,59.0,98.64748201438849,67.0,65.33333333333333,71.0,64.0
2018,1,0,35.25553956834533,85.54741007194245,38.99438848920863,98.64748201438849,71.0,65.0,65.0,64.0,56.0,98.64748201438849,65.0,64.83333333333333,59.0,54.0
2018,1,0,35.25553956834533,85.54741007194245,38.99438848920863,98.64748201438849,59.0,71.0,65.0,54.0,64.0,98.64748201438849,65.33333333333333,66.66666666666667,66.0,62.0
2018,1,0,35.25553956834533,85.54741007194245,38.99438848920863,98.64748201438849,66.0,59.0,71.0,62.0,54.0,98.64748201438849,59.666666666666664,63.333333333333336,54.0,54.0
2018,1,0,35.25553956834533,85.54741007194245,38.99438848920863,98.64748201438849,54.0,66.0,59.0,54.0,62.0,98.64748201438849,61.0,63.0,63.0,57.0
2018,2,0,29.8115,75.92007142857142,29.10242857142857,81.79285714285714,63.0,54.0,66.0,57.0,54.0,98.64748201438849,59.0,62.166666666666664,60.0,59.0
2018,2,0,29.8115,75.92007142857142,29.10242857142857,81.79285714285714,60.0,63.0,54.0,59.0,57.0,81.79285714285714,60.666666666666664,60.166666666666664,59.0,52.0
2018,2,0,29.8115,75.92007142857142,29.10242857142857,81.79285714285714,59.0,60.0,63.0,52.0,59.0,81.79285714285714,64.66666666666667,62.833333333333336,75.0,68.0
2018,2,0,29.8115,75.92007142857142,29.10242857142857,81.79285714285714,75.0,59.0,60.0,68.0,52.0,81.79285714285714,67.33333333333333,63.166666666666664,68.0,60.0
2018,2,0,29.8115,75.92007142857142,29.10242857142857,81.79285714285714,68.0,75.0,59.0,60.0,68.0,81.79285714285714,69.33333333333333,65.0,65.0,56.0
2018,2,0,29.8115,75.92007142857142,29.10242857142857,81.79285714285714,65.0,68.0,75.0,56.0,60.0,81.79285714285714,68.0,66.33333333333333,71.0,65.0
2018,2,0,29.8115,75.92007142857142,29.10242857142857,81.79285714285714,71.0,65.0,68.0,65.0,56.0,81.79285714285714,65.33333333333333,66.33333333333333,60.0,55.0
2018,2,0,29.8115,75.92007142857142,29.10242857142857,81.79285714285714,60.0,71.0,65.0,55.0,65.0,81.79285714285714,65.66666666666667,67.5,66.0,63.0
2018,2,0,29.8115,75.92007142857142,29.10242857142857,81.79285714285714,66.0,60.0,71.0,63.0,55.0,81.79285714285714,59.0,63.5,51.0,58.0
2018,2,0,29.8115,75.92007142857142,29.10242857142857,81.79285714285714,51.0,66.0,60.0,58.0,63.0,81.79285714285714,60.333333333333336,62.833333333333336,64.0,58.0
2018,3,0,31.841571428571427,79.36928571428571,27.5875,88.22857142857143,64.0,51.0,66.0,58.0,58.0,81.79285714285714,58.0,61.833333333333336,59.0,58.0
2018,3,0,31.841571428571427,79.36928571428571,27.5875,88.22857142857143,59.0,64.0,51.0,58.0,58.0,88.22857142857143,60.666666666666664,59.833333333333336,59.0,56.0
2018,3,0,31.841571428571427,79.36928571428571,27.5875,88.22857142857143,59.0,59.0,64.0,56.0,58.0,88.22857142857143,65.0,62.666666666666664,77.0,71.0
2018,3,0,31.841571428571427,79.36928571428571,27.5875,88.22857142857143,77.0,59.0,59.0,71.0,56.0,88.22857142857143,67.66666666666667,62.833333333333336,67.0,61.0
2018,3,0,31.841571428571427,79.36928571428571,27.5875,88.22857142857143,67.0,77.0,59.0,61.0,71.0,88.22857142857143,69.66666666666667,65.16666666666667,65.0,57.0
2018,3,0,31.841571428571427,79.36928571428571,27.5875,88.22857142857143,65.0,67.0,77.0,57.0,61.0,88.22857142857143,67.66666666666667,66.33333333333333,71.0,64.0
2018,3,0,31.841571428571427,79.36928571428571,27.5875,88.22857142857143,71.0,65.0,67.0,64.0,57.0,88.22857142857143,65.33333333333333,66.5,60.0,54.0
2018,3,0,31.841571428571427,79.36928571428571,27.5875,88.22857142857143,60.0,71.0,65.0,54.0,64.0,88.22857142857143,65.66666666666667,67.66666666666667,66.0,62.0
2018,3,0,31.841571428571427,79.36928571428571,27.5875,88.22857142857143,66.0,60.0,71.0,62.0,54.0,88.22857142857143,62.333333333333336,65.0,61.0,67.0
2018,3,0,31.841571428571427,79.36928571428571,27.5875,88.22857142857143,61.0,66.0,60.0,67.0,62.0,88.22857142857143,63.666666666666664,64.5,64.0,57.0
2018,4,0,34.03596330275229,74.58798165137615,24.890366972477064,83.0091743119266,64.0,61.0,66.0,57.0,67.0,88.22857142857143,61.666666666666664,63.666666666666664,60.0,60.0
2018,4,0,34.03596330275229,74.58798165137615,24.890366972477064,83.0091743119266,60.0,64.0,61.0,60.0,57.0,83.0091743119266,59.666666666666664,61.0,55.0,54.0
2018,4,0,34.03596330275229,74.58798165137615,24.890366972477064,83.0091743119266,55.0,60.0,64.0,54.0,60.0,83.0091743119266,63.666666666666664,63.666666666666664,76.0,69.0
2018,4,0,34.03596330275229,74.58798165137615,24.890366972477064,83.0091743119266,76.0,55.0,60.0,69.0,54.0,83.0091743119266,66.0,63.833333333333336,67.0,62.0
2018,4,0,34.03596330275229,74.58798165137615,24.890366972477064,83.0091743119266,67.0,76.0,55.0,62.0,69.0,83.0091743119266,69.0,64.33333333333333,64.0,57.0
2018,4,0,34.03596330275229,74.58798165137615,24.890366972477064,83.0091743119266,64.0,67.0,76.0,57.0,62.0,83.0091743119266,67.33333333333333,65.5,71.0,65.0
2018,4,0,34.03596330275229,74.58798165137615,24.890366972477064,83.0091743119266,71.0,64.0,67.0,65.0,57.0,83.0091743119266,64.33333333333333,65.16666666666667,58.0,53.0
2018,4,0,34.03596330275229,74.58798165137615,24.890366972477064,83.0091743119266,58.0,71.0,64.0,53.0,65.0,83.0091743119266,64.66666666666667,66.83333333333333,65.0,61.0
2018,4,0,34.03596330275229,74.58798165137615,24.890366972477064,83.0091743119266,65.0,58.0,71.0,61.0,53.0,83.0091743119266,57.666666666666664,62.5,50.0,55.0
2018,4,0,34.03596330275229,74.58798165137615,24.890366972477064,83.0091743119266,50.0,65.0,58.0,55.0,61.0,83.0091743119266,59.0,61.666666666666664,62.0,55.0
2018,5,0,35.39023255813954,72.31403100775194,26.542248062015503,84.30232558139535,62.0,50.0,65.0,55.0,55.0,83.0091743119266,59.0,61.833333333333336,65.0,65.0
2018,5,0,35.39023255813954,72.31403100775194,26.542248062015503,84.30232558139535,65.0,62.0,50.0,65.0,55.0,84.30232558139535,60.666666666666664,59.166666666666664,55.0,66.0
2018,5,0,35.39023255813954,72.31403100775194,26.542248062015503,84.30232558139535,55.0,65.0,62.0,66.0,65.0,84.30232558139535,65.0,62.0,75.0,70.0
2018,5,0,35.39023255813954,72.31403100775194,26.542248062015503,84.30232558139535,75.0,55.0,65.0,70.0,66.0,84.30232558139535,65.66666666666667,62.333333333333336,67.0,61.0
2018,5,0,35.39023255813954,72.31403100775194,26.542248062015503,84.30232558139535,67.0,75.0,55.0,61.0,70.0,84.30232558139535,68.0,64.33333333333333,62.0,57.0
2018,5,0,35.39023255813954,72.31403100775194,26.542248062015503,84.30232558139535,62.0,67.0,75.0,57.0,61.0,84.30232558139535,66.66666666666667,65.83333333333333,71.0,65.0
2018,5,0,35.39023255813954,72.31403100775194,26.542248062015503,84.30232558139535,71.0,62.0,67.0,65.0,57.0,84.30232558139535,64.0,64.83333333333333,59.0,54.0
2018,5,0,35.39023255813954,72.31403100775194,26.542248062015503,84.30232558139535,59.0,71.0,62.0,54.0,65.0,84.30232558139535,65.0,66.5,65.0,62.0
2018,5,0,35.39023255813954,72.31403100775194,26.542248062015503,84.30232558139535,65.0,59.0,71.0,62.0,54.0,84.30232558139535,57.0,61.833333333333336,47.0,57.0
2018,5,0,35.39023255813954,72.31403100775194,26.542248062015503,84.30232558139535,47.0,65.0,59.0,57.0,62.0,84.30232558139535,58.0,61.0,62.0,55.0
2018,6,0,27.356516129032254,68.50483870967741,23.102516129032256,71.21935483870968,62.0,47.0,65.0,55.0,57.0,84.30232558139535,58.666666666666664,61.833333333333336,67.0,67.0
2018,6,0,27.356516129032254,68.50483870967741,23.102516129032256,71.21935483870968,67.0,62.0,47.0,67.0,55.0,71.21935483870968,60.0,58.5,51.0,49.0
2018,6,0,27.356516129032254,68.50483870967741,23.102516129032256,71.21935483870968,51.0,67.0,62.0,49.0,67.0,71.21935483870968,65.0,61.5,77.0,73.0
2018,6,0,27.356516129032254,68.50483870967741,23.102516129032256,71.21935483870968,77.0,51.0,67.0,73.0,49.0,71.21935483870968,65.0,61.833333333333336,67.0,62.0
2018,6,0,27.356516129032254,68.50483870967741,23.102516129032256,71.21935483870968,67.0,77.0,51.0,62.0,73.0,71.21935483870968,69.0,64.5,63.0,57.0
2018,6,0,27.356516129032254,68.50483870967741,23.102516129032256,71.21935483870968,63.0,67.0,77.0,57.0,62.0,71.21935483870968,67.33333333333333,66.16666666666667,72.0,66.0
2018,6,0,27.356516129032254,68.50483870967741,23.102516129032256,71.21935483870968,72.0,63.0,67.0,66.0,57.0,71.21935483870968,65.0,65.0,60.0,54.0
2018,6,0,27.356516129032254,68.50483870967741,23.102516129032256,71.21935483870968,60.0,72.0,63.0,54.0,66.0,71.21935483870968,66.0,67.5,66.0,64.0
2018,6,0,27.356516129032254,68.50483870967741,23.102516129032256,71.21935483870968,66.0,60.0,72.0,64.0,54.0,71.21935483870968,65.33333333333333,66.33333333333333,70.0,65.0
2018,6,0,27.356516129032254,68.50483870967741,23.102516129032256,71.21935483870968,70.0,66.0,60.0,65.0,64.0,71.21935483870968,67.33333333333333,66.16666666666667,66.0,61.0
2018,7,0,23.048217821782178,62.76531353135314,19.226732673267325,65.22772277227723,66.0,70.0,66.0,61.0,65.0,71.21935483870968,68.0,67.0,68.0,67.0
2018,7,0,23.048217821782178,62.76531353135314,19.226732673267325,65.22772277227723,68.0,66.0,70.0,67.0,61.0,65.22772277227723,64.33333333333333,64.83333333333333,59.0,56.0
2018,7,0,23.048217821782178,62.76531353135314,19.226732673267325,65.22772277227723,59.0,68.0,66.0,56.0,67.0,65.22772277227723,68.0,67.66666666666667,77.0,72.0
2018,7,0,23.048217821782178,62.76531353135314,19.226732673267325,65.22772277227723,77.0,59.0,68.0,72.0,56.0,65.22772277227723,67.66666666666667,67.83333333333333,67.0,62.0
2018,7,0,23.048217821782178,62.76531353135314,19.226732673267325,65.22772277227723,67.0,77.0,59.0,62.0,72.0,65.22772277227723,69.0,66.66666666666667,63.0,57.0
2018,7,0,23.048217821782178,62.76531353135314,19.226732673267325,65.22772277227723,63.0,67.0,77.0,57.0,62.0,65.22772277227723,67.66666666666667,67.83333333333333,73.0,67.0
2018,7,0,23.048217821782178,62.76531353135314,19.226732673267325,65.22772277227723,73.0,63.0,67.0,67.0,57.0,65.22772277227723,65.66666666666667,66.66666666666667,61.0,54.0
2018,7,0,23.048217821782178,62.76531353135314,19.226732673267325,65.22772277227723,61.0,73.0,63.0,54.0,67.0,65.22772277227723,67.33333333333333,68.16666666666667,68.0,64.0
2018,7,0,23.048217821782178,62.76531353135314,19.226732673267325,65.22772277227723,68.0,61.0,73.0,64.0,54.0,65.22772277227723,66.33333333333333,67.0,70.0,65.0
2018,7,0,23.048217821782178,62.76531353135314,19.226732673267325,65.22772277227723,70.0,68.0,61.0,65.0,64.0,65.22772277227723,68.33333333333333,67.0,67.0,62.0
2018,8,0,21.40403278688525,64.19281967213115,18.55537704918033,64.18688524590164,67.0,70.0,68.0,62.0,65.0,65.22772277227723,68.33333333333333,67.83333333333333,68.0,67.0
2018,8,0,21.40403278688525,64.19281967213115,18.55537704918033,64.18688524590164,68.0,67.0,70.0,67.0,62.0,64.18688524590164,69.66666666666667,68.0,74.0,69.0
2018,8,0,21.40403278688525,64.19281967213115,18.55537704918033,64.18688524590164,74.0,68.0,67.0,69.0,67.0,64.18688524590164,72.33333333333333,70.33333333333333,75.0,71.0
2018,8,0,21.40403278688525,64.19281967213115,18.55537704918033,64.18688524590164,75.0,74.0,68.0,71.0,69.0,64.18688524590164,72.0,70.16666666666667,67.0,62.0
2018,8,0,21.40403278688525,64.19281967213115,18.55537704918033,64.18688524590164,67.0,75.0,74.0,62.0,71.0,64.18688524590164,68.33333333333333,69.0,63.0,57.0
2018,8,0,21.40403278688525,64.19281967213115,18.55537704918033,64.18688524590164,63.0,67.0,75.0,57.0,62.0,64.18688524590164,67.66666666666667,70.0,73.0,67.0
2018,8,0,21.40403278688525,64.19281967213115,18.55537704918033,64.18688524590164,73.0,63.0,67.0,67.0,57.0,64.18688524590164,65.33333333333333,68.66666666666667,60.0,54.0
2018,8,0,21.40403278688525,64.19281967213115,18.55537704918033,64.18688524590164,60.0,73.0,63.0,54.0,67.0,64.18688524590164,66.66666666666667,67.5,67.0,64.0
2018,8,0,21.40403278688525,64.19281967213115,18.55537704918033,64.18688524590164,67.0,60.0,73.0,64.0,54.0,64.18688524590164,65.33333333333333,66.5,69.0,66.0
2018,8,0,21.40403278688525,64.19281967213115,18.55537704918033,64.18688524590164,69.0,67.0,60.0,66.0,64.0,64.18688524590164,67.33333333333333,66.33333333333333,66.0,61.0
2018,9,0,26.24393835616438,71.1086301369863,29.862328767123284,76.95547945205479,66.0,69.0,67.0,61.0,66.0,64.18688524590164,68.33333333333333,67.5,70.0,69.0
2018,9,0,26.24393835616438,71.1086301369863,29.862328767123284,76.95547945205479,70.0,66.0,69.0,69.0,61.0,76.95547945205479,66.0,65.66666666666667,62.0,59.0
2018,9,0,26.24393835616438,71.1086301369863,29.862328767123284,76.95547945205479,62.0,70.0,66.0,59.0,69.0,76.95547945205479,68.66666666666667,68.0,74.0,69.0
2018,9,0,26.24393835616438,71.1086301369863,29.862328767123284,76.95547945205479,74.0,62.0,70.0,69.0,59.0,76.95547945205479,67.66666666666667,68.0,67.0,62.0
2018,9,0,26.24393835616438,71.1086301369863,29.862328767123284,76.95547945205479,67.0,74.0,62.0,62.0,69.0,76.95547945205479,68.0,67.0,63.0,58.0
2018,9,0,26.24393835616438,71.1086301369863,29.862328767123284,76.95547945205479,63.0,67.0,74.0,58.0,62.0,76.95547945205479,67.33333333333333,68.0,72.0,66.0
2018,9,0,26.24393835616438,71.1086301369863,29.862328767123284,76.95547945205479,72.0,63.0,67.0,66.0,58.0,76.95547945205479,64.33333333333333,66.0,58.0,53.0
2018,9,0,26.24393835616438,71.1086301369863,29.862328767123284,76.95547945205479,58.0,72.0,63.0,53.0,66.0,76.95547945205479,66.0,67.0,68.0,66.0
2018,9,0,26.24393835616438,71.1086301369863,29.862328767123284,76.95547945205479,68.0,58.0,72.0,66.0,53.0,76.95547945205479,65.0,66.16666666666667,69.0,65.0
2018,9,0,26.24393835616438,71.1086301369863,29.862328767123284,76.95547945205479,69.0,68.0,58.0,65.0,66.0,76.95547945205479,66.33333333333333,65.33333333333333,62.0,56.0
2018,10,0,36.43860215053764,87.8179569892473,33.86448028673836,94.22939068100358,62.0,69.0,68.0,56.0,65.0,76.95547945205479,66.0,66.0,67.0,67.0
2018,10,0,36.43860215053764,87.8179569892473,33.86448028673836,94.22939068100358,67.0,62.0,69.0,67.0,56.0,94.22939068100358,63.333333333333336,64.16666666666667,61.0,59.0
2018,10,0,36.43860215053764,87.8179569892473,33.86448028673836,94.22939068100358,61.0,67.0,62.0,59.0,67.0,94.22939068100358,63.333333333333336,64.83333333333333,62.0,56.0
2018,10,0,36.43860215053764,87.8179569892473,33.86448028673836,94.22939068100358,62.0,61.0,67.0,56.0,59.0,94.22939068100358,63.333333333333336,64.66666666666667,67.0,62.0
2018,10,0,36.43860215053764,87.8179569892473,33.86448028673836,94.22939068100358,67.0,62.0,61.0,62.0,56.0,94.22939068100358,63.666666666666664,63.5,62.0,56.0
2018,10,0,36.43860215053764,87.8179569892473,33.86448028673836,94.22939068100358,62.0,67.0,62.0,56.0,62.0,94.22939068100358,67.0,65.16666666666667,72.0,65.0
2018,10,0,36.43860215053764,87.8179569892473,33.86448028673836,94.22939068100358,72.0,62.0,67.0,65.0,56.0,94.22939068100358,64.33333333333333,63.833333333333336,59.0,53.0
2018,10,0,36.43860215053764,87.8179569892473,33.86448028673836,94.22939068100358,59.0,72.0,62.0,53.0,65.0,94.22939068100358,66.0,64.83333333333333,67.0,62.0
2018,10,0,36.43860215053764,87.8179569892473,33.86448028673836,94.22939068100358,67.0,59.0,72.0,62.0,53.0,94.22939068100358,64.66666666666667,65.83333333333333,68.0,62.0
2018,10,0,36.43860215053764,87.8179569892473,33.86448028673836,94.22939068100358,68.0,67.0,59.0,62.0,62.0,94.22939068100358,66.0,65.16666666666667,63.0,54.0
2018,11,0,42.41264084507043,87.26288732394366,32.445915492957745,103.45422535211269,63.0,68.0,67.0,54.0,62.0,94.22939068100358,66.0,66.0,67.0,67.0
2018,11,0,42.41264084507043,87.26288732394366,32.445915492957745,103.45422535211269,67.0,63.0,68.0,67.0,54.0,103.45422535211269,63.333333333333336,64.0,60.0,58.0
2018,11,0,42.41264084507043,87.26288732394366,32.445915492957745,103.45422535211269,60.0,67.0,63.0,58.0,67.0,103.45422535211269,63.333333333333336,64.66666666666667,63.0,57.0
2018,11,0,42.41264084507043,87.26288732394366,32.445915492957745,103.45422535211269,63.0,60.0,67.0,57.0,58.0,103.45422535211269,63.333333333333336,64.66666666666667,67.0,62.0
2018,11,0,42.41264084507043,87.26288732394366,32.445915492957745,103.45422535211269,67.0,63.0,60.0,62.0,57.0,103.45422535211269,64.0,63.666666666666664,62.0,57.0
2018,11,0,42.41264084507043,87.26288732394366,32.445915492957745,103.45422535211269,62.0,67.0,63.0,57.0,62.0,103.45422535211269,67.0,65.16666666666667,72.0,65.0
2018,11,0,42.41264084507043,87.26288732394366,32.445915492957745,103.45422535211269,72.0,62.0,67.0,65.0,57.0,103.45422535211269,64.33333333333333,63.833333333333336,59.0,53.0
2018,11,0,42.41264084507043,87.26288732394366,32.445915492957745,103.45422535211269,59.0,72.0,62.0,53.0,65.0,103.45422535211269,66.0,65.0,67.0,63.0
2018,11,0,42.41264084507043,87.26288732394366,32.445915492957745,103.45422535211269,67.0,59.0,72.0,63.0,53.0,103.45422535211269,63.666666666666664,65.33333333333333,65.0,29.0
2018,11,0,42.41264084507043,87.26288732394366,32.445915492957745,103.45422535211269,65.0,67.0,59.0,29.0,63.0,103.45422535211269,65.33333333333333,64.83333333333333,64.0,57.0
2018,12,0,50.94052264808362,96.04404181184668,35.21557491289199,118.8362369337979,64.0,65.0,67.0,57.0,29.0,103.45422535211269,65.66666666666667,65.83333333333333,68.0,67.0
2018,12,0,50.94052264808362,96.04404181184668,35.21557491289199,118.8362369337979,68.0,64.0,65.0,67.0,57.0,118.8362369337979,63.666666666666664,63.666666666666664,59.0,56.0
2018,12,0,50.94052264808362,96.04404181184668,35.21557491289199,118.8362369337979,59.0,68.0,64.0,56.0,67.0,118.8362369337979,61.0,63.166666666666664,56.0,50.0
2018,12,0,50.94052264808362,96.04404181184668,35.21557491289199,118.8362369337979,56.0,59.0,68.0,50.0,56.0,118.8362369337979,60.666666666666664,63.166666666666664,67.0,62.0
2018,12,0,50.94052264808362,96.04404181184668,35.21557491289199,118.8362369337979,67.0,56.0,59.0,62.0,50.0,118.8362369337979,61.666666666666664,62.666666666666664,62.0,57.0
2018,12,0,50.94052264808362,96.04404181184668,35.21557491289199,118.8362369337979,62.0,67.0,56.0,57.0,62.0,118.8362369337979,67.0,64.0,72.0,66.0
2018,12,0,50.94052264808362,96.04404181184668,35.21557491289199,118.8362369337979,72.0,62.0,67.0,66.0,57.0,118.8362369337979,64.0,62.333333333333336,58.0,53.0
2018,12,0,50.94052264808362,96.04404181184668,35.21557491289199,118.8362369337979,58.0,72.0,62.0,53.0,66.0,118.8362369337979,66.0,63.833333333333336,68.0,64.0
2018,12,0,50.94052264808362,96.04404181184668,35.21557491289199,118.8362369337979,68.0,58.0,72.0,64.0,53.0,118.8362369337979,63.333333333333336,65.16666666666667,64.0,61.0
2018,12,0,50.94052264808362,96.04404181184668,35.21557491289199,118.8362369337979,64.0,68.0,58.0,61.0,64.0,118.8362369337979,64.66666666666667,64.33333333333333,62.0,57.0
2015,1,1,41.425,50.24500000000001,32.85655913978494,93.0,71.0,79.0,71.0,62.0,75.0,93.0,74.33333333333333,72.66666666666667,73.0,66.0
2015,1,1,41.425,50.24500000000001,32.85655913978494,93.0,73.0,71.0,79.0,66.0,62.0,93.0,69.33333333333333,72.33333333333333,64.0,57.0
2015,1,1,41.425,50.24500000000001,32.85655913978494,93.0,64.0,73.0,71.0,57.0,66.0,93.0,68.66666666666667,71.16666666666667,69.0,61.0
2015,1,1,41.425,50.24500000000001,32.85655913978494,93.0,69.0,64.0,73.0,61.0,57.0,93.0,66.0,70.16666666666667,65.0,56.0
2015,1,1,41.425,50.24500000000001,32.85655913978494,93.0,65.0,69.0,64.0,56.0,61.0,93.0,66.0,67.66666666666667,64.0,57.0
2015,2,1,41.425,50.245,14.271204819277107,93.0,64.0,65.0,69.0,57.0,56.0,93.0,64.66666666666667,66.66666666666667,65.0,56.0
2015,2,1,41.425,50.245,14.271204819277107,93.0,65.0,64.0,65.0,56.0,57.0,93.0,68.33333333333333,67.16666666666667,76.0,66.0
2015,2,1,41.425,50.245,14.271204819277107,93.0,76.0,65.0,64.0,66.0,56.0,93.0,70.66666666666667,68.33333333333333,71.0,61.0
2015,2,1,41.425,50.245,14.271204819277107,93.0,71.0,76.0,65.0,61.0,66.0,93.0,75.66666666666667,70.16666666666667,80.0,75.0
2015,2,1,41.425,50.245,14.271204819277107,93.0,80.0,71.0,76.0,75.0,61.0,93.0,74.0,71.16666666666667,71.0,61.0
2015,2,1,41.425,50.245,14.271204819277107,93.0,71.0,80.0,71.0,61.0,75.0,93.0,74.66666666666667,72.66666666666667,73.0,67.0
2015,2,1,41.425,50.245,14.271204819277107,93.0,73.0,71.0,80.0,67.0,61.0,93.0,69.66666666666667,72.66666666666667,65.0,58.0
2015,2,1,41.425,50.245,14.271204819277107,93.0,65.0,73.0,71.0,58.0,67.0,93.0,70.66666666666667,72.33333333333333,74.0,81.0
2015,2,1,41.425,50.245,14.271204819277107,93.0,74.0,65.0,73.0,81.0,58.0,93.0,68.0,71.33333333333333,65.0,57.0
2015,2,1,41.425,50.245,14.271204819277107,93.0,65.0,74.0,65.0,57.0,81.0,93.0,68.0,68.83333333333333,65.0,56.0
2015,3,1,54.32322580645161,50.24500000000001,31.123763440860216,107.55913978494624,65.0,65.0,74.0,56.0,57.0,93.0,65.0,67.83333333333333,65.0,55.0
2015,3,1,54.32322580645161,50.24500000000001,31.123763440860216,107.55913978494624,65.0,65.0,65.0,55.0,56.0,107.55913978494624,68.66666666666667,68.33333333333333,76.0,67.0
2015,3,1,54.32322580645161,50.24500000000001,31.123763440860216,107.55913978494624,76.0,65.0,65.0,67.0,55.0,107.55913978494624,71.66666666666667,69.83333333333333,74.0,62.0
2015,3,1,54.32322580645161,50.24500000000001,31.123763440860216,107.55913978494624,74.0,76.0,65.0,62.0,67.0,107.55913978494624,76.66666666666667,70.83333333333333,80.0,75.0
2015,3,1,54.32322580645161,50.24500000000001,31.123763440860216,107.55913978494624,80.0,74.0,76.0,75.0,62.0,107.55913978494624,75.33333333333333,72.0,72.0,60.0
2015,3,1,54.32322580645161,50.24500000000001,31.123763440860216,107.55913978494624,72.0,80.0,74.0,60.0,75.0,107.55913978494624,75.33333333333333,73.5,74.0,67.0
2015,3,1,54.32322580645161,50.24500000000001,31.123763440860216,107.55913978494624,74.0,72.0,80.0,67.0,60.0,107.55913978494624,70.66666666666667,73.66666666666667,66.0,57.0
2015,3,1,54.32322580645161,50.24500000000001,31.123763440860216,107.55913978494624,66.0,74.0,72.0,57.0,67.0,107.55913978494624,70.0,72.66666666666667,70.0,60.0
2015,3,1,54.32322580645161,50.24500000000001,31.123763440860216,107.55913978494624,70.0,66.0,74.0,60.0,57.0,107.55913978494624,67.0,71.16666666666667,65.0,56.0
2015,3,1,54.32322580645161,50.24500000000001,31.123763440860216,107.55913978494624,65.0,70.0,66.0,56.0,60.0,107.55913978494624,66.66666666666667,68.66666666666667,65.0,56.0
2015,4,1,65.06722222222223,50.245000000000005,32.06344444444444,148.26666666666668,65.0,65.0,70.0,56.0,56.0,107.55913978494624,64.33333333333333,67.16666666666667,63.0,55.0
2015,4,1,65.06722222222223,50.245000000000005,32.06344444444444,148.26666666666668,63.0,65.0,65.0,55.0,56.0,148.26666666666668,68.0,67.5,76.0,68.0
2015,4,1,65.06722222222223,50.245000000000005,32.06344444444444,148.26666666666668,76.0,63.0,65.0,68.0,55.0,148.26666666666668,70.33333333333333,68.5,72.0,63.0
2015,4,1,65.06722222222223,50.245000000000005,32.06344444444444,148.26666666666668,72.0,76.0,63.0,63.0,68.0,148.26666666666668,76.0,70.16666666666667,80.0,76.0
2015,4,1,65.06722222222223,50.245000000000005,32.06344444444444,148.26666666666668,80.0,72.0,76.0,76.0,63.0,148.26666666666668,75.0,71.5,73.0,63.0
2015,4,1,65.06722222222223,50.245000000000005,32.06344444444444,148.26666666666668,73.0,80.0,72.0,63.0,76.0,148.26666666666668,75.66666666666667,73.0,74.0,67.0
2015,4,1,65.06722222222223,50.245000000000005,32.06344444444444,148.26666666666668,74.0,73.0,80.0,67.0,63.0,148.26666666666668,71.33333333333333,73.66666666666667,67.0,58.0
2015,4,1,65.06722222222223,50.245000000000005,32.06344444444444,148.26666666666668,67.0,74.0,73.0,58.0,67.0,148.26666666666668,70.0,72.5,69.0,60.0
2015,4,1,65.06722222222223,50.245000000000005,32.06344444444444,148.26666666666668,69.0,67.0,74.0,60.0,58.0,148.26666666666668,67.66666666666667,71.66666666666667,67.0,61.0
2015,4,1,65.06722222222223,50.245000000000005,32.06344444444444,148.26666666666668,67.0,69.0,67.0,61.0,60.0,148.26666666666668,67.66666666666667,69.5,67.0,60.0
2015,5,1,83.84510752688172,50.24500000000001,23.620860215053767,174.67741935483872,67.0,67.0,69.0,60.0,61.0,148.26666666666668,67.66666666666667,68.83333333333333,69.0,61.0
2015,5,1,83.84510752688172,50.24500000000001,23.620860215053767,174.67741935483872,69.0,67.0,67.0,61.0,60.0,174.67741935483872,70.66666666666667,69.16666666666667,76.0,70.0
2015,5,1,83.84510752688172,50.24500000000001,23.620860215053767,174.67741935483872,76.0,69.0,67.0,70.0,61.0,174.67741935483872,72.0,69.83333333333333,71.0,63.0
2015,5,1,83.84510752688172,50.24500000000001,23.620860215053767,174.67741935483872,71.0,76.0,69.0,63.0,70.0,174.67741935483872,75.66666666666667,71.66666666666667,80.0,76.0
2015,5,1,83.84510752688172,50.24500000000001,23.620860215053767,174.67741935483872,80.0,71.0,76.0,76.0,63.0,174.67741935483872,73.66666666666667,72.16666666666667,70.0,61.0
2015,5,1,83.84510752688172,50.24500000000001,23.620860215053767,174.67741935483872,70.0,80.0,71.0,61.0,76.0,174.67741935483872,74.33333333333333,73.16666666666667,73.0,68.0
2015,5,1,83.84510752688172,50.24500000000001,23.620860215053767,174.67741935483872,73.0,70.0,80.0,68.0,61.0,174.67741935483872,69.33333333333333,72.5,65.0,61.0
2015,5,1,83.84510752688172,50.24500000000001,23.620860215053767,174.67741935483872,65.0,73.0,70.0,61.0,68.0,174.67741935483872,69.0,71.33333333333333,69.0,60.0
2015,5,1,83.84510752688172,50.24500000000001,23.620860215053767,174.67741935483872,69.0,65.0,73.0,60.0,61.0,174.67741935483872,66.66666666666667,70.5,66.0,64.0
2015,5,1,83.84510752688172,50.24500000000001,23.620860215053767,174.67741935483872,66.0,69.0,65.0,64.0,60.0,174.67741935483872,67.33333333333333,68.33333333333333,67.0,62.0
2015,6,1,70.41166666666666,50.245000000000005,15.661555555555555,153.2888888888889,67.0,66.0,69.0,62.0,64.0,174.67741935483872,65.66666666666667,67.33333333333333,64.0,60.0
2015,6,1,70.41166666666666,50.245000000000005,15.661555555555555,153.2888888888889,64.0,67.0,66.0,60.0,62.0,153.2888888888889,70.0,68.33333333333333,79.0,75.0
2015,6,1,70.41166666666666,50.245000000000005,15.661555555555555,153.2888888888889,79.0,64.0,67.0,75.0,60.0,153.2888888888889,71.33333333333333,69.33333333333333,71.0,63.0
2015,6,1,70.41166666666666,50.245000000000005,15.661555555555555,153.2888888888889,71.0,79.0,64.0,63.0,75.0,153.2888888888889,76.66666666666667,71.16666666666667,80.0,76.0
2015,6,1,70.41166666666666,50.245000000000005,15.661555555555555,153.2888888888889,80.0,71.0,79.0,76.0,63.0,153.2888888888889,73.33333333333333,71.66666666666667,69.0,61.0
2015,6,1,70.41166666666666,50.245000000000005,15.661555555555555,153.2888888888889,69.0,80.0,71.0,61.0,76.0,153.2888888888889,74.66666666666667,73.0,75.0,68.0
2015,6,1,70.41166666666666,50.245000000000005,15.661555555555555,153.2888888888889,75.0,69.0,80.0,68.0,61.0,153.2888888888889,69.66666666666667,73.16666666666667,65.0,59.0
2015,6,1,70.41166666666666,50.245000000000005,15.661555555555555,153.2888888888889,65.0,75.0,69.0,59.0,68.0,153.2888888888889,70.0,71.66666666666667,70.0,64.0
2015,6,1,70.41166666666666,50.245000000000005,15.661555555555555,153.2888888888889,70.0,65.0,75.0,64.0,59.0,153.2888888888889,67.33333333333333,71.0,67.0,64.0
2015,6,1,70.41166666666666,50.245000000000005,15.661555555555555,153.2888888888889,67.0,70.0,65.0,64.0,64.0,153.2888888888889,68.0,68.83333333333333,67.0,62.0
2015,7,1,59.119032258064514,50.24500000000001,19.61,162.36559139784947,67.0,67.0,70.0,62.0,64.0,153.2888888888889,66.66666666666667,68.33333333333333,66.0,60.0
2015,7,1,59.119032258064514,50.24500000000001,19.61,162.36559139784947,66.0,67.0,67.0,60.0,62.0,162.36559139784947,69.66666666666667,68.5,76.0,70.0
2015,7,1,59.119032258064514,50.24500000000001,19.61,162.36559139784947,76.0,66.0,67.0,70.0,60.0,162.36559139784947,72.0,70.0,74.0,68.0
2015,7,1,59.119032258064514,50.24500000000001,19.61,162.36559139784947,74.0,76.0,66.0,68.0,70.0,162.36559139784947,76.66666666666667,71.66666666666667,80.0,76.0
2015,7,1,59.119032258064514,50.24500000000001,19.61,162.36559139784947,80.0,74.0,76.0,76.0,68.0,162.36559139784947,76.33333333333333,73.0,75.0,70.0
2015,7,1,59.119032258064514,50.24500000000001,19.61,162.36559139784947,75.0,80.0,74.0,70.0,76.0,162.36559139784947,76.33333333333333,74.16666666666667,74.0,68.0
2015,7,1,59.119032258064514,50.24500000000001,19.61,162.36559139784947,74.0,75.0,80.0,68.0,70.0,162.36559139784947,71.33333333333333,74.0,65.0,58.0
2015,7,1,59.119032258064514,50.24500000000001,19.61,162.36559139784947,65.0,74.0,75.0,58.0,68.0,162.36559139784947,70.0,73.16666666666667,71.0,65.0
2015,7,1,59.119032258064514,50.24500000000001,19.61,162.36559139784947,71.0,65.0,74.0,65.0,58.0,162.36559139784947,67.66666666666667,72.0,67.0,64.0
2015,7,1,59.119032258064514,50.24500000000001,19.61,162.36559139784947,67.0,71.0,65.0,64.0,65.0,162.36559139784947,68.33333333333333,69.83333333333333,67.0,62.0
2015,8,1,54.053978494623664,50.24500000000001,15.44,123.53763440860214,67.0,67.0,71.0,62.0,64.0,162.36559139784947,66.33333333333333,68.16666666666667,65.0,61.0
2015,8,1,54.053978494623664,50.24500000000001,15.44,123.53763440860214,65.0,67.0,67.0,61.0,62.0,123.53763440860214,69.33333333333333,68.5,76.0,69.0
2015,8,1,54.053978494623664,50.24500000000001,15.44,123.53763440860214,76.0,65.0,67.0,69.0,61.0,123.53763440860214,70.66666666666667,69.5,71.0,66.0
2015,8,1,54.053978494623664,50.24500000000001,15.44,123.53763440860214,71.0,76.0,65.0,66.0,69.0,123.53763440860214,75.66666666666667,71.0,80.0,76.0
2015,8,1,54.053978494623664,50.24500000000001,15.44,123.53763440860214,80.0,71.0,76.0,76.0,66.0,123.53763440860214,77.0,73.16666666666667,80.0,75.0
2015,8,1,54.053978494623664,50.24500000000001,15.44,123.53763440860214,80.0,80.0,71.0,75.0,76.0,123.53763440860214,78.0,74.33333333333333,74.0,67.0
2015,8,1,54.053978494623664,50.24500000000001,15.44,123.53763440860214,74.0,80.0,80.0,67.0,75.0,123.53763440860214,73.0,74.33333333333333,65.0,58.0
2015,8,1,54.053978494623664,50.24500000000001,15.44,123.53763440860214,65.0,74.0,80.0,58.0,67.0,123.53763440860214,70.0,73.5,71.0,65.0
2015,8,1,54.053978494623664,50.24500000000001,15.44,123.53763440860214,71.0,65.0,74.0,65.0,58.0,123.53763440860214,67.0,72.5,65.0,63.0
2015,8,1,54.053978494623664,50.24500000000001,15.44,123.53763440860214,65.0,71.0,65.0,63.0,65.0,123.53763440860214,67.33333333333333,70.16666666666667,66.0,62.0
2015,9,1,35.67865168539326,50.245000000000005,13.52011235955056,118.70786516853931,66.0,65.0,71.0,62.0,63.0,123.53763440860214,65.0,67.5,64.0,59.0
2015,9,1,35.67865168539326,50.245000000000005,13.52011235955056,118.70786516853931,64.0,66.0,65.0,59.0,62.0,118.70786516853931,68.66666666666667,67.83333333333333,76.0,68.0
2015,9,1,35.67865168539326,50.245000000000005,13.52011235955056,118.70786516853931,76.0,64.0,66.0,68.0,59.0,118.70786516853931,70.66666666666667,69.0,72.0,62.0
2015,9,1,35.67865168539326,50.245000000000005,13.52011235955056,118.70786516853931,72.0,76.0,64.0,62.0,68.0,118.70786516853931,76.0,70.5,80.0,76.0
2015,9,1,35.67865168539326,50.245000000000005,13.52011235955056,118.70786516853931,80.0,72.0,76.0,76.0,62.0,118.70786516853931,75.0,71.83333333333333,73.0,73.0
2015,9,1,35.67865168539326,50.245000000000005,13.52011235955056,118.70786516853931,73.0,80.0,72.0,73.0,76.0,118.70786516853931,75.66666666666667,73.16666666666667,74.0,67.0
2015,9,1,35.67865168539326,50.245000000000005,13.52011235955056,118.70786516853931,74.0,73.0,80.0,67.0,73.0,118.70786516853931,70.33333333333333,73.16666666666667,64.0,57.0
2015,9,1,35.67865168539326,50.245000000000005,13.52011235955056,118.70786516853931,64.0,74.0,73.0,57.0,67.0,118.70786516853931,69.33333333333333,72.16666666666667,70.0,64.0
2015,9,1,35.67865168539326,50.245000000000005,13.52011235955056,118.70786516853931,70.0,64.0,74.0,64.0,57.0,118.70786516853931,67.0,71.33333333333333,67.0,66.0
2015,9,1,35.67865168539326,50.245000000000005,13.52011235955056,118.70786516853931,67.0,70.0,64.0,66.0,64.0,118.70786516853931,67.66666666666667,69.0,66.0,60.0
2015,10,1,49.24688172043011,50.24500000000001,15.21935483870968,144.74193548387098,66.0,67.0,70.0,60.0,66.0,118.70786516853931,65.66666666666667,67.5,64.0,57.0
2015,10,1,49.24688172043011,50.24500000000001,15.21935483870968,144.74193548387098,64.0,66.0,67.0,57.0,60.0,144.74193548387098,69.0,68.0,77.0,67.0
2015,10,1,49.24688172043011,50.24500000000001,15.21935483870968,144.74193548387098,77.0,64.0,66.0,67.0,57.0,144.74193548387098,71.33333333333333,69.5,73.0,63.0
2015,10,1,49.24688172043011,50.24500000000001,15.21935483870968,144.74193548387098,73.0,77.0,64.0,63.0,67.0,144.74193548387098,76.66666666666667,71.16666666666667,80.0,76.0
2015,10,1,49.24688172043011,50.24500000000001,15.21935483870968,144.74193548387098,80.0,73.0,77.0,76.0,63.0,144.74193548387098,75.66666666666667,72.33333333333333,74.0,72.0
2015,10,1,49.24688172043011,50.24500000000001,15.21935483870968,144.74193548387098,74.0,80.0,73.0,72.0,76.0,144.74193548387098,76.0,73.66666666666667,74.0,67.0
2015,10,1,49.24688172043011,50.24500000000001,15.21935483870968,144.74193548387098,74.0,74.0,80.0,67.0,72.0,144.74193548387098,71.66666666666667,74.16666666666667,67.0,57.0
2015,10,1,49.24688172043011,50.24500000000001,15.21935483870968,144.74193548387098,67.0,74.0,74.0,57.0,67.0,144.74193548387098,70.33333333333333,73.0,70.0,62.0
2015,10,1,49.24688172043011,50.24500000000001,15.21935483870968,144.74193548387098,70.0,67.0,74.0,62.0,57.0,144.74193548387098,67.66666666666667,71.83333333333333,66.0,57.0
2015,10,1,49.24688172043011,50.24500000000001,15.21935483870968,144.74193548387098,66.0,70.0,67.0,57.0,62.0,144.74193548387098,68.0,69.83333333333333,68.0,58.0
2015,11,1,39.78666666666667,50.245000000000005,12.250111111111112,120.67777777777778,68.0,66.0,70.0,58.0,57.0,144.74193548387098,68.33333333333333,69.33333333333333,71.0,68.0
2015,11,1,39.78666666666667,50.245000000000005,12.250111111111112,120.67777777777778,71.0,68.0,66.0,68.0,58.0,120.67777777777778,72.33333333333333,70.0,78.0,69.0
2015,11,1,39.78666666666667,50.245000000000005,12.250111111111112,120.67777777777778,78.0,71.0,68.0,69.0,68.0,120.67777777777778,74.33333333333333,71.16666666666667,74.0,70.0
2015,11,1,39.78666666666667,50.245000000000005,12.250111111111112,120.67777777777778,74.0,78.0,71.0,70.0,69.0,120.67777777777778,77.33333333333333,72.83333333333333,80.0,75.0
2015,11,1,39.78666666666667,50.245000000000005,12.250111111111112,120.67777777777778,80.0,74.0,78.0,75.0,70.0,120.67777777777778,74.33333333333333,73.33333333333333,69.0,69.0
2015,11,1,39.78666666666667,50.245000000000005,12.250111111111112,120.67777777777778,69.0,80.0,74.0,69.0,75.0,120.67777777777778,74.33333333333333,74.33333333333333,74.0,67.0
2015,11,1,39.78666666666667,50.245000000000005,12.250111111111112,120.67777777777778,74.0,69.0,80.0,67.0,69.0,120.67777777777778,72.33333333333333,74.83333333333333,74.0,80.0
2015,11,1,39.78666666666667,50.245000000000005,12.250111111111112,120.67777777777778,74.0,74.0,69.0,80.0,67.0,120.67777777777778,73.0,73.66666666666667,71.0,65.0
2015,11,1,39.78666666666667,50.245000000000005,12.250111111111112,120.67777777777778,71.0,74.0,74.0,65.0,80.0,120.67777777777778,72.0,73.16666666666667,71.0,71.0
2015,11,1,39.78666666666667,50.245000000000005,12.250111111111112,120.67777777777778,71.0,71.0,74.0,71.0,65.0,120.67777777777778,70.0,71.16666666666667,68.0,64.0
2015,12,1,64.94472972972973,50.245000000000005,11.252567567567567,118.0945945945946,68.0,71.0,71.0,64.0,71.0,120.67777777777778,70.66666666666667,71.83333333333333,73.0,67.0
2015,12,1,64.94472972972973,50.245000000000005,11.252567567567567,118.0945945945946,73.0,68.0,71.0,67.0,64.0,118.0945945945946,72.33333333333333,72.16666666666667,76.0,67.0
2015,12,1,64.94472972972973,50.245000000000005,11.252567567567567,118.0945945945946,76.0,73.0,68.0,67.0,67.0,118.0945945945946,74.66666666666667,72.33333333333333,75.0,77.0
2015,12,1,64.94472972972973,50.245000000000005,11.252567567567567,118.0945945945946,75.0,76.0,73.0,77.0,67.0,118.0945945945946,76.66666666666667,73.66666666666667,79.0,74.0
2015,12,1,64.94472972972973,50.245000000000005,11.252567567567567,118.0945945945946,79.0,75.0,76.0,74.0,77.0,118.0945945945946,76.0,74.16666666666667,74.0,71.0
2015,12,1,64.94472972972973,50.245000000000005,11.252567567567567,118.0945945945946,74.0,79.0,75.0,71.0,74.0,118.0945945945946,75.33333333333333,75.0,73.0,67.0
2015,12,1,64.94472972972973,50.245000000000005,11.252567567567567,118.0945945945946,73.0,74.0,79.0,67.0,71.0,118.0945945945946,73.0,74.83333333333333,72.0,84.0
2015,12,1,64.94472972972973,50.245000000000005,11.252567567567567,118.0945945945946,72.0,73.0,74.0,84.0,67.0,118.0945945945946,72.0,74.0,71.0,65.0
2015,12,1,64.94472972972973,50.245000000000005,11.252567567567567,118.0945945945946,71.0,72.0,73.0,65.0,84.0,118.0945945945946,70.33333333333333,72.83333333333333,68.0,62.0
2015,12,1,64.94472972972973,50.245000000000005,11.252567567567567,118.0945945945946,68.0,71.0,72.0,62.0,65.0,118.0945945945946,68.66666666666667,70.83333333333333,67.0,62.0
2016,1,1,55.99960674157303,50.245000000000005,15.882134831460672,144.7865168539326,67.0,68.0,71.0,62.0,62.0,118.0945945945946,67.0,69.5,66.0,58.0
2016,1,1,55.99960674157303,50.245000000000005,15.882134831460672,144.7865168539326,66.0,67.0,68.0,58.0,62.0,144.7865168539326,69.66666666666667,70.0,76.0,69.0
2016,1,1,55.99960674157303,50.245000000000005,15.882134831460672,144.7865168539326,76.0,66.0,67.0,69.0,58.0,144.7865168539326,71.0,69.83333333333333,71.0,63.0
2016,1,1,55.99960674157303,50.245000000000005,15.882134831460672,144.7865168539326,71.0,76.0,66.0,63.0,69.0,144.7865168539326,75.66666666666667,71.33333333333333,80.0,75.0
2016,1,1,55.99960674157303,50.245000000000005,15.882134831460672,144.7865168539326,80.0,71.0,76.0,75.0,63.0,144.7865168539326,73.66666666666667,71.66666666666667,70.0,64.0
2016,1,1,55.99960674157303,50.245000000000005,15.882134831460672,144.7865168539326,70.0,80.0,71.0,64.0,75.0,144.7865168539326,74.33333333333333,72.66666666666667,73.0,65.0
2016,1,1,55.99960674157303,50.245000000000005,15.882134831460672,144.7865168539326,73.0,70.0,80.0,65.0,64.0,144.7865168539326,72.0,73.83333333333333,73.0,65.0
2016,1,1,55.99960674157303,50.245000000000005,15.882134831460672,144.7865168539326,73.0,73.0,70.0,65.0,65.0,144.7865168539326,72.0,72.83333333333333,70.0,62.0
2016,1,1,55.99960674157303,50.245000000000005,15.882134831460672,144.7865168539326,70.0,73.0,73.0,62.0,65.0,144.7865168539326,69.0,71.66666666666667,64.0,54.0
2016,1,1,55.99960674157303,50.245000000000005,15.882134831460672,144.7865168539326,64.0,70.0,73.0,54.0,62.0,144.7865168539326,66.33333333333333,69.16666666666667,65.0,58.0
2016,2,1,72.14994252873564,50.245000000000005,12.560804597701148,156.0344827586207,65.0,64.0,70.0,58.0,54.0,144.7865168539326,64.0,68.0,63.0,55.0
2016,2,1,72.14994252873564,50.245000000000005,12.560804597701148,156.0344827586207,63.0,65.0,64.0,55.0,58.0,156.0344827586207,68.0,68.5,76.0,66.0
2016,2,1,72.14994252873564,50.245000000000005,12.560804597701148,156.0344827586207,76.0,63.0,65.0,66.0,55.0,156.0344827586207,70.33333333333333,68.33333333333333,72.0,65.0
2016,2,1,72.14994252873564,50.245000000000005,12.560804597701148,156.0344827586207,72.0,76.0,63.0,65.0,66.0,156.0344827586207,76.0,70.0,80.0,76.0
2016,2,1,72.14994252873564,50.245000000000005,12.560804597701148,156.0344827586207,80.0,72.0,76.0,76.0,65.0,156.0344827586207,73.66666666666667,70.83333333333333,69.0,67.0
2016,2,1,72.14994252873564,50.245000000000005,12.560804597701148,156.0344827586207,69.0,80.0,72.0,67.0,76.0,156.0344827586207,74.33333333333333,72.33333333333333,74.0,66.0
2016,2,1,72.14994252873564,50.245000000000005,12.560804597701148,156.0344827586207,74.0,69.0,80.0,66.0,67.0,156.0344827586207,72.33333333333333,74.16666666666667,74.0,66.0
2016,2,1,72.14994252873564,50.245000000000005,12.560804597701148,156.0344827586207,74.0,74.0,69.0,66.0,66.0,156.0344827586207,73.0,73.33333333333333,71.0,62.0
2016,2,1,72.14994252873564,50.245000000000005,12.560804597701148,156.0344827586207,71.0,74.0,74.0,62.0,66.0,156.0344827586207,69.66666666666667,72.0,64.0,54.0
2016,2,1,72.14994252873564,50.245000000000005,12.560804597701148,156.0344827586207,64.0,71.0,74.0,54.0,62.0,156.0344827586207,67.33333333333333,69.83333333333333,67.0,63.0
2016,3,1,71.14075268817204,50.24500000000001,10.135483870967745,155.5806451612903,67.0,64.0,71.0,63.0,54.0,156.0344827586207,65.66666666666667,69.33333333333333,66.0,58.0
2016,3,1,71.14075268817204,50.24500000000001,10.135483870967745,155.5806451612903,66.0,67.0,64.0,58.0,63.0,155.5806451612903,69.66666666666667,69.66666666666667,76.0,67.0
2016,3,1,71.14075268817204,50.24500000000001,10.135483870967745,155.5806451612903,76.0,66.0,67.0,67.0,58.0,155.5806451612903,71.33333333333333,69.33333333333333,72.0,64.0
2016,3,1,71.14075268817204,50.24500000000001,10.135483870967745,155.5806451612903,72.0,76.0,66.0,64.0,67.0,155.5806451612903,76.0,70.83333333333333,80.0,76.0
2016,3,1,71.14075268817204,50.24500000000001,10.135483870967745,155.5806451612903,80.0,72.0,76.0,76.0,64.0,155.5806451612903,73.0,71.33333333333333,67.0,66.0
2016,3,1,71.14075268817204,50.24500000000001,10.135483870967745,155.5806451612903,67.0,80.0,72.0,66.0,76.0,155.5806451612903,73.33333333333333,72.33333333333333,73.0,67.0
2016,3,1,71.14075268817204,50.24500000000001,10.135483870967745,155.5806451612903,73.0,67.0,80.0,67.0,66.0,155.5806451612903,71.0,73.5,73.0,67.0
2016,3,1,71.14075268817204,50.24500000000001,10.135483870967745,155.5806451612903,73.0,73.0,67.0,67.0,67.0,155.5806451612903,72.0,72.5,70.0,62.0
2016,3,1,71.14075268817204,50.24500000000001,10.135483870967745,155.5806451612903,70.0,73.0,73.0,62.0,67.0,155.5806451612903,69.66666666666667,71.5,66.0,57.0
2016,3,1,71.14075268817204,50.24500000000001,10.135483870967745,155.5806451612903,66.0,70.0,73.0,57.0,62.0,155.5806451612903,68.33333333333333,69.66666666666667,69.0,63.0
2016,4,1,59.34011111111111,50.245000000000005,12.272777777777778,133.11111111111111,69.0,66.0,70.0,63.0,57.0,155.5806451612903,67.0,69.5,66.0,60.0
2016,4,1,59.34011111111111,50.245000000000005,12.272777777777778,133.11111111111111,66.0,69.0,66.0,60.0,63.0,133.11111111111111,70.33333333333333,70.0,76.0,68.0
2016,4,1,59.34011111111111,50.245000000000005,12.272777777777778,133.11111111111111,76.0,66.0,69.0,68.0,60.0,133.11111111111111,71.66666666666667,70.0,73.0,66.0
2016,4,1,59.34011111111111,50.245000000000005,12.272777777777778,133.11111111111111,73.0,76.0,66.0,66.0,68.0,133.11111111111111,76.66666666666667,71.83333333333333,81.0,76.0
2016,4,1,59.34011111111111,50.245000000000005,12.272777777777778,133.11111111111111,81.0,73.0,76.0,76.0,66.0,133.11111111111111,75.0,72.66666666666667,71.0,69.0
2016,4,1,59.34011111111111,50.245000000000005,12.272777777777778,133.11111111111111,71.0,81.0,73.0,69.0,76.0,133.11111111111111,75.33333333333333,73.5,74.0,67.0
2016,4,1,59.34011111111111,50.245000000000005,12.272777777777778,133.11111111111111,74.0,71.0,81.0,67.0,69.0,133.11111111111111,73.0,74.83333333333333,74.0,67.0
2016,4,1,59.34011111111111,50.245000000000005,12.272777777777778,133.11111111111111,74.0,74.0,71.0,67.0,67.0,133.11111111111111,73.66666666666667,74.33333333333333,73.0,66.0
2016,4,1,59.34011111111111,50.245000000000005,12.272777777777778,133.11111111111111,73.0,74.0,74.0,66.0,67.0,133.11111111111111,71.66666666666667,73.5,68.0,63.0
2016,4,1,59.34011111111111,50.245000000000005,12.272777777777778,133.11111111111111,68.0,73.0,74.0,63.0,66.0,133.11111111111111,71.33333333333333,72.16666666666667,73.0,65.0
2016,5,1,56.46827956989247,50.24500000000001,16.56483870967742,129.2688172043011,73.0,68.0,73.0,65.0,63.0,133.11111111111111,70.0,71.83333333333333,69.0,61.0
2016,5,1,56.46827956989247,50.24500000000001,16.56483870967742,129.2688172043011,69.0,73.0,68.0,61.0,65.0,129.2688172043011,73.0,72.33333333333333,77.0,70.0
2016,5,1,56.46827956989247,50.24500000000001,16.56483870967742,129.2688172043011,77.0,69.0,73.0,70.0,61.0,129.2688172043011,73.0,72.16666666666667,73.0,69.0
2016,5,1,56.46827956989247,50.24500000000001,16.56483870967742,129.2688172043011,73.0,77.0,69.0,69.0,70.0,129.2688172043011,76.66666666666667,73.33333333333333,80.0,76.0
2016,5,1,56.46827956989247,50.24500000000001,16.56483870967742,129.2688172043011,80.0,73.0,77.0,76.0,69.0,129.2688172043011,73.66666666666667,73.33333333333333,68.0,65.0
2016,5,1,56.46827956989247,50.24500000000001,16.56483870967742,129.2688172043011,68.0,80.0,73.0,65.0,76.0,129.2688172043011,74.0,73.5,74.0,69.0
2016,5,1,56.46827956989247,50.24500000000001,16.56483870967742,129.2688172043011,74.0,68.0,80.0,69.0,65.0,129.2688172043011,72.0,74.33333333333333,74.0,69.0
2016,5,1,56.46827956989247,50.24500000000001,16.56483870967742,129.2688172043011,74.0,74.0,68.0,69.0,69.0,129.2688172043011,73.66666666666667,73.66666666666667,73.0,68.0
2016,5,1,56.46827956989247,50.24500000000001,16.56483870967742,129.2688172043011,73.0,74.0,74.0,68.0,69.0,129.2688172043011,72.0,73.0,69.0,66.0
2016,5,1,56.46827956989247,50.24500000000001,16.56483870967742,129.2688172043011,69.0,73.0,74.0,66.0,68.0,129.2688172043011,72.66666666666667,72.33333333333333,76.0,71.0
2016,6,1,55.13330357142858,50.245000000000005,13.849642857142856,92.48214285714286,76.0,69.0,73.0,71.0,66.0,129.2688172043011,71.33333333333333,72.5,69.0,61.0
2016,6,1,55.13330357142858,50.245000000000005,13.849642857142856,92.48214285714286,69.0,76.0,69.0,61.0,71.0,92.48214285714286,73.66666666666667,72.83333333333333,76.0,70.0
2016,6,1,55.13330357142858,50.245000000000005,13.849642857142856,92.48214285714286,76.0,69.0,76.0,70.0,61.0,92.48214285714286,72.66666666666667,72.66666666666667,73.0,69.0
2016,6,1,55.13330357142858,50.245000000000005,13.849642857142856,92.48214285714286,73.0,76.0,69.0,69.0,70.0,92.48214285714286,76.33333333333333,73.83333333333333,80.0,76.0
2016,6,1,55.13330357142858,50.245000000000005,13.849642857142856,92.48214285714286,80.0,73.0,76.0,76.0,69.0,92.48214285714286,76.0,74.83333333333333,75.0,75.0
2016,6,1,55.13330357142858,50.245000000000005,13.849642857142856,92.48214285714286,75.0,80.0,73.0,75.0,76.0,92.48214285714286,76.33333333333333,74.5,74.0,70.0
2016,6,1,55.13330357142858,50.245000000000005,13.849642857142856,92.48214285714286,74.0,75.0,80.0,70.0,75.0,92.48214285714286,74.33333333333333,75.33333333333333,74.0,70.0
2016,6,1,55.13330357142858,50.245000000000005,13.849642857142856,92.48214285714286,74.0,74.0,75.0,70.0,70.0,92.48214285714286,75.0,75.5,77.0,70.0
2016,6,1,55.13330357142858,50.245000000000005,13.849642857142856,92.48214285714286,77.0,74.0,74.0,70.0,70.0,92.48214285714286,73.0,74.66666666666667,68.0,63.0
2016,6,1,55.13330357142858,50.245000000000005,13.849642857142856,92.48214285714286,68.0,77.0,74.0,63.0,70.0,92.48214285714286,71.66666666666667,73.0,70.0,65.0
2016,7,1,42.99268292682927,50.245000000000005,14.160365853658538,98.48780487804878,70.0,68.0,77.0,65.0,63.0,92.48214285714286,68.0,71.5,66.0,60.0
2016,7,1,42.99268292682927,50.245000000000005,14.160365853658538,98.48780487804878,66.0,70.0,68.0,60.0,65.0,98.48780487804878,70.66666666666667,71.83333333333333,76.0,69.0
2016,7,1,42.99268292682927,50.245000000000005,14.160365853658538,98.48780487804878,76.0,66.0,70.0,69.0,60.0,98.48780487804878,71.66666666666667,71.66666666666667,73.0,68.0
2016,7,1,42.99268292682927,50.245000000000005,14.160365853658538,98.48780487804878,73.0,76.0,66.0,68.0,69.0,98.48780487804878,76.33333333333333,72.16666666666667,80.0,76.0
2016,7,1,42.99268292682927,50.245000000000005,14.160365853658538,98.48780487804878,80.0,73.0,76.0,76.0,68.0,98.48780487804878,78.0,74.33333333333333,81.0,81.0
2016,7,1,42.99268292682927,50.245000000000005,14.160365853658538,98.48780487804878,81.0,80.0,73.0,81.0,76.0,98.48780487804878,78.33333333333333,75.0,74.0,68.0
2016,7,1,42.99268292682927,50.245000000000005,14.160365853658538,98.48780487804878,74.0,81.0,80.0,68.0,81.0,98.48780487804878,76.33333333333333,76.33333333333333,74.0,68.0
2016,7,1,42.99268292682927,50.245000000000005,14.160365853658538,98.48780487804878,74.0,74.0,81.0,68.0,68.0,98.48780487804878,73.0,75.5,71.0,66.0
2016,7,1,42.99268292682927,50.245000000000005,14.160365853658538,98.48780487804878,71.0,74.0,74.0,66.0,68.0,98.48780487804878,70.66666666666667,74.5,67.0,63.0
2016,7,1,42.99268292682927,50.245000000000005,14.160365853658538,98.48780487804878,67.0,71.0,74.0,63.0,66.0,98.48780487804878,69.0,72.66666666666667,69.0,65.0
2016,8,1,36.36171232876712,50.245000000000005,13.17068493150685,129.1917808219178,69.0,67.0,71.0,65.0,63.0,98.48780487804878,66.66666666666667,69.83333333333333,64.0,60.0
2016,8,1,36.36171232876712,50.245000000000005,13.17068493150685,129.1917808219178,64.0,69.0,67.0,60.0,65.0,129.1917808219178,69.66666666666667,70.16666666666667,76.0,70.0
2016,8,1,36.36171232876712,50.245000000000005,13.17068493150685,129.1917808219178,76.0,64.0,69.0,70.0,60.0,129.1917808219178,70.66666666666667,69.83333333333333,72.0,68.0
2016,8,1,36.36171232876712,50.245000000000005,13.17068493150685,129.1917808219178,72.0,76.0,64.0,68.0,70.0,129.1917808219178,76.0,71.33333333333333,80.0,76.0
2016,8,1,36.36171232876712,50.245000000000005,13.17068493150685,129.1917808219178,80.0,72.0,76.0,76.0,68.0,129.1917808219178,77.33333333333333,73.5,80.0,79.0
2016,8,1,36.36171232876712,50.245000000000005,13.17068493150685,129.1917808219178,80.0,80.0,72.0,79.0,76.0,129.1917808219178,80.0,75.33333333333333,80.0,76.0
2016,8,1,36.36171232876712,50.245000000000005,13.17068493150685,129.1917808219178,80.0,80.0,80.0,76.0,79.0,129.1917808219178,80.0,78.0,80.0,76.0
2016,8,1,36.36171232876712,50.245000000000005,13.17068493150685,129.1917808219178,80.0,80.0,80.0,76.0,76.0,129.1917808219178,77.0,77.16666666666667,71.0,66.0
2016,8,1,36.36171232876712,50.245000000000005,13.17068493150685,129.1917808219178,71.0,80.0,80.0,66.0,76.0,129.1917808219178,73.33333333333333,76.66666666666667,69.0,72.0
2016,8,1,36.36171232876712,50.245000000000005,13.17068493150685,129.1917808219178,69.0,71.0,80.0,72.0,66.0,129.1917808219178,70.66666666666667,75.33333333333333,72.0,79.0
2016,9,1,33.84480392156863,50.245000000000005,19.32921568627451,172.86274509803923,72.0,69.0,71.0,79.0,72.0,129.1917808219178,69.33333333333333,73.16666666666667,67.0,63.0
2016,9,1,33.84480392156863,50.245000000000005,19.32921568627451,172.86274509803923,67.0,72.0,69.0,63.0,79.0,172.86274509803923,71.66666666666667,72.5,76.0,68.0
2016,9,1,33.84480392156863,50.245000000000005,19.32921568627451,172.86274509803923,76.0,67.0,72.0,68.0,63.0,172.86274509803923,72.33333333333333,71.5,74.0,67.0
2016,9,1,33.84480392156863,50.245000000000005,19.32921568627451,172.86274509803923,74.0,76.0,67.0,67.0,68.0,172.86274509803923,76.66666666666667,73.0,80.0,77.0
2016,9,1,33.84480392156863,50.245000000000005,19.32921568627451,172.86274509803923,80.0,74.0,76.0,77.0,67.0,172.86274509803923,77.33333333333333,74.5,78.0,76.0
2016,9,1,33.84480392156863,50.245000000000005,19.32921568627451,172.86274509803923,78.0,80.0,74.0,76.0,77.0,172.86274509803923,78.33333333333333,75.33333333333333,77.0,73.0
2016,9,1,33.84480392156863,50.245000000000005,19.32921568627451,172.86274509803923,77.0,78.0,80.0,73.0,76.0,172.86274509803923,77.33333333333333,77.0,77.0,73.0
2016,9,1,33.84480392156863,50.245000000000005,19.32921568627451,172.86274509803923,77.0,77.0,78.0,73.0,73.0,172.86274509803923,75.0,76.16666666666667,71.0,65.0
2016,9,1,33.84480392156863,50.245000000000005,19.32921568627451,172.86274509803923,71.0,77.0,77.0,65.0,73.0,172.86274509803923,73.66666666666667,76.0,73.0,80.0
2016,9,1,33.84480392156863,50.245000000000005,19.32921568627451,172.86274509803923,73.0,71.0,77.0,80.0,65.0,172.86274509803923,71.66666666666667,74.5,71.0,78.0
2016,10,1,64.45467741935484,50.24500000000001,24.706451612903223,148.6451612903226,71.0,73.0,71.0,78.0,80.0,172.86274509803923,70.66666666666667,72.83333333333333,68.0,58.0
2016,10,1,64.45467741935484,50.24500000000001,24.706451612903223,148.6451612903226,68.0,71.0,73.0,58.0,78.0,148.6451612903226,71.33333333333333,72.5,75.0,67.0
2016,10,1,64.45467741935484,50.24500000000001,24.706451612903223,148.6451612903226,75.0,68.0,71.0,67.0,58.0,148.6451612903226,72.66666666666667,72.16666666666667,75.0,78.0
2016,10,1,64.45467741935484,50.24500000000001,24.706451612903223,148.6451612903226,75.0,75.0,68.0,78.0,67.0,148.6451612903226,76.66666666666667,73.66666666666667,80.0,76.0
2016,10,1,64.45467741935484,50.24500000000001,24.706451612903223,148.6451612903226,80.0,75.0,75.0,76.0,78.0,148.6451612903226,75.66666666666667,73.5,72.0,73.0
2016,10,1,64.45467741935484,50.24500000000001,24.706451612903223,148.6451612903226,72.0,80.0,75.0,73.0,76.0,148.6451612903226,75.33333333333333,74.0,74.0,67.0
2016,10,1,64.45467741935484,50.24500000000001,24.706451612903223,148.6451612903226,74.0,72.0,80.0,67.0,73.0,148.6451612903226,73.33333333333333,75.0,74.0,67.0
2016,10,1,64.45467741935484,50.24500000000001,24.706451612903223,148.6451612903226,74.0,74.0,72.0,67.0,67.0,148.6451612903226,73.0,74.33333333333333,71.0,63.0
2016,10,1,64.45467741935484,50.24500000000001,24.706451612903223,148.6451612903226,71.0,74.0,74.0,63.0,67.0,148.6451612903226,70.66666666666667,73.0,67.0,66.0
2016,10,1,64.45467741935484,50.24500000000001,24.706451612903223,148.6451612903226,67.0,71.0,74.0,66.0,63.0,148.6451612903226,70.0,71.66666666666667,72.0,66.0
2016,11,1,68.9215625,50.245000000000005,24.4090625,137.9375,72.0,67.0,71.0,66.0,66.0,148.6451612903226,68.66666666666667,70.83333333333333,67.0,56.0
2016,11,1,68.9215625,50.245000000000005,24.4090625,137.9375,67.0,72.0,67.0,56.0,66.0,137.9375,71.33333333333333,71.0,75.0,65.0
2016,11,1,68.9215625,50.245000000000005,24.4090625,137.9375,75.0,67.0,72.0,65.0,56.0,137.9375,72.33333333333333,71.16666666666667,75.0,80.0
2016,11,1,68.9215625,50.245000000000005,24.4090625,137.9375,75.0,75.0,67.0,80.0,65.0,137.9375,75.33333333333333,72.0,76.0,73.0
2016,11,1,68.9215625,50.245000000000005,24.4090625,137.9375,76.0,75.0,75.0,73.0,80.0,137.9375,71.66666666666667,71.5,64.0,65.0
2016,11,1,68.9215625,50.245000000000005,24.4090625,137.9375,64.0,76.0,75.0,65.0,73.0,137.9375,71.33333333333333,71.83333333333333,74.0,67.0
2016,11,1,68.9215625,50.245000000000005,24.4090625,137.9375,74.0,64.0,76.0,67.0,65.0,137.9375,70.66666666666667,73.0,74.0,67.0
2016,11,1,68.9215625,50.245000000000005,24.4090625,137.9375,74.0,74.0,64.0,67.0,67.0,137.9375,73.0,72.33333333333333,71.0,63.0
2016,11,1,68.9215625,50.245000000000005,24.4090625,137.9375,71.0,74.0,74.0,63.0,67.0,137.9375,70.0,70.66666666666667,65.0,54.0
2016,11,1,68.9215625,50.245000000000005,24.4090625,137.9375,65.0,71.0,74.0,54.0,63.0,137.9375,68.33333333333333,69.5,69.0,65.0
2016,12,1,58.87166666666667,50.245000000000005,25.24333333333333,115.13333333333334,69.0,65.0,71.0,65.0,54.0,137.9375,67.0,70.0,67.0,58.0
2016,12,1,58.87166666666667,50.245000000000005,25.24333333333333,115.13333333333334,67.0,69.0,65.0,58.0,65.0,115.13333333333334,70.33333333333333,70.16666666666667,75.0,65.0
2016,12,1,58.87166666666667,50.245000000000005,25.24333333333333,115.13333333333334,75.0,67.0,69.0,65.0,58.0,115.13333333333334,71.33333333333333,69.83333333333333,72.0,72.0
2016,12,1,58.87166666666667,50.245000000000005,25.24333333333333,115.13333333333334,72.0,75.0,67.0,72.0,65.0,115.13333333333334,74.33333333333333,70.66666666666667,76.0,73.0
2016,12,1,58.87166666666667,50.245000000000005,25.24333333333333,115.13333333333334,76.0,72.0,75.0,73.0,72.0,115.13333333333334,70.66666666666667,70.5,64.0,56.0
2016,12,1,58.87166666666667,50.245000000000005,25.24333333333333,115.13333333333334,64.0,76.0,72.0,56.0,73.0,115.13333333333334,76.0,73.66666666666667,88.0,82.0
2016,12,1,58.87166666666667,50.245000000000005,25.24333333333333,115.13333333333334,88.0,64.0,76.0,82.0,56.0,115.13333333333334,80.0,77.16666666666667,88.0,82.0
2016,12,1,58.87166666666667,50.245000000000005,25.24333333333333,115.13333333333334,88.0,88.0,64.0,82.0,82.0,115.13333333333334,83.0,76.83333333333333,73.0,65.0
2016,12,1,58.87166666666667,50.245000000000005,25.24333333333333,115.13333333333334,73.0,88.0,88.0,65.0,82.0,115.13333333333334,76.66666666666667,76.33333333333333,69.0,58.0
2016,12,1,58.87166666666667,50.245000000000005,25.24333333333333,115.13333333333334,69.0,73.0,88.0,58.0,65.0,115.13333333333334,69.0,74.5,65.0,57.0
2017,1,1,69.23096774193547,50.24500000000001,13.825806451612904,124.41935483870968,65.0,69.0,73.0,57.0,58.0,115.13333333333334,66.0,74.5,64.0,57.0
2017,1,1,69.23096774193547,50.24500000000001,13.825806451612904,124.41935483870968,64.0,65.0,69.0,57.0,57.0,124.41935483870968,68.0,72.33333333333333,75.0,65.0
2017,1,1,69.23096774193547,50.24500000000001,13.825806451612904,124.41935483870968,75.0,64.0,65.0,65.0,57.0,124.41935483870968,71.66666666666667,70.33333333333333,76.0,79.0
2017,1,1,69.23096774193547,50.24500000000001,13.825806451612904,124.41935483870968,76.0,75.0,64.0,79.0,65.0,124.41935483870968,75.66666666666667,70.83333333333333,76.0,72.0
2017,1,1,69.23096774193547,50.24500000000001,13.825806451612904,124.41935483870968,76.0,76.0,75.0,72.0,79.0,124.41935483870968,73.66666666666667,70.83333333333333,69.0,63.0
2017,1,1,69.23096774193547,50.24500000000001,13.825806451612904,124.41935483870968,69.0,76.0,76.0,63.0,72.0,124.41935483870968,72.66666666666667,72.16666666666667,73.0,67.0
2017,1,1,69.23096774193547,50.24500000000001,13.825806451612904,124.41935483870968,73.0,69.0,76.0,67.0,63.0,124.41935483870968,69.33333333333333,72.5,66.0,62.0
2017,1,1,69.23096774193547,50.24500000000001,13.825806451612904,124.41935483870968,66.0,73.0,69.0,62.0,67.0,124.41935483870968,70.0,71.83333333333333,71.0,64.0
2017,1,1,69.23096774193547,50.24500000000001,13.825806451612904,124.41935483870968,71.0,66.0,73.0,64.0,62.0,124.41935483870968,67.66666666666667,70.16666666666667,66.0,57.0
2017,1,1,69.23096774193547,50.24500000000001,13.825806451612904,124.41935483870968,66.0,71.0,66.0,57.0,64.0,124.41935483870968,68.0,68.66666666666667,67.0,61.0
2017,2,1,62.58142857142857,50.245000000000005,14.624642857142858,120.35714285714286,67.0,66.0,71.0,61.0,57.0,124.41935483870968,65.0,67.5,62.0,56.0
2017,2,1,62.58142857142857,50.245000000000005,14.624642857142858,120.35714285714286,62.0,67.0,66.0,56.0,61.0,120.35714285714286,68.0,67.83333333333333,75.0,65.0
2017,2,1,62.58142857142857,50.245000000000005,14.624642857142858,120.35714285714286,75.0,62.0,67.0,65.0,56.0,120.35714285714286,70.0,69.0,73.0,73.0
2017,2,1,62.58142857142857,50.245000000000005,14.624642857142858,120.35714285714286,73.0,75.0,62.0,73.0,65.0,120.35714285714286,74.66666666666667,69.83333333333333,76.0,73.0
2017,2,1,62.58142857142857,50.245000000000005,14.624642857142858,120.35714285714286,76.0,73.0,75.0,73.0,73.0,120.35714285714286,71.33333333333333,69.66666666666667,65.0,51.0
2017,2,1,62.58142857142857,50.245000000000005,14.624642857142858,120.35714285714286,65.0,76.0,73.0,51.0,73.0,120.35714285714286,71.33333333333333,70.66666666666667,73.0,67.0
2017,2,1,62.58142857142857,50.245000000000005,14.624642857142858,120.35714285714286,73.0,65.0,76.0,67.0,51.0,120.35714285714286,68.0,71.33333333333333,66.0,57.0
2017,2,1,62.58142857142857,50.245000000000005,14.624642857142858,120.35714285714286,66.0,73.0,65.0,57.0,67.0,120.35714285714286,70.0,70.66666666666667,71.0,63.0
2017,2,1,62.58142857142857,50.245000000000005,14.624642857142858,120.35714285714286,71.0,66.0,73.0,63.0,57.0,120.35714285714286,67.0,69.16666666666667,64.0,54.0
2017,2,1,62.58142857142857,50.245000000000005,14.624642857142858,120.35714285714286,64.0,71.0,66.0,54.0,63.0,120.35714285714286,67.0,67.5,66.0,64.0
2017,3,1,60.38225806451613,50.24500000000001,11.27258064516129,110.64516129032258,66.0,64.0,71.0,64.0,54.0,120.35714285714286,65.33333333333333,67.66666666666667,66.0,63.0
2017,3,1,60.38225806451613,50.24500000000001,11.27258064516129,110.64516129032258,66.0,66.0,64.0,63.0,64.0,110.64516129032258,69.0,68.0,75.0,66.0
2017,3,1,60.38225806451613,50.24500000000001,11.27258064516129,110.64516129032258,75.0,66.0,66.0,66.0,63.0,110.64516129032258,70.66666666666667,68.83333333333333,71.0,71.0
2017,3,1,60.38225806451613,50.24500000000001,11.27258064516129,110.64516129032258,71.0,75.0,66.0,71.0,66.0,110.64516129032258,73.66666666666667,69.5,75.0,70.0
2017,3,1,60.38225806451613,50.24500000000001,11.27258064516129,110.64516129032258,75.0,71.0,75.0,70.0,71.0,110.64516129032258,65.66666666666667,67.33333333333333,51.0,51.0
2017,3,1,60.38225806451613,50.24500000000001,11.27258064516129,110.64516129032258,51.0,75.0,71.0,51.0,70.0,110.64516129032258,66.33333333333333,68.5,73.0,66.0
2017,3,1,60.38225806451613,50.24500000000001,11.27258064516129,110.64516129032258,73.0,51.0,75.0,66.0,51.0,110.64516129032258,64.66666666666667,69.16666666666667,70.0,58.0
2017,3,1,60.38225806451613,50.24500000000001,11.27258064516129,110.64516129032258,70.0,73.0,51.0,58.0,66.0,110.64516129032258,71.0,68.33333333333333,70.0,63.0
2017,3,1,60.38225806451613,50.24500000000001,11.27258064516129,110.64516129032258,70.0,70.0,73.0,63.0,58.0,110.64516129032258,68.66666666666667,67.5,66.0,59.0
2017,3,1,60.38225806451613,50.24500000000001,11.27258064516129,110.64516129032258,66.0,70.0,70.0,59.0,63.0,110.64516129032258,71.0,67.83333333333333,77.0,63.0
2017,4,1,56.89233333333333,50.245000000000005,10.583,105.6,77.0,66.0,70.0,63.0,59.0,110.64516129032258,71.0,71.0,70.0,61.0
2017,4,1,56.89233333333333,50.245000000000005,10.583,105.6,70.0,77.0,66.0,61.0,63.0,105.6,74.0,71.33333333333333,75.0,67.0
2017,4,1,56.89233333333333,50.245000000000005,10.583,105.6,75.0,70.0,77.0,67.0,61.0,105.6,75.33333333333333,73.16666666666667,81.0,83.0
2017,4,1,56.89233333333333,50.245000000000005,10.583,105.6,81.0,75.0,70.0,83.0,67.0,105.6,77.33333333333333,74.16666666666667,76.0,71.0
2017,4,1,56.89233333333333,50.245000000000005,10.583,105.6,76.0,81.0,75.0,71.0,83.0,105.6,69.33333333333333,71.66666666666667,51.0,52.0
2017,4,1,56.89233333333333,50.245000000000005,10.583,105.6,51.0,76.0,81.0,52.0,71.0,105.6,67.33333333333333,71.33333333333333,75.0,69.0
2017,4,1,56.89233333333333,50.245000000000005,10.583,105.6,75.0,51.0,76.0,69.0,52.0,105.6,65.33333333333333,71.33333333333333,70.0,61.0
2017,4,1,56.89233333333333,50.245000000000005,10.583,105.6,70.0,75.0,51.0,61.0,69.0,105.6,72.33333333333333,70.83333333333333,72.0,65.0
2017,4,1,56.89233333333333,50.245000000000005,10.583,105.6,72.0,70.0,75.0,65.0,61.0,105.6,70.0,68.66666666666667,68.0,63.0
2017,4,1,56.89233333333333,50.245000000000005,10.583,105.6,68.0,72.0,70.0,63.0,65.0,105.6,70.0,67.66666666666667,70.0,65.0
2017,5,1,57.36354838709677,50.24500000000001,14.051290322580646,121.58064516129032,70.0,68.0,72.0,65.0,63.0,105.6,69.0,70.66666666666667,69.0,60.0
2017,5,1,57.36354838709677,50.24500000000001,14.051290322580646,121.58064516129032,69.0,70.0,68.0,60.0,65.0,121.58064516129032,71.66666666666667,70.83333333333333,76.0,69.0
2017,5,1,57.36354838709677,50.24500000000001,14.051290322580646,121.58064516129032,76.0,69.0,70.0,69.0,60.0,121.58064516129032,73.66666666666667,71.83333333333333,76.0,77.0
2017,5,1,57.36354838709677,50.24500000000001,14.051290322580646,121.58064516129032,76.0,76.0,69.0,77.0,69.0,121.58064516129032,76.0,72.5,76.0,72.0
2017,5,1,57.36354838709677,50.24500000000001,14.051290322580646,121.58064516129032,76.0,76.0,76.0,72.0,77.0,121.58064516129032,68.0,69.83333333333333,52.0,52.0
2017,5,1,57.36354838709677,50.24500000000001,14.051290322580646,121.58064516129032,52.0,76.0,76.0,52.0,72.0,121.58064516129032,68.66666666666667,71.16666666666667,78.0,71.0
2017,5,1,57.36354838709677,50.24500000000001,14.051290322580646,121.58064516129032,78.0,52.0,76.0,71.0,52.0,121.58064516129032,66.33333333333333,71.16666666666667,69.0,60.0
2017,5,1,57.36354838709677,50.24500000000001,14.051290322580646,121.58064516129032,69.0,78.0,52.0,60.0,71.0,121.58064516129032,72.33333333333333,70.16666666666667,70.0,65.0
2017,5,1,57.36354838709677,50.24500000000001,14.051290322580646,121.58064516129032,70.0,69.0,78.0,65.0,60.0,121.58064516129032,68.66666666666667,68.66666666666667,67.0,62.0
2017,5,1,57.36354838709677,50.24500000000001,14.051290322580646,121.58064516129032,67.0,70.0,69.0,62.0,65.0,121.58064516129032,68.0,67.16666666666667,67.0,61.0
2017,6,1,45.41666666666666,50.245000000000005,11.977666666666666,81.16666666666667,67.0,67.0,70.0,61.0,62.0,121.58064516129032,67.66666666666667,70.0,69.0,63.0
2017,6,1,45.41666666666666,50.245000000000005,11.977666666666666,81.16666666666667,69.0,67.0,67.0,63.0,61.0,81.16666666666667,70.33333333333333,69.5,75.0,70.0
2017,6,1,45.41666666666666,50.245000000000005,11.977666666666666,81.16666666666667,75.0,69.0,67.0,70.0,63.0,81.16666666666667,72.66666666666667,70.33333333333333,74.0,76.0
2017,6,1,45.41666666666666,50.245000000000005,11.977666666666666,81.16666666666667,74.0,75.0,69.0,76.0,70.0,81.16666666666667,75.0,71.33333333333333,76.0,73.0
2017,6,1,45.41666666666666,50.245000000000005,11.977666666666666,81.16666666666667,76.0,74.0,75.0,73.0,76.0,81.16666666666667,72.66666666666667,71.5,68.0,60.0
2017,6,1,45.41666666666666,50.245000000000005,11.977666666666666,81.16666666666667,68.0,76.0,74.0,60.0,73.0,81.16666666666667,73.0,72.83333333333333,75.0,71.0
2017,6,1,45.41666666666666,50.245000000000005,11.977666666666666,81.16666666666667,75.0,68.0,76.0,71.0,60.0,81.16666666666667,70.66666666666667,72.83333333333333,69.0,62.0
2017,6,1,45.41666666666666,50.245000000000005,11.977666666666666,81.16666666666667,69.0,75.0,68.0,62.0,71.0,81.16666666666667,71.66666666666667,72.16666666666667,71.0,67.0
2017,6,1,45.41666666666666,50.245000000000005,11.977666666666666,81.16666666666667,71.0,69.0,75.0,67.0,62.0,81.16666666666667,68.66666666666667,70.83333333333333,66.0,64.0
2017,6,1,45.41666666666666,50.245000000000005,11.977666666666666,81.16666666666667,66.0,71.0,69.0,64.0,67.0,81.16666666666667,69.33333333333333,70.0,71.0,80.0
2017,7,1,53.98290322580645,50.24500000000001,14.18483870967742,102.0,71.0,66.0,71.0,80.0,64.0,81.16666666666667,68.33333333333333,70.0,68.0,64.0
2017,7,1,53.98290322580645,50.24500000000001,14.18483870967742,102.0,68.0,71.0,66.0,64.0,80.0,102.0,71.33333333333333,70.0,75.0,68.0
2017,7,1,53.98290322580645,50.24500000000001,14.18483870967742,102.0,75.0,68.0,71.0,68.0,64.0,102.0,73.33333333333333,71.33333333333333,77.0,79.0
2017,7,1,53.98290322580645,50.24500000000001,14.18483870967742,102.0,77.0,75.0,68.0,79.0,68.0,102.0,76.0,72.16666666666667,76.0,73.0
2017,7,1,53.98290322580645,50.24500000000001,14.18483870967742,102.0,76.0,77.0,75.0,73.0,79.0,102.0,72.66666666666667,72.0,65.0,64.0
2017,7,1,53.98290322580645,50.24500000000001,14.18483870967742,102.0,65.0,76.0,77.0,64.0,73.0,102.0,73.33333333333333,73.33333333333333,79.0,77.0
2017,7,1,53.98290322580645,50.24500000000001,14.18483870967742,102.0,79.0,65.0,76.0,77.0,64.0,102.0,71.66666666666667,73.83333333333333,71.0,67.0
2017,7,1,53.98290322580645,50.24500000000001,14.18483870967742,102.0,71.0,79.0,65.0,67.0,77.0,102.0,73.66666666666667,73.16666666666667,71.0,65.0
2017,7,1,53.98290322580645,50.24500000000001,14.18483870967742,102.0,71.0,71.0,79.0,65.0,67.0,102.0,69.0,71.16666666666667,65.0,62.0
2017,7,1,53.98290322580645,50.24500000000001,14.18483870967742,102.0,65.0,71.0,71.0,62.0,65.0,102.0,67.33333333333333,69.5,66.0,62.0
2017,8,1,42.14327586206896,50.245,11.301379310344828,95.3793103448276,66.0,65.0,71.0,62.0,62.0,102.0,66.33333333333333,70.0,68.0,61.0
2017,8,1,42.14327586206896,50.245,11.301379310344828,95.3793103448276,68.0,66.0,65.0,61.0,62.0,95.3793103448276,69.66666666666667,69.33333333333333,75.0,68.0
2017,8,1,42.14327586206896,50.245,11.301379310344828,95.3793103448276,75.0,68.0,66.0,68.0,61.0,95.3793103448276,73.66666666666667,70.5,78.0,78.0
2017,8,1,42.14327586206896,50.245,11.301379310344828,95.3793103448276,78.0,75.0,68.0,78.0,68.0,95.3793103448276,76.33333333333333,71.33333333333333,76.0,73.0
2017,8,1,42.14327586206896,50.245,11.301379310344828,95.3793103448276,76.0,78.0,75.0,73.0,78.0,95.3793103448276,73.66666666666667,71.66666666666667,67.0,60.0
2017,8,1,42.14327586206896,50.245,11.301379310344828,95.3793103448276,67.0,76.0,78.0,60.0,73.0,95.3793103448276,76.66666666666667,75.16666666666667,87.0,88.0
2017,8,1,42.14327586206896,50.245,11.301379310344828,95.3793103448276,87.0,67.0,76.0,88.0,60.0,95.3793103448276,73.66666666666667,75.0,67.0,68.0
2017,8,1,42.14327586206896,50.245,11.301379310344828,95.3793103448276,67.0,87.0,67.0,68.0,88.0,95.3793103448276,75.0,74.33333333333333,71.0,64.0
2017,8,1,42.14327586206896,50.245,11.301379310344828,95.3793103448276,71.0,67.0,87.0,64.0,68.0,95.3793103448276,67.33333333333333,72.0,64.0,60.0
2017,8,1,42.14327586206896,50.245,11.301379310344828,95.3793103448276,64.0,71.0,67.0,60.0,64.0,95.3793103448276,67.0,70.33333333333333,66.0,61.0
2017,9,1,40.13970588235294,50.245000000000005,12.986470588235294,88.8529411764706,66.0,64.0,71.0,61.0,60.0,95.3793103448276,65.33333333333333,70.16666666666667,66.0,58.0
2017,9,1,40.13970588235294,50.245000000000005,12.986470588235294,88.8529411764706,66.0,66.0,64.0,58.0,61.0,88.8529411764706,69.0,68.16666666666667,75.0,67.0
2017,9,1,40.13970588235294,50.245000000000005,12.986470588235294,88.8529411764706,75.0,66.0,66.0,67.0,58.0,88.8529411764706,70.0,68.5,69.0,69.0
2017,9,1,40.13970588235294,50.245000000000005,12.986470588235294,88.8529411764706,69.0,75.0,66.0,69.0,67.0,88.8529411764706,73.33333333333333,69.33333333333333,76.0,73.0
2017,9,1,40.13970588235294,50.245000000000005,12.986470588235294,88.8529411764706,76.0,69.0,75.0,73.0,69.0,88.8529411764706,67.33333333333333,68.16666666666667,57.0,57.0
2017,9,1,40.13970588235294,50.245000000000005,12.986470588235294,88.8529411764706,57.0,76.0,69.0,57.0,73.0,88.8529411764706,70.66666666666667,70.33333333333333,79.0,80.0
2017,9,1,40.13970588235294,50.245000000000005,12.986470588235294,88.8529411764706,79.0,57.0,76.0,80.0,57.0,88.8529411764706,68.0,70.66666666666667,68.0,66.0
2017,9,1,40.13970588235294,50.245000000000005,12.986470588235294,88.8529411764706,68.0,79.0,57.0,66.0,80.0,88.8529411764706,72.0,69.66666666666667,69.0,66.0
2017,9,1,40.13970588235294,50.245000000000005,12.986470588235294,88.8529411764706,69.0,68.0,79.0,66.0,66.0,88.8529411764706,67.0,68.83333333333333,64.0,58.0
2017,9,1,40.13970588235294,50.245000000000005,12.986470588235294,88.8529411764706,64.0,69.0,68.0,58.0,66.0,88.8529411764706,66.33333333333333,67.16666666666667,66.0,59.0
2017,10,1,45.48747311827957,50.24500000000001,17.72,102.1505376344086,66.0,64.0,69.0,59.0,58.0,88.8529411764706,65.66666666666667,68.83333333333333,67.0,59.0
2017,10,1,45.48747311827957,50.24500000000001,17.72,102.1505376344086,67.0,66.0,64.0,59.0,59.0,102.1505376344086,69.33333333333333,68.16666666666667,75.0,68.0
2017,10,1,45.48747311827957,50.24500000000001,17.72,102.1505376344086,75.0,67.0,66.0,68.0,59.0,102.1505376344086,70.33333333333333,68.33333333333333,69.0,68.0
2017,10,1,45.48747311827957,50.24500000000001,17.72,102.1505376344086,69.0,75.0,67.0,68.0,68.0,102.1505376344086,73.33333333333333,69.5,76.0,73.0
2017,10,1,45.48747311827957,50.24500000000001,17.72,102.1505376344086,76.0,69.0,75.0,73.0,68.0,102.1505376344086,77.0,73.16666666666667,86.0,55.0
2017,10,1,45.48747311827957,50.24500000000001,17.72,102.1505376344086,86.0,76.0,69.0,55.0,73.0,102.1505376344086,80.33333333333333,75.33333333333333,79.0,81.0
2017,10,1,45.48747311827957,50.24500000000001,17.72,102.1505376344086,79.0,86.0,76.0,81.0,55.0,102.1505376344086,78.66666666666667,76.0,71.0,71.0
2017,10,1,45.48747311827957,50.24500000000001,17.72,102.1505376344086,71.0,79.0,86.0,71.0,81.0,102.1505376344086,73.66666666666667,75.33333333333333,71.0,64.0
2017,10,1,45.48747311827957,50.24500000000001,17.72,102.1505376344086,71.0,71.0,79.0,64.0,71.0,102.1505376344086,68.66666666666667,74.5,64.0,58.0
2017,10,1,45.48747311827957,50.24500000000001,17.72,102.1505376344086,64.0,71.0,71.0,58.0,64.0,102.1505376344086,67.33333333333333,73.0,67.0,60.0
2017,11,1,43.46094444444444,50.245000000000005,23.553111111111114,91.33333333333331,67.0,64.0,71.0,60.0,58.0,102.1505376344086,66.0,69.83333333333333,67.0,68.0
2017,11,1,43.46094444444444,50.245000000000005,23.553111111111114,91.33333333333331,67.0,67.0,64.0,68.0,60.0,91.33333333333331,69.66666666666667,69.16666666666667,75.0,63.0
2017,11,1,43.46094444444444,50.245000000000005,23.553111111111114,91.33333333333331,75.0,67.0,67.0,63.0,68.0,91.33333333333331,71.0,69.16666666666667,71.0,72.0
2017,11,1,43.46094444444444,50.245000000000005,23.553111111111114,91.33333333333331,71.0,75.0,67.0,72.0,63.0,91.33333333333331,74.0,70.0,76.0,72.0
2017,11,1,43.46094444444444,50.245000000000005,23.553111111111114,91.33333333333331,76.0,71.0,75.0,72.0,72.0,91.33333333333331,67.33333333333333,68.5,55.0,56.0
2017,11,1,43.46094444444444,50.245000000000005,23.553111111111114,91.33333333333331,55.0,76.0,71.0,56.0,72.0,91.33333333333331,68.0,69.5,73.0,72.0
2017,11,1,43.46094444444444,50.245000000000005,23.553111111111114,91.33333333333331,73.0,55.0,76.0,72.0,56.0,91.33333333333331,71.66666666666667,72.83333333333333,87.0,82.0
2017,11,1,43.46094444444444,50.245000000000005,23.553111111111114,91.33333333333331,87.0,73.0,55.0,82.0,72.0,91.33333333333331,77.66666666666667,72.5,73.0,66.0
2017,11,1,43.46094444444444,50.245000000000005,23.553111111111114,91.33333333333331,73.0,87.0,73.0,66.0,82.0,91.33333333333331,75.33333333333333,71.66666666666667,66.0,57.0
2017,11,1,43.46094444444444,50.245000000000005,23.553111111111114,91.33333333333331,66.0,73.0,87.0,57.0,66.0,91.33333333333331,68.0,69.83333333333333,65.0,60.0
2017,12,1,55.66373626373626,50.245,23.29747252747253,106.81318681318682,65.0,66.0,73.0,60.0,57.0,91.33333333333331,66.33333333333333,72.0,68.0,61.0
2017,12,1,55.66373626373626,50.245,23.29747252747253,106.81318681318682,68.0,65.0,66.0,61.0,60.0,106.81318681318682,69.0,72.16666666666667,74.0,65.0
2017,12,1,55.66373626373626,50.245,23.29747252747253,106.81318681318682,74.0,68.0,65.0,65.0,61.0,106.81318681318682,72.0,70.0,74.0,77.0
2017,12,1,55.66373626373626,50.245,23.29747252747253,106.81318681318682,74.0,74.0,68.0,77.0,65.0,106.81318681318682,74.66666666666667,70.5,76.0,73.0
2017,12,1,55.66373626373626,50.245,23.29747252747253,106.81318681318682,76.0,74.0,74.0,73.0,77.0,106.81318681318682,67.66666666666667,68.33333333333333,53.0,55.0
2017,12,1,55.66373626373626,50.245,23.29747252747253,106.81318681318682,53.0,76.0,74.0,55.0,73.0,106.81318681318682,67.66666666666667,69.83333333333333,74.0,74.0
2017,12,1,55.66373626373626,50.245,23.29747252747253,106.81318681318682,74.0,53.0,76.0,74.0,55.0,106.81318681318682,68.33333333333333,71.5,78.0,77.0
2017,12,1,55.66373626373626,50.245,23.29747252747253,106.81318681318682,78.0,74.0,53.0,77.0,74.0,106.81318681318682,76.33333333333333,72.0,77.0,73.0
2017,12,1,55.66373626373626,50.245,23.29747252747253,106.81318681318682,77.0,78.0,74.0,73.0,77.0,106.81318681318682,74.0,70.83333333333333,67.0,57.0
2017,12,1,55.66373626373626,50.245,23.29747252747253,106.81318681318682,67.0,77.0,78.0,57.0,73.0,106.81318681318682,69.66666666666667,69.0,65.0,59.0
2018,1,1,76.13397849462366,50.24500000000001,18.13827956989247,154.8709677419355,65.0,67.0,77.0,59.0,57.0,106.81318681318682,67.66666666666667,72.0,71.0,61.0
2018,1,1,76.13397849462366,50.24500000000001,18.13827956989247,154.8709677419355,71.0,65.0,67.0,61.0,59.0,154.8709677419355,71.0,72.5,77.0,74.0
2018,1,1,76.13397849462366,50.24500000000001,18.13827956989247,154.8709677419355,77.0,71.0,65.0,74.0,61.0,154.8709677419355,75.66666666666667,72.66666666666667,79.0,79.0
2018,1,1,76.13397849462366,50.24500000000001,18.13827956989247,154.8709677419355,79.0,77.0,71.0,79.0,74.0,154.8709677419355,77.33333333333333,72.5,76.0,69.0
2018,1,1,76.13397849462366,50.24500000000001,18.13827956989247,154.8709677419355,76.0,79.0,77.0,69.0,79.0,154.8709677419355,73.0,72.0,64.0,66.0
2018,1,1,76.13397849462366,50.24500000000001,18.13827956989247,154.8709677419355,64.0,76.0,79.0,66.0,69.0,154.8709677419355,70.33333333333333,73.0,71.0,72.0
2018,1,1,76.13397849462366,50.24500000000001,18.13827956989247,154.8709677419355,71.0,64.0,76.0,72.0,66.0,154.8709677419355,70.0,73.66666666666667,75.0,67.0
2018,1,1,76.13397849462366,50.24500000000001,18.13827956989247,154.8709677419355,75.0,71.0,64.0,67.0,72.0,154.8709677419355,72.33333333333333,72.66666666666667,71.0,65.0
2018,1,1,76.13397849462366,50.24500000000001,18.13827956989247,154.8709677419355,71.0,75.0,71.0,65.0,67.0,154.8709677419355,71.0,70.66666666666667,67.0,60.0
2018,1,1,76.13397849462366,50.24500000000001,18.13827956989247,154.8709677419355,67.0,71.0,75.0,60.0,65.0,154.8709677419355,68.66666666666667,69.33333333333333,68.0,60.0
2018,2,1,55.97975903614457,50.245,17.30289156626506,114.6987951807229,68.0,67.0,71.0,60.0,60.0,154.8709677419355,68.33333333333333,70.33333333333333,70.0,61.0
2018,2,1,55.97975903614457,50.245,17.30289156626506,114.6987951807229,70.0,68.0,67.0,61.0,60.0,114.6987951807229,71.66666666666667,71.33333333333333,77.0,74.0
2018,2,1,55.97975903614457,50.245,17.30289156626506,114.6987951807229,77.0,70.0,68.0,74.0,61.0,114.6987951807229,75.66666666666667,72.16666666666667,80.0,79.0
2018,2,1,55.97975903614457,50.245,17.30289156626506,114.6987951807229,80.0,77.0,70.0,79.0,74.0,114.6987951807229,77.33333333333333,72.83333333333333,75.0,70.0
2018,2,1,55.97975903614457,50.245,17.30289156626506,114.6987951807229,75.0,80.0,77.0,70.0,79.0,114.6987951807229,75.33333333333333,73.5,71.0,69.0
2018,2,1,55.97975903614457,50.245,17.30289156626506,114.6987951807229,71.0,75.0,80.0,69.0,70.0,114.6987951807229,71.0,73.33333333333333,67.0,69.0
2018,2,1,55.97975903614457,50.245,17.30289156626506,114.6987951807229,67.0,71.0,75.0,69.0,69.0,114.6987951807229,73.0,75.16666666666667,81.0,80.0
2018,2,1,55.97975903614457,50.245,17.30289156626506,114.6987951807229,81.0,67.0,71.0,80.0,69.0,114.6987951807229,73.33333333333333,74.33333333333333,72.0,67.0
2018,2,1,55.97975903614457,50.245,17.30289156626506,114.6987951807229,72.0,81.0,67.0,67.0,80.0,114.6987951807229,73.33333333333333,72.16666666666667,67.0,62.0
2018,2,1,55.97975903614457,50.245,17.30289156626506,114.6987951807229,67.0,72.0,81.0,62.0,67.0,114.6987951807229,69.0,71.0,68.0,62.0
2018,3,1,51.398387096774194,50.24500000000001,16.418709677419354,107.20430107526882,68.0,67.0,72.0,62.0,62.0,114.6987951807229,67.66666666666667,70.5,68.0,61.0
2018,3,1,51.398387096774194,50.24500000000001,16.418709677419354,107.20430107526882,68.0,68.0,67.0,61.0,62.0,107.20430107526882,71.0,72.16666666666667,77.0,75.0
2018,3,1,51.398387096774194,50.24500000000001,16.418709677419354,107.20430107526882,77.0,68.0,68.0,75.0,61.0,107.20430107526882,73.0,71.0,74.0,71.0
2018,3,1,51.398387096774194,50.24500000000001,16.418709677419354,107.20430107526882,74.0,77.0,68.0,71.0,75.0,107.20430107526882,76.0,71.83333333333333,77.0,72.0
2018,3,1,51.398387096774194,50.24500000000001,16.418709677419354,107.20430107526882,77.0,74.0,77.0,72.0,71.0,107.20430107526882,74.66666666666667,72.83333333333333,73.0,71.0
2018,3,1,51.398387096774194,50.24500000000001,16.418709677419354,107.20430107526882,73.0,77.0,74.0,71.0,72.0,107.20430107526882,72.66666666666667,72.83333333333333,68.0,69.0
2018,3,1,51.398387096774194,50.24500000000001,16.418709677419354,107.20430107526882,68.0,73.0,77.0,69.0,71.0,107.20430107526882,68.66666666666667,72.33333333333333,65.0,61.0
2018,3,1,51.398387096774194,50.24500000000001,16.418709677419354,107.20430107526882,65.0,68.0,73.0,61.0,69.0,107.20430107526882,69.66666666666667,72.16666666666667,76.0,71.0
2018,3,1,51.398387096774194,50.24500000000001,16.418709677419354,107.20430107526882,76.0,65.0,68.0,71.0,61.0,107.20430107526882,69.33333333333333,71.0,67.0,62.0
2018,3,1,51.398387096774194,50.24500000000001,16.418709677419354,107.20430107526882,67.0,76.0,65.0,62.0,71.0,107.20430107526882,70.33333333333333,69.5,68.0,63.0
2018,4,1,36.41114864864865,50.245000000000005,26.16283783783784,73.64864864864865,68.0,67.0,76.0,63.0,62.0,107.20430107526882,63.333333333333336,66.5,55.0,54.0
2018,4,1,36.41114864864865,50.245000000000005,26.16283783783784,73.64864864864865,55.0,68.0,67.0,54.0,63.0,73.64864864864865,66.66666666666667,68.0,77.0,74.0
2018,4,1,36.41114864864865,50.245000000000005,26.16283783783784,73.64864864864865,77.0,55.0,68.0,74.0,54.0,73.64864864864865,64.66666666666667,67.5,62.0,56.0
2018,4,1,36.41114864864865,50.245000000000005,26.16283783783784,73.64864864864865,62.0,77.0,55.0,56.0,74.0,73.64864864864865,72.0,67.66666666666667,77.0,72.0
2018,4,1,36.41114864864865,50.245000000000005,26.16283783783784,73.64864864864865,77.0,62.0,77.0,72.0,56.0,73.64864864864865,70.66666666666667,68.66666666666667,73.0,72.0
2018,4,1,36.41114864864865,50.245000000000005,26.16283783783784,73.64864864864865,73.0,77.0,62.0,72.0,72.0,73.64864864864865,74.66666666666667,69.66666666666667,74.0,71.0
2018,4,1,36.41114864864865,50.245000000000005,26.16283783783784,73.64864864864865,74.0,73.0,77.0,71.0,72.0,73.64864864864865,69.66666666666667,70.83333333333333,62.0,56.0
2018,4,1,36.41114864864865,50.245000000000005,26.16283783783784,73.64864864864865,62.0,74.0,73.0,56.0,71.0,73.64864864864865,70.66666666666667,70.66666666666667,76.0,73.0
2018,4,1,36.41114864864865,50.245000000000005,26.16283783783784,73.64864864864865,76.0,62.0,74.0,73.0,56.0,73.64864864864865,68.33333333333333,71.5,67.0,63.0
2018,4,1,36.41114864864865,50.245000000000005,26.16283783783784,73.64864864864865,67.0,76.0,62.0,63.0,73.0,73.64864864864865,70.0,69.83333333333333,67.0,63.0
2018,5,1,37.727291666666666,50.245000000000005,30.46819444444445,84.02777777777777,67.0,67.0,76.0,63.0,63.0,73.64864864864865,56.333333333333336,63.5,35.0,31.0
2018,5,1,37.727291666666666,50.245000000000005,30.46819444444445,84.02777777777777,35.0,67.0,67.0,31.0,63.0,84.02777777777777,59.333333333333336,63.833333333333336,76.0,74.0
2018,5,1,37.727291666666666,50.245000000000005,30.46819444444445,84.02777777777777,76.0,35.0,67.0,74.0,31.0,84.02777777777777,57.0,63.5,60.0,49.0
2018,5,1,37.727291666666666,50.245000000000005,30.46819444444445,84.02777777777777,60.0,76.0,35.0,49.0,74.0,84.02777777777777,70.33333333333333,63.333333333333336,75.0,71.0
2018,5,1,37.727291666666666,50.245000000000005,30.46819444444445,84.02777777777777,75.0,60.0,76.0,71.0,49.0,84.02777777777777,67.0,63.166666666666664,66.0,61.0
2018,5,1,37.727291666666666,50.245000000000005,30.46819444444445,84.02777777777777,66.0,75.0,60.0,61.0,71.0,84.02777777777777,70.66666666666667,63.833333333333336,71.0,73.0
2018,5,1,37.727291666666666,50.245000000000005,30.46819444444445,84.02777777777777,71.0,66.0,75.0,73.0,61.0,84.02777777777777,66.0,68.16666666666667,61.0,55.0
2018,5,1,37.727291666666666,50.245000000000005,30.46819444444445,84.02777777777777,61.0,71.0,66.0,55.0,73.0,84.02777777777777,68.33333333333333,67.66666666666667,73.0,70.0
2018,5,1,37.727291666666666,50.245000000000005,30.46819444444445,84.02777777777777,73.0,61.0,71.0,70.0,55.0,84.02777777777777,66.33333333333333,68.5,65.0,61.0
2018,5,1,37.727291666666666,50.245000000000005,30.46819444444445,84.02777777777777,65.0,73.0,61.0,61.0,70.0,84.02777777777777,68.0,67.0,66.0,62.0
2018,6,1,72.48371212121212,50.245000000000005,22.29878787878788,96.6060606060606,66.0,65.0,73.0,62.0,61.0,84.02777777777777,54.333333333333336,61.333333333333336,32.0,31.0
2018,6,1,72.48371212121212,50.245000000000005,22.29878787878788,96.6060606060606,32.0,66.0,65.0,31.0,62.0,96.6060606060606,58.0,62.166666666666664,76.0,74.0
2018,6,1,72.48371212121212,50.245000000000005,22.29878787878788,96.6060606060606,76.0,32.0,66.0,74.0,31.0,96.6060606060606,56.0,62.0,60.0,52.0
2018,6,1,72.48371212121212,50.245000000000005,22.29878787878788,96.6060606060606,60.0,76.0,32.0,52.0,74.0,96.6060606060606,70.0,62.166666666666664,74.0,69.0
2018,6,1,72.48371212121212,50.245000000000005,22.29878787878788,96.6060606060606,74.0,60.0,76.0,69.0,52.0,96.6060606060606,65.0,61.5,61.0,60.0
2018,6,1,72.48371212121212,50.245000000000005,22.29878787878788,96.6060606060606,61.0,74.0,60.0,60.0,69.0,96.6060606060606,69.0,62.5,72.0,68.0
2018,6,1,72.48371212121212,50.245000000000005,22.29878787878788,96.6060606060606,72.0,61.0,74.0,68.0,60.0,96.6060606060606,64.66666666666667,67.33333333333333,61.0,55.0
2018,6,1,72.48371212121212,50.245000000000005,22.29878787878788,96.6060606060606,61.0,72.0,61.0,55.0,68.0,96.6060606060606,67.66666666666667,66.33333333333333,70.0,65.0
2018,6,1,72.48371212121212,50.245000000000005,22.29878787878788,96.6060606060606,70.0,61.0,72.0,65.0,55.0,96.6060606060606,65.33333333333333,67.16666666666667,65.0,59.0
2018,6,1,72.48371212121212,50.245000000000005,22.29878787878788,96.6060606060606,65.0,70.0,61.0,59.0,65.0,96.6060606060606,67.33333333333333,66.0,67.0,64.0
2018,7,1,51.57683823529412,50.245000000000005,20.986323529411763,93.20588235294116,67.0,65.0,70.0,64.0,59.0,96.6060606060606,59.666666666666664,63.666666666666664,47.0,46.0
2018,7,1,51.57683823529412,50.245000000000005,20.986323529411763,93.20588235294116,47.0,67.0,65.0,46.0,64.0,93.20588235294116,63.333333333333336,64.33333333333333,76.0,74.0
2018,7,1,51.57683823529412,50.245000000000005,20.986323529411763,93.20588235294116,76.0,47.0,67.0,74.0,46.0,93.20588235294116,61.0,64.16666666666667,60.0,51.0
2018,7,1,51.57683823529412,50.245000000000005,20.986323529411763,93.20588235294116,60.0,76.0,47.0,51.0,74.0,93.20588235294116,70.33333333333333,65.0,75.0,68.0
2018,7,1,51.57683823529412,50.245000000000005,20.986323529411763,93.20588235294116,75.0,60.0,76.0,68.0,51.0,93.20588235294116,67.0,65.16666666666667,66.0,66.0
2018,7,1,51.57683823529412,50.245000000000005,20.986323529411763,93.20588235294116,66.0,75.0,60.0,66.0,68.0,93.20588235294116,71.33333333333333,66.16666666666667,73.0,68.0
2018,7,1,51.57683823529412,50.245000000000005,20.986323529411763,93.20588235294116,73.0,66.0,75.0,68.0,66.0,93.20588235294116,66.0,68.16666666666667,59.0,53.0
2018,7,1,51.57683823529412,50.245000000000005,20.986323529411763,93.20588235294116,59.0,73.0,66.0,53.0,68.0,93.20588235294116,67.33333333333333,67.16666666666667,70.0,65.0
2018,7,1,51.57683823529412,50.245000000000005,20.986323529411763,93.20588235294116,70.0,59.0,73.0,65.0,53.0,93.20588235294116,65.0,68.16666666666667,66.0,57.0
2018,7,1,51.57683823529412,50.245000000000005,20.986323529411763,93.20588235294116,66.0,70.0,59.0,57.0,65.0,93.20588235294116,67.33333333333333,66.66666666666667,66.0,60.0
2018,8,1,44.67958333333333,50.245000000000005,19.65597222222222,87.04166666666667,66.0,66.0,70.0,60.0,57.0,93.20588235294116,62.666666666666664,65.0,56.0,55.0
2018,8,1,44.67958333333333,50.245000000000005,19.65597222222222,87.04166666666667,56.0,66.0,66.0,55.0,60.0,87.04166666666667,66.0,65.5,76.0,73.0
2018,8,1,44.67958333333333,50.245000000000005,19.65597222222222,87.04166666666667,76.0,56.0,66.0,73.0,55.0,87.04166666666667,66.33333333333333,66.83333333333333,67.0,65.0
2018,8,1,44.67958333333333,50.245000000000005,19.65597222222222,87.04166666666667,67.0,76.0,56.0,65.0,73.0,87.04166666666667,72.66666666666667,67.66666666666667,75.0,68.0
2018,8,1,44.67958333333333,50.245000000000005,19.65597222222222,87.04166666666667,75.0,67.0,76.0,68.0,65.0,87.04166666666667,69.33333333333333,67.66666666666667,66.0,64.0
2018,8,1,44.67958333333333,50.245000000000005,19.65597222222222,87.04166666666667,66.0,75.0,67.0,64.0,68.0,87.04166666666667,69.66666666666667,68.0,68.0,68.0
2018,8,1,44.67958333333333,50.245000000000005,19.65597222222222,87.04166666666667,68.0,66.0,75.0,68.0,64.0,87.04166666666667,71.66666666666667,72.16666666666667,81.0,80.0
2018,8,1,44.67958333333333,50.245000000000005,19.65597222222222,87.04166666666667,81.0,68.0,66.0,80.0,68.0,87.04166666666667,74.0,71.66666666666667,73.0,68.0
2018,8,1,44.67958333333333,50.245000000000005,19.65597222222222,87.04166666666667,73.0,81.0,68.0,68.0,80.0,87.04166666666667,73.66666666666667,71.66666666666667,67.0,59.0
2018,8,1,44.67958333333333,50.245000000000005,19.65597222222222,87.04166666666667,67.0,73.0,81.0,59.0,68.0,87.04166666666667,68.66666666666667,70.16666666666667,66.0,60.0
2018,9,1,48.24883333333333,50.245000000000005,16.74,100.05555555555556,66.0,67.0,73.0,60.0,59.0,87.04166666666667,64.33333333333333,69.16666666666667,60.0,59.0
2018,9,1,48.24883333333333,50.245000000000005,16.74,100.05555555555556,60.0,66.0,67.0,59.0,60.0,100.05555555555556,67.33333333333333,70.5,76.0,74.0
2018,9,1,48.24883333333333,50.245000000000005,16.74,100.05555555555556,76.0,60.0,66.0,74.0,59.0,100.05555555555556,66.33333333333333,67.5,63.0,56.0
2018,9,1,48.24883333333333,50.245000000000005,16.74,100.05555555555556,63.0,76.0,60.0,56.0,74.0,100.05555555555556,71.33333333333333,67.83333333333333,75.0,69.0
2018,9,1,48.24883333333333,50.245000000000005,16.74,100.05555555555556,75.0,63.0,76.0,69.0,56.0,100.05555555555556,63.333333333333336,65.33333333333333,52.0,49.0
2018,9,1,48.24883333333333,50.245000000000005,16.74,100.05555555555556,52.0,75.0,63.0,49.0,69.0,100.05555555555556,67.0,66.66666666666667,74.0,71.0
2018,9,1,48.24883333333333,50.245000000000005,16.74,100.05555555555556,74.0,52.0,75.0,71.0,49.0,100.05555555555556,61.333333333333336,66.33333333333333,58.0,57.0
2018,9,1,48.24883333333333,50.245000000000005,16.74,100.05555555555556,58.0,74.0,52.0,57.0,71.0,100.05555555555556,68.0,65.66666666666667,72.0,67.0
2018,9,1,48.24883333333333,50.245000000000005,16.74,100.05555555555556,72.0,58.0,74.0,67.0,57.0,100.05555555555556,65.66666666666667,66.33333333333333,67.0,61.0
2018,9,1,48.24883333333333,50.245000000000005,16.74,100.05555555555556,67.0,72.0,58.0,61.0,67.0,100.05555555555556,68.0,64.66666666666667,65.0,60.0
2018,10,1,49.99849462365591,50.24500000000001,17.37537634408602,106.247311827957,65.0,67.0,72.0,60.0,61.0,100.05555555555556,62.666666666666664,65.33333333333333,56.0,56.0
2018,10,1,49.99849462365591,50.24500000000001,17.37537634408602,106.247311827957,56.0,65.0,67.0,56.0,60.0,106.247311827957,65.66666666666667,65.66666666666667,76.0,74.0
2018,10,1,49.99849462365591,50.24500000000001,17.37537634408602,106.247311827957,76.0,56.0,65.0,74.0,56.0,106.247311827957,65.33333333333333,66.66666666666667,64.0,58.0
2018,10,1,49.99849462365591,50.24500000000001,17.37537634408602,106.247311827957,64.0,76.0,56.0,58.0,74.0,106.247311827957,71.66666666666667,67.16666666666667,75.0,67.0
2018,10,1,49.99849462365591,50.24500000000001,17.37537634408602,106.247311827957,75.0,64.0,76.0,67.0,58.0,106.247311827957,65.66666666666667,65.66666666666667,58.0,58.0
2018,10,1,49.99849462365591,50.24500000000001,17.37537634408602,106.247311827957,58.0,75.0,64.0,58.0,67.0,106.247311827957,68.33333333333333,66.83333333333333,72.0,73.0
2018,10,1,49.99849462365591,50.24500000000001,17.37537634408602,106.247311827957,72.0,58.0,75.0,73.0,58.0,106.247311827957,64.66666666666667,68.16666666666667,64.0,64.0
2018,10,1,49.99849462365591,50.24500000000001,17.37537634408602,106.247311827957,64.0,72.0,58.0,64.0,73.0,106.247311827957,68.66666666666667,67.16666666666667,70.0,63.0
2018,10,1,49.99849462365591,50.24500000000001,17.37537634408602,106.247311827957,70.0,64.0,72.0,63.0,64.0,106.247311827957,66.66666666666667,67.5,66.0,55.0
2018,10,1,49.99849462365591,50.24500000000001,17.37537634408602,106.247311827957,66.0,70.0,64.0,55.0,63.0,106.247311827957,66.66666666666667,65.66666666666667,64.0,58.0
2018,11,1,56.57422222222223,50.245000000000005,17.811333333333334,117.66666666666669,64.0,66.0,70.0,58.0,55.0,106.247311827957,63.0,65.83333333333333,59.0,59.0
2018,11,1,56.57422222222223,50.245000000000005,17.811333333333334,117.66666666666669,59.0,64.0,66.0,59.0,58.0,117.66666666666669,66.66666666666667,66.66666666666667,77.0,74.0
2018,11,1,56.57422222222223,50.245000000000005,17.811333333333334,117.66666666666669,77.0,59.0,64.0,74.0,59.0,117.66666666666669,68.66666666666667,67.66666666666667,70.0,68.0
2018,11,1,56.57422222222223,50.245000000000005,17.811333333333334,117.66666666666669,70.0,77.0,59.0,68.0,74.0,117.66666666666669,74.0,68.5,75.0,68.0
2018,11,1,56.57422222222223,50.245000000000005,17.811333333333334,117.66666666666669,75.0,70.0,77.0,68.0,68.0,117.66666666666669,66.33333333333333,66.5,54.0,55.0
2018,11,1,56.57422222222223,50.245000000000005,17.811333333333334,117.66666666666669,54.0,75.0,70.0,55.0,68.0,117.66666666666669,67.0,67.83333333333333,72.0,73.0
2018,11,1,56.57422222222223,50.245000000000005,17.811333333333334,117.66666666666669,72.0,54.0,75.0,73.0,55.0,117.66666666666669,64.0,69.0,66.0,67.0
2018,11,1,56.57422222222223,50.245000000000005,17.811333333333334,117.66666666666669,66.0,72.0,54.0,67.0,73.0,117.66666666666669,69.66666666666667,68.0,71.0,64.0
2018,11,1,56.57422222222223,50.245000000000005,17.811333333333334,117.66666666666669,71.0,66.0,72.0,64.0,67.0,117.66666666666669,68.0,67.5,67.0,57.0
2018,11,1,56.57422222222223,50.245000000000005,17.811333333333334,117.66666666666669,67.0,71.0,66.0,57.0,64.0,117.66666666666669,65.66666666666667,64.83333333333333,59.0,58.0
2018,12,1,68.24634408602151,50.24500000000001,16.749247311827958,140.08602150537635,59.0,67.0,71.0,58.0,57.0,117.66666666666669,61.333333333333336,65.5,58.0,57.0
2018,12,1,68.24634408602151,50.24500000000001,16.749247311827958,140.08602150537635,58.0,59.0,67.0,57.0,58.0,140.08602150537635,64.66666666666667,66.33333333333333,77.0,74.0
2018,12,1,68.24634408602151,50.24500000000001,16.749247311827958,140.08602150537635,77.0,58.0,59.0,74.0,57.0,140.08602150537635,66.66666666666667,66.16666666666667,65.0,63.0
2018,12,1,68.24634408602151,50.24500000000001,16.749247311827958,140.08602150537635,65.0,77.0,58.0,63.0,74.0,140.08602150537635,72.33333333333333,66.83333333333333,75.0,69.0
2018,12,1,68.24634408602151,50.24500000000001,16.749247311827958,140.08602150537635,75.0,65.0,77.0,69.0,63.0,140.08602150537635,64.0,64.33333333333333,52.0,53.0
2018,12,1,68.24634408602151,50.24500000000001,16.749247311827958,140.08602150537635,52.0,75.0,65.0,53.0,69.0,140.08602150537635,63.0,64.83333333333333,62.0,64.0
2018,12,1,68.24634408602151,50.24500000000001,16.749247311827958,140.08602150537635,62.0,52.0,75.0,64.0,53.0,140.08602150537635,60.666666666666664,66.5,68.0,64.0
2018,12,1,68.24634408602151,50.24500000000001,16.749247311827958,140.08602150537635,68.0,62.0,52.0,64.0,64.0,140.08602150537635,67.33333333333333,65.66666666666667,72.0,63.0
2018,12,1,68.24634408602151,50.24500000000001,16.749247311827958,140.08602150537635,72.0,68.0,62.0,63.0,64.0,140.08602150537635,69.0,66.0,67.0,58.0
2018,12,1,68.24634408602151,50.24500000000001,16.749247311827958,140.08602150537635,67.0,72.0,68.0,58.0,63.0,140.08602150537635,62.333333333333336,61.5,48.0,59.0
2015,1,2,117.20536723163843,204.17644067796613,38.58361581920904,261.7005649717514,59.0,75.0,54.0,54.0,71.0,261.7005649717514,74.66666666666667,67.0,90.0,95.0
2015,1,2,117.20536723163843,204.17644067796613,38.58361581920904,261.7005649717514,90.0,59.0,75.0,95.0,54.0,261.7005649717514,69.33333333333333,67.83333333333333,59.0,50.0
2015,1,2,117.20536723163843,204.17644067796613,38.58361581920904,261.7005649717514,59.0,90.0,59.0,50.0,95.0,261.7005649717514,72.0,67.33333333333333,67.0,62.0
2015,1,2,117.20536723163843,204.17644067796613,38.58361581920904,261.7005649717514,67.0,59.0,90.0,62.0,50.0,261.7005649717514,73.0,73.83333333333333,93.0,96.0
2015,1,2,117.20536723163843,204.17644067796613,38.58361581920904,261.7005649717514,93.0,67.0,59.0,96.0,62.0,261.7005649717514,86.33333333333333,77.83333333333333,99.0,95.0
2015,2,2,107.5262874251497,196.4694011976048,44.34041916167665,254.0718562874252,99.0,93.0,67.0,95.0,96.0,261.7005649717514,82.33333333333333,77.16666666666667,55.0,51.0
2015,2,2,107.5262874251497,196.4694011976048,44.34041916167665,254.0718562874252,55.0,99.0,93.0,51.0,95.0,254.0718562874252,74.66666666666667,73.83333333333333,70.0,60.0
2015,2,2,107.5262874251497,196.4694011976048,44.34041916167665,254.0718562874252,70.0,55.0,99.0,60.0,51.0,254.0718562874252,61.0,73.66666666666667,58.0,51.0
2015,2,2,107.5262874251497,196.4694011976048,44.34041916167665,254.0718562874252,58.0,70.0,55.0,51.0,60.0,254.0718562874252,67.66666666666667,75.0,75.0,72.0
2015,2,2,107.5262874251497,196.4694011976048,44.34041916167665,254.0718562874252,75.0,58.0,70.0,72.0,51.0,254.0718562874252,64.33333333333333,69.5,60.0,56.0
2015,2,2,107.5262874251497,196.4694011976048,44.34041916167665,254.0718562874252,60.0,75.0,58.0,56.0,72.0,254.0718562874252,65.66666666666667,63.333333333333336,62.0,62.0
2015,2,2,107.5262874251497,196.4694011976048,44.34041916167665,254.0718562874252,62.0,60.0,75.0,62.0,56.0,254.0718562874252,61.0,64.33333333333333,61.0,52.0
2015,2,2,107.5262874251497,196.4694011976048,44.34041916167665,254.0718562874252,61.0,62.0,60.0,52.0,62.0,254.0718562874252,63.333333333333336,63.833333333333336,67.0,63.0
2015,2,2,107.5262874251497,196.4694011976048,44.34041916167665,254.0718562874252,67.0,61.0,62.0,63.0,52.0,254.0718562874252,73.33333333333333,69.5,92.0,91.0
2015,2,2,107.5262874251497,196.4694011976048,44.34041916167665,254.0718562874252,92.0,67.0,61.0,91.0,63.0,254.0718562874252,85.66666666666667,73.33333333333333,98.0,97.0
2015,3,2,82.19591397849463,179.1294623655914,24.52478494623656,240.33870967741936,98.0,92.0,67.0,97.0,91.0,254.0718562874252,82.33333333333333,72.83333333333333,57.0,55.0
2015,3,2,82.19591397849463,179.1294623655914,24.52478494623656,240.33870967741936,57.0,98.0,92.0,55.0,97.0,240.33870967741936,75.0,74.16666666666667,70.0,59.0
2015,3,2,82.19591397849463,179.1294623655914,24.52478494623656,240.33870967741936,70.0,57.0,98.0,59.0,55.0,240.33870967741936,61.333333333333336,73.5,57.0,53.0
2015,3,2,82.19591397849463,179.1294623655914,24.52478494623656,240.33870967741936,57.0,70.0,57.0,53.0,59.0,240.33870967741936,67.33333333333333,74.83333333333333,75.0,71.0
2015,3,2,82.19591397849463,179.1294623655914,24.52478494623656,240.33870967741936,75.0,57.0,70.0,71.0,53.0,240.33870967741936,64.33333333333333,69.66666666666667,61.0,57.0
2015,3,2,82.19591397849463,179.1294623655914,24.52478494623656,240.33870967741936,61.0,75.0,57.0,57.0,71.0,240.33870967741936,66.33333333333333,63.833333333333336,63.0,62.0
2015,3,2,82.19591397849463,179.1294623655914,24.52478494623656,240.33870967741936,63.0,61.0,75.0,62.0,57.0,240.33870967741936,60.666666666666664,64.0,58.0,54.0
2015,3,2,82.19591397849463,179.1294623655914,24.52478494623656,240.33870967741936,58.0,63.0,61.0,54.0,62.0,240.33870967741936,63.0,63.666666666666664,68.0,64.0
2015,3,2,82.19591397849463,179.1294623655914,24.52478494623656,240.33870967741936,68.0,58.0,63.0,64.0,54.0,240.33870967741936,66.66666666666667,66.5,74.0,63.0
2015,3,2,82.19591397849463,179.1294623655914,24.52478494623656,240.33870967741936,74.0,68.0,58.0,63.0,64.0,240.33870967741936,78.66666666666667,69.66666666666667,94.0,103.0
2015,4,2,90.21564,198.92316,46.275760000000005,296.704,94.0,74.0,68.0,103.0,63.0,240.33870967741936,74.33333333333333,68.66666666666667,55.0,53.0
2015,4,2,90.21564,198.92316,46.275760000000005,296.704,55.0,94.0,74.0,53.0,103.0,296.704,73.0,69.83333333333333,70.0,60.0
2015,4,2,90.21564,198.92316,46.275760000000005,296.704,70.0,55.0,94.0,60.0,53.0,296.704,63.666666666666664,71.16666666666667,66.0,64.0
2015,4,2,90.21564,198.92316,46.275760000000005,296.704,66.0,70.0,55.0,64.0,60.0,296.704,69.66666666666667,72.0,73.0,71.0
2015,4,2,90.21564,198.92316,46.275760000000005,296.704,73.0,66.0,70.0,71.0,64.0,296.704,66.0,69.5,59.0,56.0
2015,4,2,90.21564,198.92316,46.275760000000005,296.704,59.0,73.0,66.0,56.0,71.0,296.704,64.66666666666667,64.16666666666667,62.0,61.0
2015,4,2,90.21564,198.92316,46.275760000000005,296.704,62.0,59.0,73.0,61.0,56.0,296.704,60.333333333333336,65.0,60.0,54.0
2015,4,2,90.21564,198.92316,46.275760000000005,296.704,60.0,62.0,59.0,54.0,61.0,296.704,63.333333333333336,64.66666666666667,68.0,65.0
2015,4,2,90.21564,198.92316,46.275760000000005,296.704,68.0,60.0,62.0,65.0,54.0,296.704,61.333333333333336,63.0,56.0,49.0
2015,4,2,90.21564,198.92316,46.275760000000005,296.704,56.0,68.0,60.0,49.0,65.0,296.704,72.33333333333333,66.33333333333333,93.0,94.0
2015,5,2,95.1769264069264,232.1560606060606,61.495930735930735,330.72727272727275,93.0,56.0,68.0,94.0,49.0,296.704,67.66666666666667,65.5,54.0,53.0
2015,5,2,95.1769264069264,232.1560606060606,61.495930735930735,330.72727272727275,54.0,93.0,56.0,53.0,94.0,330.72727272727275,72.0,66.66666666666667,69.0,60.0
2015,5,2,95.1769264069264,232.1560606060606,61.495930735930735,330.72727272727275,69.0,54.0,93.0,60.0,53.0,330.72727272727275,61.0,66.66666666666667,60.0,54.0
2015,5,2,95.1769264069264,232.1560606060606,61.495930735930735,330.72727272727275,60.0,69.0,54.0,54.0,60.0,330.72727272727275,67.33333333333333,67.5,73.0,70.0
2015,5,2,95.1769264069264,232.1560606060606,61.495930735930735,330.72727272727275,73.0,60.0,69.0,70.0,54.0,330.72727272727275,64.0,68.0,59.0,57.0
2015,5,2,95.1769264069264,232.1560606060606,61.495930735930735,330.72727272727275,59.0,73.0,60.0,57.0,70.0,330.72727272727275,64.66666666666667,62.833333333333336,62.0,60.0
2015,5,2,95.1769264069264,232.1560606060606,61.495930735930735,330.72727272727275,62.0,59.0,73.0,60.0,57.0,330.72727272727275,60.0,63.666666666666664,59.0,53.0
2015,5,2,95.1769264069264,232.1560606060606,61.495930735930735,330.72727272727275,59.0,62.0,59.0,53.0,60.0,330.72727272727275,63.0,63.5,68.0,65.0
2015,5,2,95.1769264069264,232.1560606060606,61.495930735930735,330.72727272727275,68.0,59.0,62.0,65.0,53.0,330.72727272727275,61.0,62.833333333333336,56.0,49.0
2015,5,2,95.1769264069264,232.1560606060606,61.495930735930735,330.72727272727275,56.0,68.0,59.0,49.0,65.0,330.72727272727275,71.33333333333333,65.66666666666667,90.0,57.0
2015,6,2,84.89447115384615,188.18225961538465,56.96245192307693,239.65865384615384,90.0,56.0,68.0,57.0,49.0,330.72727272727275,68.33333333333333,65.66666666666667,59.0,61.0
2015,6,2,84.89447115384615,188.18225961538465,56.96245192307693,239.65865384615384,59.0,90.0,56.0,61.0,57.0,239.65865384615384,72.66666666666667,66.83333333333333,69.0,60.0
2015,6,2,84.89447115384615,188.18225961538465,56.96245192307693,239.65865384615384,69.0,59.0,90.0,60.0,61.0,239.65865384615384,62.666666666666664,67.0,60.0,54.0
2015,6,2,84.89447115384615,188.18225961538465,56.96245192307693,239.65865384615384,60.0,69.0,59.0,54.0,60.0,239.65865384615384,67.33333333333333,67.83333333333333,73.0,70.0
2015,6,2,84.89447115384615,188.18225961538465,56.96245192307693,239.65865384615384,73.0,60.0,69.0,70.0,54.0,239.65865384615384,64.0,68.33333333333333,59.0,56.0
2015,6,2,84.89447115384615,188.18225961538465,56.96245192307693,239.65865384615384,59.0,73.0,60.0,56.0,70.0,239.65865384615384,65.33333333333333,64.0,64.0,66.0
2015,6,2,84.89447115384615,188.18225961538465,56.96245192307693,239.65865384615384,64.0,59.0,73.0,66.0,56.0,239.65865384615384,60.666666666666664,64.0,59.0,53.0
2015,6,2,84.89447115384615,188.18225961538465,56.96245192307693,239.65865384615384,59.0,64.0,59.0,53.0,66.0,239.65865384615384,63.666666666666664,63.833333333333336,68.0,64.0
2015,6,2,84.89447115384615,188.18225961538465,56.96245192307693,239.65865384615384,68.0,59.0,64.0,64.0,53.0,239.65865384615384,61.0,63.166666666666664,56.0,52.0
2015,6,2,84.89447115384615,188.18225961538465,56.96245192307693,239.65865384615384,56.0,68.0,59.0,52.0,64.0,239.65865384615384,61.333333333333336,61.0,60.0,54.0
2015,7,2,61.16540404040404,153.044898989899,41.435656565656565,202.46464646464648,60.0,56.0,68.0,54.0,52.0,239.65865384615384,59.333333333333336,61.5,62.0,57.0
2015,7,2,61.16540404040404,153.044898989899,41.435656565656565,202.46464646464648,62.0,60.0,56.0,57.0,54.0,202.46464646464648,64.0,62.5,70.0,60.0
2015,7,2,61.16540404040404,153.044898989899,41.435656565656565,202.46464646464648,70.0,62.0,60.0,60.0,57.0,202.46464646464648,64.0,62.666666666666664,60.0,54.0
2015,7,2,61.16540404040404,153.044898989899,41.435656565656565,202.46464646464648,60.0,70.0,62.0,54.0,60.0,202.46464646464648,67.66666666666667,63.5,73.0,69.0
2015,7,2,61.16540404040404,153.044898989899,41.435656565656565,202.46464646464648,73.0,60.0,70.0,69.0,54.0,202.46464646464648,65.33333333333333,64.66666666666667,63.0,61.0
2015,7,2,61.16540404040404,153.044898989899,41.435656565656565,202.46464646464648,63.0,73.0,60.0,61.0,69.0,202.46464646464648,66.33333333333333,65.16666666666667,63.0,63.0
2015,7,2,61.16540404040404,153.044898989899,41.435656565656565,202.46464646464648,63.0,63.0,73.0,63.0,61.0,202.46464646464648,62.333333333333336,65.0,61.0,53.0
2015,7,2,61.16540404040404,153.044898989899,41.435656565656565,202.46464646464648,61.0,63.0,63.0,53.0,63.0,202.46464646464648,64.0,64.66666666666667,68.0,64.0
2015,7,2,61.16540404040404,153.044898989899,41.435656565656565,202.46464646464648,68.0,61.0,63.0,64.0,53.0,202.46464646464648,61.666666666666664,64.0,56.0,49.0
2015,7,2,61.16540404040404,153.044898989899,41.435656565656565,202.46464646464648,56.0,68.0,61.0,49.0,64.0,202.46464646464648,61.333333333333336,61.833333333333336,60.0,54.0
2015,8,2,61.25921348314606,168.91067415730336,42.611179775280895,215.8370786516854,60.0,56.0,68.0,54.0,49.0,202.46464646464648,59.0,61.5,61.0,62.0
2015,8,2,61.25921348314606,168.91067415730336,42.611179775280895,215.8370786516854,61.0,60.0,56.0,62.0,54.0,215.8370786516854,63.666666666666664,62.666666666666664,70.0,60.0
2015,8,2,61.25921348314606,168.91067415730336,42.611179775280895,215.8370786516854,70.0,61.0,60.0,60.0,62.0,215.8370786516854,54.0,57.666666666666664,31.0,25.0
2015,8,2,61.25921348314606,168.91067415730336,42.611179775280895,215.8370786516854,31.0,70.0,61.0,25.0,60.0,215.8370786516854,58.333333333333336,58.666666666666664,74.0,69.0
2015,8,2,61.25921348314606,168.91067415730336,42.611179775280895,215.8370786516854,74.0,31.0,70.0,69.0,25.0,215.8370786516854,55.0,59.333333333333336,60.0,57.0
2015,8,2,61.25921348314606,168.91067415730336,42.611179775280895,215.8370786516854,60.0,74.0,31.0,57.0,69.0,215.8370786516854,65.33333333333333,59.666666666666664,62.0,62.0
2015,8,2,61.25921348314606,168.91067415730336,42.611179775280895,215.8370786516854,62.0,60.0,74.0,62.0,57.0,215.8370786516854,61.0,59.666666666666664,61.0,52.0
2015,8,2,61.25921348314606,168.91067415730336,42.611179775280895,215.8370786516854,61.0,62.0,60.0,52.0,62.0,215.8370786516854,63.666666666666664,59.333333333333336,68.0,66.0
2015,8,2,61.25921348314606,168.91067415730336,42.611179775280895,215.8370786516854,68.0,61.0,62.0,66.0,52.0,215.8370786516854,61.666666666666664,63.5,56.0,48.0
2015,8,2,61.25921348314606,168.91067415730336,42.611179775280895,215.8370786516854,56.0,68.0,61.0,48.0,66.0,215.8370786516854,61.0,61.0,59.0,52.0
2015,9,2,75.43772925764193,195.70781659388643,44.98275109170305,221.6899563318777,59.0,56.0,68.0,52.0,48.0,215.8370786516854,57.666666666666664,60.666666666666664,58.0,52.0
2015,9,2,75.43772925764193,195.70781659388643,44.98275109170305,221.6899563318777,58.0,59.0,56.0,52.0,52.0,221.6899563318777,62.666666666666664,62.166666666666664,71.0,59.0
2015,9,2,75.43772925764193,195.70781659388643,44.98275109170305,221.6899563318777,71.0,58.0,59.0,59.0,52.0,221.6899563318777,63.0,62.0,60.0,58.0
2015,9,2,75.43772925764193,195.70781659388643,44.98275109170305,221.6899563318777,60.0,71.0,58.0,58.0,59.0,221.6899563318777,68.33333333333333,63.0,74.0,68.0
2015,9,2,75.43772925764193,195.70781659388643,44.98275109170305,221.6899563318777,74.0,60.0,71.0,68.0,58.0,221.6899563318777,65.66666666666667,64.16666666666667,63.0,55.0
2015,9,2,75.43772925764193,195.70781659388643,44.98275109170305,221.6899563318777,63.0,74.0,60.0,55.0,68.0,221.6899563318777,69.33333333333333,66.16666666666667,71.0,74.0
2015,9,2,75.43772925764193,195.70781659388643,44.98275109170305,221.6899563318777,71.0,63.0,74.0,74.0,55.0,221.6899563318777,67.0,67.66666666666667,67.0,56.0
2015,9,2,75.43772925764193,195.70781659388643,44.98275109170305,221.6899563318777,67.0,71.0,63.0,56.0,74.0,221.6899563318777,71.33333333333333,68.5,76.0,66.0
2015,9,2,75.43772925764193,195.70781659388643,44.98275109170305,221.6899563318777,76.0,67.0,71.0,66.0,56.0,221.6899563318777,68.66666666666667,69.0,63.0,52.0
2015,9,2,75.43772925764193,195.70781659388643,44.98275109170305,221.6899563318777,63.0,76.0,67.0,52.0,66.0,221.6899563318777,66.66666666666667,66.83333333333333,61.0,51.0
2015,10,2,110.713179916318,232.5538075313808,52.34573221757323,278.78661087866107,61.0,63.0,76.0,51.0,52.0,221.6899563318777,58.666666666666664,65.0,52.0,48.0
2015,10,2,110.713179916318,232.5538075313808,52.34573221757323,278.78661087866107,52.0,61.0,63.0,48.0,51.0,278.78661087866107,59.666666666666664,64.16666666666667,66.0,56.0
2015,10,2,110.713179916318,232.5538075313808,52.34573221757323,278.78661087866107,66.0,52.0,61.0,56.0,48.0,278.78661087866107,57.666666666666664,62.166666666666664,55.0,50.0
2015,10,2,110.713179916318,232.5538075313808,52.34573221757323,278.78661087866107,55.0,66.0,52.0,50.0,56.0,278.78661087866107,64.66666666666667,61.666666666666664,73.0,69.0
2015,10,2,110.713179916318,232.5538075313808,52.34573221757323,278.78661087866107,73.0,55.0,66.0,69.0,50.0,278.78661087866107,61.333333333333336,60.5,56.0,53.0
2015,10,2,110.713179916318,232.5538075313808,52.34573221757323,278.78661087866107,56.0,73.0,55.0,53.0,69.0,278.78661087866107,63.666666666666664,60.666666666666664,62.0,65.0
2015,10,2,110.713179916318,232.5538075313808,52.34573221757323,278.78661087866107,62.0,56.0,73.0,65.0,53.0,278.78661087866107,60.0,62.333333333333336,62.0,52.0
2015,10,2,110.713179916318,232.5538075313808,52.34573221757323,278.78661087866107,62.0,62.0,56.0,52.0,65.0,278.78661087866107,63.666666666666664,62.5,67.0,63.0
2015,10,2,110.713179916318,232.5538075313808,52.34573221757323,278.78661087866107,67.0,62.0,62.0,63.0,52.0,278.78661087866107,61.333333333333336,62.5,55.0,46.0
2015,10,2,110.713179916318,232.5538075313808,52.34573221757323,278.78661087866107,55.0,67.0,62.0,46.0,63.0,278.78661087866107,60.0,60.0,58.0,51.0
2015,11,2,195.2773725490196,310.7727058823529,71.49705882352941,358.19607843137254,58.0,55.0,67.0,51.0,46.0,278.78661087866107,55.666666666666664,59.666666666666664,54.0,51.0
2015,11,2,195.2773725490196,310.7727058823529,71.49705882352941,358.19607843137254,54.0,58.0,55.0,51.0,51.0,358.19607843137254,59.333333333333336,60.333333333333336,66.0,58.0
2015,11,2,195.2773725490196,310.7727058823529,71.49705882352941,358.19607843137254,66.0,54.0,58.0,58.0,51.0,358.19607843137254,61.0,60.5,63.0,61.0
2015,11,2,195.2773725490196,310.7727058823529,71.49705882352941,358.19607843137254,63.0,66.0,54.0,61.0,58.0,358.19607843137254,68.0,61.833333333333336,75.0,69.0
2015,11,2,195.2773725490196,310.7727058823529,71.49705882352941,358.19607843137254,75.0,63.0,66.0,69.0,61.0,358.19607843137254,65.33333333333333,62.333333333333336,58.0,55.0
2015,11,2,195.2773725490196,310.7727058823529,71.49705882352941,358.19607843137254,58.0,75.0,63.0,55.0,69.0,358.19607843137254,68.33333333333333,64.66666666666667,72.0,67.0
2015,11,2,195.2773725490196,310.7727058823529,71.49705882352941,358.19607843137254,72.0,58.0,75.0,67.0,55.0,358.19607843137254,63.666666666666664,65.83333333333333,61.0,54.0
2015,11,2,195.2773725490196,310.7727058823529,71.49705882352941,358.19607843137254,61.0,72.0,58.0,54.0,67.0,358.19607843137254,68.33333333333333,66.83333333333333,72.0,75.0
2015,11,2,195.2773725490196,310.7727058823529,71.49705882352941,358.19607843137254,72.0,61.0,72.0,75.0,54.0,358.19607843137254,63.666666666666664,66.0,58.0,49.0
2015,11,2,195.2773725490196,310.7727058823529,71.49705882352941,358.19607843137254,58.0,72.0,61.0,49.0,75.0,358.19607843137254,63.0,63.333333333333336,59.0,56.0
2015,12,2,167.8849528301887,286.1279716981132,78.44386792452829,332.33962264150944,59.0,58.0,72.0,56.0,49.0,358.19607843137254,56.333333333333336,62.333333333333336,52.0,49.0
2015,12,2,167.8849528301887,286.1279716981132,78.44386792452829,332.33962264150944,52.0,59.0,58.0,49.0,56.0,332.33962264150944,59.0,61.333333333333336,66.0,56.0
2015,12,2,167.8849528301887,286.1279716981132,78.44386792452829,332.33962264150944,66.0,52.0,59.0,56.0,49.0,332.33962264150944,64.33333333333333,63.666666666666664,75.0,81.0
2015,12,2,167.8849528301887,286.1279716981132,78.44386792452829,332.33962264150944,75.0,66.0,52.0,81.0,56.0,332.33962264150944,71.66666666666667,64.0,74.0,69.0
2015,12,2,167.8849528301887,286.1279716981132,78.44386792452829,332.33962264150944,74.0,75.0,66.0,69.0,81.0,332.33962264150944,69.0,64.0,58.0,54.0
2015,12,2,167.8849528301887,286.1279716981132,78.44386792452829,332.33962264150944,58.0,74.0,75.0,54.0,69.0,332.33962264150944,69.66666666666667,67.0,77.0,76.0
2015,12,2,167.8849528301887,286.1279716981132,78.44386792452829,332.33962264150944,77.0,58.0,74.0,76.0,54.0,332.33962264150944,72.33333333333333,72.0,82.0,79.0
2015,12,2,167.8849528301887,286.1279716981132,78.44386792452829,332.33962264150944,82.0,77.0,58.0,79.0,76.0,332.33962264150944,78.33333333333333,73.66666666666667,76.0,81.0
2015,12,2,167.8849528301887,286.1279716981132,78.44386792452829,332.33962264150944,76.0,82.0,77.0,81.0,79.0,332.33962264150944,72.33333333333333,71.0,59.0,47.0
2015,12,2,167.8849528301887,286.1279716981132,78.44386792452829,332.33962264150944,59.0,76.0,82.0,47.0,81.0,332.33962264150944,64.33333333333333,68.33333333333333,58.0,52.0
2016,1,2,205.7744,312.00337777777776,68.84577777777777,374.94666666666666,58.0,59.0,76.0,52.0,47.0,332.33962264150944,56.333333333333336,67.33333333333333,52.0,46.0
2016,1,2,205.7744,312.00337777777776,68.84577777777777,374.94666666666666,52.0,58.0,59.0,46.0,52.0,374.94666666666666,58.666666666666664,65.5,66.0,56.0
2016,1,2,205.7744,312.00337777777776,68.84577777777777,374.94666666666666,66.0,52.0,58.0,56.0,46.0,374.94666666666666,56.666666666666664,60.5,52.0,46.0
2016,1,2,205.7744,312.00337777777776,68.84577777777777,374.94666666666666,52.0,66.0,52.0,46.0,56.0,374.94666666666666,64.33333333333333,60.333333333333336,75.0,71.0
2016,1,2,205.7744,312.00337777777776,68.84577777777777,374.94666666666666,75.0,52.0,66.0,71.0,46.0,374.94666666666666,61.333333333333336,60.0,57.0,53.0
2016,1,2,205.7744,312.00337777777776,68.84577777777777,374.94666666666666,57.0,75.0,52.0,53.0,71.0,374.94666666666666,64.66666666666667,60.666666666666664,62.0,60.0
2016,1,2,205.7744,312.00337777777776,68.84577777777777,374.94666666666666,62.0,57.0,75.0,60.0,53.0,374.94666666666666,59.333333333333336,61.833333333333336,59.0,52.0
2016,1,2,205.7744,312.00337777777776,68.84577777777777,374.94666666666666,59.0,62.0,57.0,52.0,60.0,374.94666666666666,63.0,62.166666666666664,68.0,63.0
2016,1,2,205.7744,312.00337777777776,68.84577777777777,374.94666666666666,68.0,59.0,62.0,63.0,52.0,374.94666666666666,60.333333333333336,62.5,54.0,45.0
2016,1,2,205.7744,312.00337777777776,68.84577777777777,374.94666666666666,54.0,68.0,59.0,45.0,63.0,374.94666666666666,60.0,59.666666666666664,58.0,51.0
2016,2,2,129.73363636363635,224.36898395721929,60.79716577540107,285.1336898395722,58.0,54.0,68.0,51.0,45.0,374.94666666666666,55.0,59.0,53.0,49.0
2016,2,2,129.73363636363635,224.36898395721929,60.79716577540107,285.1336898395722,53.0,58.0,54.0,49.0,51.0,285.1336898395722,59.333333333333336,59.833333333333336,67.0,57.0
2016,2,2,129.73363636363635,224.36898395721929,60.79716577540107,285.1336898395722,67.0,53.0,58.0,57.0,49.0,285.1336898395722,58.666666666666664,59.333333333333336,56.0,53.0
2016,2,2,129.73363636363635,224.36898395721929,60.79716577540107,285.1336898395722,56.0,67.0,53.0,53.0,57.0,285.1336898395722,66.0,60.5,75.0,72.0
2016,2,2,129.73363636363635,224.36898395721929,60.79716577540107,285.1336898395722,75.0,56.0,67.0,72.0,53.0,285.1336898395722,63.0,61.166666666666664,58.0,54.0
2016,2,2,129.73363636363635,224.36898395721929,60.79716577540107,285.1336898395722,58.0,75.0,56.0,54.0,72.0,285.1336898395722,70.33333333333333,64.5,78.0,80.0
2016,2,2,129.73363636363635,224.36898395721929,60.79716577540107,285.1336898395722,78.0,58.0,75.0,80.0,54.0,285.1336898395722,66.0,66.0,62.0,52.0
2016,2,2,129.73363636363635,224.36898395721929,60.79716577540107,285.1336898395722,62.0,78.0,58.0,52.0,80.0,285.1336898395722,69.33333333333333,66.16666666666667,68.0,64.0
2016,2,2,129.73363636363635,224.36898395721929,60.79716577540107,285.1336898395722,68.0,62.0,78.0,64.0,52.0,285.1336898395722,62.0,66.16666666666667,56.0,48.0
2016,2,2,129.73363636363635,224.36898395721929,60.79716577540107,285.1336898395722,56.0,68.0,62.0,48.0,64.0,285.1336898395722,61.0,63.5,59.0,52.0
2016,3,2,92.54466257668712,183.42638036809817,54.9419018404908,231.4478527607362,59.0,56.0,68.0,52.0,48.0,285.1336898395722,55.666666666666664,62.5,52.0,48.0
2016,3,2,92.54466257668712,183.42638036809817,54.9419018404908,231.4478527607362,52.0,59.0,56.0,48.0,52.0,231.4478527607362,59.333333333333336,60.666666666666664,67.0,56.0
2016,3,2,92.54466257668712,183.42638036809817,54.9419018404908,231.4478527607362,67.0,52.0,59.0,56.0,48.0,231.4478527607362,58.0,59.5,55.0,49.0
2016,3,2,92.54466257668712,183.42638036809817,54.9419018404908,231.4478527607362,55.0,67.0,52.0,49.0,56.0,231.4478527607362,65.66666666666667,60.666666666666664,75.0,71.0
2016,3,2,92.54466257668712,183.42638036809817,54.9419018404908,231.4478527607362,75.0,55.0,67.0,71.0,49.0,231.4478527607362,63.333333333333336,61.333333333333336,60.0,59.0
2016,3,2,92.54466257668712,183.42638036809817,54.9419018404908,231.4478527607362,60.0,75.0,55.0,59.0,71.0,231.4478527607362,65.66666666666667,61.833333333333336,62.0,60.0
2016,3,2,92.54466257668712,183.42638036809817,54.9419018404908,231.4478527607362,62.0,60.0,75.0,60.0,59.0,231.4478527607362,60.666666666666664,63.166666666666664,60.0,54.0
2016,3,2,92.54466257668712,183.42638036809817,54.9419018404908,231.4478527607362,60.0,62.0,60.0,54.0,60.0,231.4478527607362,63.333333333333336,63.333333333333336,68.0,64.0
2016,3,2,92.54466257668712,183.42638036809817,54.9419018404908,231.4478527607362,68.0,60.0,62.0,64.0,54.0,231.4478527607362,61.333333333333336,63.5,56.0,49.0
2016,3,2,92.54466257668712,183.42638036809817,54.9419018404908,231.4478527607362,56.0,68.0,60.0,49.0,64.0,231.4478527607362,61.333333333333336,61.0,60.0,53.0
2016,4,2,107.0490625,222.04729166666667,54.71911458333333,272.953125,60.0,56.0,68.0,53.0,49.0,231.4478527607362,56.0,59.666666666666664,52.0,50.0
2016,4,2,107.0490625,222.04729166666667,54.71911458333333,272.953125,52.0,60.0,56.0,50.0,53.0,272.953125,59.0,60.166666666666664,65.0,56.0
2016,4,2,107.0490625,222.04729166666667,54.71911458333333,272.953125,65.0,52.0,60.0,56.0,50.0,272.953125,57.333333333333336,59.333333333333336,55.0,50.0
2016,4,2,107.0490625,222.04729166666667,54.71911458333333,272.953125,55.0,65.0,52.0,50.0,56.0,272.953125,64.33333333333333,60.166666666666664,73.0,71.0
2016,4,2,107.0490625,222.04729166666667,54.71911458333333,272.953125,73.0,55.0,65.0,71.0,50.0,272.953125,62.0,60.5,58.0,58.0
2016,4,2,107.0490625,222.04729166666667,54.71911458333333,272.953125,58.0,73.0,55.0,58.0,71.0,272.953125,64.0,60.666666666666664,61.0,60.0
2016,4,2,107.0490625,222.04729166666667,54.71911458333333,272.953125,61.0,58.0,73.0,60.0,58.0,272.953125,60.0,62.166666666666664,61.0,53.0
2016,4,2,107.0490625,222.04729166666667,54.71911458333333,272.953125,61.0,61.0,58.0,53.0,60.0,272.953125,63.333333333333336,62.666666666666664,68.0,64.0
2016,4,2,107.0490625,222.04729166666667,54.71911458333333,272.953125,68.0,61.0,61.0,64.0,53.0,272.953125,62.333333333333336,63.166666666666664,58.0,50.0
2016,4,2,107.0490625,222.04729166666667,54.71911458333333,272.953125,58.0,68.0,61.0,50.0,64.0,272.953125,62.0,61.0,60.0,53.0
2016,5,2,93.84412087912088,207.3839010989011,51.99120879120879,257.61538461538464,60.0,58.0,68.0,53.0,50.0,272.953125,56.666666666666664,60.0,52.0,50.0
2016,5,2,93.84412087912088,207.3839010989011,51.99120879120879,257.61538461538464,52.0,60.0,58.0,50.0,53.0,257.61538461538464,59.333333333333336,60.833333333333336,66.0,57.0
2016,5,2,93.84412087912088,207.3839010989011,51.99120879120879,257.61538461538464,66.0,52.0,60.0,57.0,50.0,257.61538461538464,57.666666666666664,59.833333333333336,55.0,51.0
2016,5,2,93.84412087912088,207.3839010989011,51.99120879120879,257.61538461538464,55.0,66.0,52.0,51.0,57.0,257.61538461538464,64.66666666666667,60.666666666666664,73.0,70.0
2016,5,2,93.84412087912088,207.3839010989011,51.99120879120879,257.61538461538464,73.0,55.0,66.0,70.0,51.0,257.61538461538464,62.0,60.666666666666664,58.0,55.0
2016,5,2,93.84412087912088,207.3839010989011,51.99120879120879,257.61538461538464,58.0,73.0,55.0,55.0,70.0,257.61538461538464,64.33333333333333,61.0,62.0,61.0
2016,5,2,93.84412087912088,207.3839010989011,51.99120879120879,257.61538461538464,62.0,58.0,73.0,61.0,55.0,257.61538461538464,60.333333333333336,62.5,61.0,55.0
2016,5,2,93.84412087912088,207.3839010989011,51.99120879120879,257.61538461538464,61.0,62.0,58.0,55.0,61.0,257.61538461538464,64.0,63.0,69.0,66.0
2016,5,2,93.84412087912088,207.3839010989011,51.99120879120879,257.61538461538464,69.0,61.0,62.0,66.0,55.0,257.61538461538464,68.0,66.16666666666667,74.0,80.0
2016,5,2,93.84412087912088,207.3839010989011,51.99120879120879,257.61538461538464,74.0,69.0,61.0,80.0,66.0,257.61538461538464,68.0,64.16666666666667,61.0,56.0
2016,6,2,84.16046082949309,185.04824884792623,40.09769585253456,236.4884792626728,61.0,74.0,69.0,56.0,80.0,257.61538461538464,62.666666666666664,63.333333333333336,53.0,49.0
2016,6,2,84.16046082949309,185.04824884792623,40.09769585253456,236.4884792626728,53.0,61.0,74.0,49.0,56.0,236.4884792626728,60.0,64.0,66.0,57.0
2016,6,2,84.16046082949309,185.04824884792623,40.09769585253456,236.4884792626728,66.0,53.0,61.0,57.0,49.0,236.4884792626728,59.333333333333336,63.666666666666664,59.0,54.0
2016,6,2,84.16046082949309,185.04824884792623,40.09769585253456,236.4884792626728,59.0,66.0,53.0,54.0,57.0,236.4884792626728,66.0,64.33333333333333,73.0,70.0
2016,6,2,84.16046082949309,185.04824884792623,40.09769585253456,236.4884792626728,73.0,59.0,66.0,70.0,54.0,236.4884792626728,63.333333333333336,61.666666666666664,58.0,56.0
2016,6,2,84.16046082949309,185.04824884792623,40.09769585253456,236.4884792626728,58.0,73.0,59.0,56.0,70.0,236.4884792626728,64.33333333333333,61.833333333333336,62.0,61.0
2016,6,2,84.16046082949309,185.04824884792623,40.09769585253456,236.4884792626728,62.0,58.0,73.0,61.0,56.0,236.4884792626728,60.333333333333336,63.166666666666664,61.0,54.0
2016,6,2,84.16046082949309,185.04824884792623,40.09769585253456,236.4884792626728,61.0,62.0,58.0,54.0,61.0,236.4884792626728,64.0,63.666666666666664,69.0,65.0
2016,6,2,84.16046082949309,185.04824884792623,40.09769585253456,236.4884792626728,69.0,61.0,62.0,65.0,54.0,236.4884792626728,66.0,65.16666666666667,68.0,54.0
2016,6,2,84.16046082949309,185.04824884792623,40.09769585253456,236.4884792626728,68.0,69.0,61.0,54.0,65.0,236.4884792626728,66.0,63.166666666666664,61.0,56.0
2016,7,2,62.73254464285714,145.33549107142858,35.26348214285714,179.75,61.0,68.0,69.0,56.0,54.0,236.4884792626728,61.0,62.5,54.0,53.0
2016,7,2,62.73254464285714,145.33549107142858,35.26348214285714,179.75,54.0,61.0,68.0,53.0,56.0,179.75,60.666666666666664,63.333333333333336,67.0,58.0
2016,7,2,62.73254464285714,145.33549107142858,35.26348214285714,179.75,67.0,54.0,61.0,58.0,53.0,179.75,60.0,63.0,59.0,56.0
2016,7,2,62.73254464285714,145.33549107142858,35.26348214285714,179.75,59.0,67.0,54.0,56.0,58.0,179.75,66.33333333333333,63.666666666666664,73.0,69.0
2016,7,2,62.73254464285714,145.33549107142858,35.26348214285714,179.75,73.0,59.0,67.0,69.0,56.0,179.75,63.0,61.833333333333336,57.0,54.0
2016,7,2,62.73254464285714,145.33549107142858,35.26348214285714,179.75,57.0,73.0,59.0,54.0,69.0,179.75,64.33333333333333,62.166666666666664,63.0,63.0
2016,7,2,62.73254464285714,145.33549107142858,35.26348214285714,179.75,63.0,57.0,73.0,63.0,54.0,179.75,60.333333333333336,63.333333333333336,61.0,53.0
2016,7,2,62.73254464285714,145.33549107142858,35.26348214285714,179.75,61.0,63.0,57.0,53.0,63.0,179.75,64.0,63.5,68.0,65.0
2016,7,2,62.73254464285714,145.33549107142858,35.26348214285714,179.75,68.0,61.0,63.0,65.0,53.0,179.75,63.333333333333336,63.833333333333336,61.0,53.0
2016,7,2,62.73254464285714,145.33549107142858,35.26348214285714,179.75,61.0,68.0,61.0,53.0,65.0,179.75,62.666666666666664,61.5,59.0,53.0
2016,8,2,56.23988165680474,143.55905325443786,36.04372781065089,164.32544378698225,59.0,61.0,68.0,53.0,53.0,179.75,58.666666666666664,61.333333333333336,56.0,56.0
2016,8,2,56.23988165680474,143.55905325443786,36.04372781065089,164.32544378698225,56.0,59.0,61.0,56.0,53.0,164.32544378698225,61.0,62.166666666666664,68.0,57.0
2016,8,2,56.23988165680474,143.55905325443786,36.04372781065089,164.32544378698225,68.0,56.0,59.0,57.0,56.0,164.32544378698225,61.666666666666664,62.166666666666664,61.0,62.0
2016,8,2,56.23988165680474,143.55905325443786,36.04372781065089,164.32544378698225,61.0,68.0,56.0,62.0,57.0,164.32544378698225,67.66666666666667,63.166666666666664,74.0,69.0
2016,8,2,56.23988165680474,143.55905325443786,36.04372781065089,164.32544378698225,74.0,61.0,68.0,69.0,62.0,164.32544378698225,64.0,62.5,57.0,54.0
2016,8,2,56.23988165680474,143.55905325443786,36.04372781065089,164.32544378698225,57.0,74.0,61.0,54.0,69.0,164.32544378698225,64.33333333333333,63.0,62.0,62.0
2016,8,2,56.23988165680474,143.55905325443786,36.04372781065089,164.32544378698225,62.0,57.0,74.0,62.0,54.0,164.32544378698225,60.333333333333336,64.0,62.0,53.0
2016,8,2,56.23988165680474,143.55905325443786,36.04372781065089,164.32544378698225,62.0,62.0,57.0,53.0,62.0,164.32544378698225,64.66666666666667,64.33333333333333,70.0,78.0
2016,8,2,56.23988165680474,143.55905325443786,36.04372781065089,164.32544378698225,70.0,62.0,62.0,78.0,53.0,164.32544378698225,74.0,69.16666666666667,90.0,49.0
2016,8,2,56.23988165680474,143.55905325443786,36.04372781065089,164.32544378698225,90.0,70.0,62.0,49.0,78.0,164.32544378698225,73.33333333333333,66.83333333333333,60.0,52.0
2016,9,2,67.98574626865671,179.27858208955223,47.34067164179105,212.3283582089552,60.0,90.0,70.0,52.0,49.0,164.32544378698225,68.0,66.33333333333333,54.0,51.0
2016,9,2,67.98574626865671,179.27858208955223,47.34067164179105,212.3283582089552,54.0,60.0,90.0,51.0,52.0,212.3283582089552,60.0,67.0,66.0,57.0
2016,9,2,67.98574626865671,179.27858208955223,47.34067164179105,212.3283582089552,66.0,54.0,60.0,57.0,51.0,212.3283582089552,61.333333333333336,67.33333333333333,64.0,74.0
2016,9,2,67.98574626865671,179.27858208955223,47.34067164179105,212.3283582089552,64.0,66.0,54.0,74.0,57.0,212.3283582089552,68.0,68.0,74.0,68.0
2016,9,2,67.98574626865671,179.27858208955223,47.34067164179105,212.3283582089552,74.0,64.0,66.0,68.0,74.0,212.3283582089552,64.66666666666667,62.333333333333336,56.0,53.0
2016,9,2,67.98574626865671,179.27858208955223,47.34067164179105,212.3283582089552,56.0,74.0,64.0,53.0,68.0,212.3283582089552,64.66666666666667,63.0,64.0,60.0
2016,9,2,67.98574626865671,179.27858208955223,47.34067164179105,212.3283582089552,64.0,56.0,74.0,60.0,53.0,212.3283582089552,60.333333333333336,64.16666666666667,61.0,52.0
2016,9,2,67.98574626865671,179.27858208955223,47.34067164179105,212.3283582089552,61.0,64.0,56.0,52.0,60.0,212.3283582089552,64.0,64.33333333333333,67.0,63.0
2016,9,2,67.98574626865671,179.27858208955223,47.34067164179105,212.3283582089552,67.0,61.0,64.0,63.0,52.0,212.3283582089552,71.0,67.83333333333333,85.0,47.0
2016,9,2,67.98574626865671,179.27858208955223,47.34067164179105,212.3283582089552,85.0,67.0,61.0,47.0,63.0,212.3283582089552,70.33333333333333,65.33333333333333,59.0,51.0
2016,10,2,147.1579338842975,310.07289256198345,79.35132231404958,362.2809917355372,59.0,85.0,67.0,51.0,47.0,212.3283582089552,66.33333333333333,65.16666666666667,55.0,54.0
2016,10,2,147.1579338842975,310.07289256198345,79.35132231404958,362.2809917355372,55.0,59.0,85.0,54.0,51.0,362.2809917355372,60.0,65.5,66.0,57.0
2016,10,2,147.1579338842975,310.07289256198345,79.35132231404958,362.2809917355372,66.0,55.0,59.0,57.0,54.0,362.2809917355372,59.0,64.66666666666667,56.0,51.0
2016,10,2,147.1579338842975,310.07289256198345,79.35132231404958,362.2809917355372,56.0,66.0,55.0,51.0,57.0,362.2809917355372,65.0,65.66666666666667,73.0,69.0
2016,10,2,147.1579338842975,310.07289256198345,79.35132231404958,362.2809917355372,73.0,56.0,66.0,69.0,51.0,362.2809917355372,62.333333333333336,61.166666666666664,58.0,54.0
2016,10,2,147.1579338842975,310.07289256198345,79.35132231404958,362.2809917355372,58.0,73.0,56.0,54.0,69.0,362.2809917355372,64.33333333333333,61.666666666666664,62.0,60.0
2016,10,2,147.1579338842975,310.07289256198345,79.35132231404958,362.2809917355372,62.0,58.0,73.0,60.0,54.0,362.2809917355372,60.333333333333336,62.666666666666664,61.0,53.0
2016,10,2,147.1579338842975,310.07289256198345,79.35132231404958,362.2809917355372,61.0,62.0,58.0,53.0,60.0,362.2809917355372,63.666666666666664,63.0,68.0,64.0
2016,10,2,147.1579338842975,310.07289256198345,79.35132231404958,362.2809917355372,68.0,61.0,62.0,64.0,53.0,362.2809917355372,70.0,67.16666666666667,81.0,47.0
2016,10,2,147.1579338842975,310.07289256198345,79.35132231404958,362.2809917355372,81.0,68.0,61.0,47.0,64.0,362.2809917355372,69.66666666666667,65.0,60.0,54.0
2016,11,2,251.0872077922078,351.26733766233764,93.26006493506492,408.3831168831169,60.0,81.0,68.0,54.0,47.0,362.2809917355372,64.33333333333333,64.0,52.0,49.0
2016,11,2,251.0872077922078,351.26733766233764,93.26006493506492,408.3831168831169,52.0,60.0,81.0,49.0,54.0,408.3831168831169,59.0,64.5,65.0,56.0
2016,11,2,251.0872077922078,351.26733766233764,93.26006493506492,408.3831168831169,65.0,52.0,60.0,56.0,49.0,408.3831168831169,57.0,63.333333333333336,54.0,49.0
2016,11,2,251.0872077922078,351.26733766233764,93.26006493506492,408.3831168831169,54.0,65.0,52.0,49.0,56.0,408.3831168831169,64.66666666666667,64.5,75.0,69.0
2016,11,2,251.0872077922078,351.26733766233764,93.26006493506492,408.3831168831169,75.0,54.0,65.0,69.0,49.0,408.3831168831169,62.333333333333336,60.666666666666664,58.0,55.0
2016,11,2,251.0872077922078,351.26733766233764,93.26006493506492,408.3831168831169,58.0,75.0,54.0,55.0,69.0,408.3831168831169,71.0,64.0,80.0,85.0
2016,11,2,251.0872077922078,351.26733766233764,93.26006493506492,408.3831168831169,80.0,58.0,75.0,85.0,55.0,408.3831168831169,66.33333333333333,65.5,61.0,53.0
2016,11,2,251.0872077922078,351.26733766233764,93.26006493506492,408.3831168831169,61.0,80.0,58.0,53.0,85.0,408.3831168831169,69.66666666666667,66.0,68.0,64.0
2016,11,2,251.0872077922078,351.26733766233764,93.26006493506492,408.3831168831169,68.0,61.0,80.0,64.0,53.0,408.3831168831169,69.0,70.0,78.0,48.0
2016,11,2,251.0872077922078,351.26733766233764,93.26006493506492,408.3831168831169,78.0,68.0,61.0,48.0,64.0,408.3831168831169,68.33333333333333,67.33333333333333,59.0,53.0
2016,12,2,191.2367105263158,328.49822368421053,71.27269736842106,368.0328947368421,59.0,78.0,68.0,53.0,48.0,408.3831168831169,63.0,66.33333333333333,52.0,50.0
2016,12,2,191.2367105263158,328.49822368421053,71.27269736842106,368.0328947368421,52.0,59.0,78.0,50.0,53.0,368.0328947368421,58.666666666666664,63.833333333333336,65.0,55.0
2016,12,2,191.2367105263158,328.49822368421053,71.27269736842106,368.0328947368421,65.0,52.0,59.0,55.0,50.0,368.0328947368421,56.666666666666664,62.5,53.0,49.0
2016,12,2,191.2367105263158,328.49822368421053,71.27269736842106,368.0328947368421,53.0,65.0,52.0,49.0,55.0,368.0328947368421,64.0,63.5,74.0,69.0
2016,12,2,191.2367105263158,328.49822368421053,71.27269736842106,368.0328947368421,74.0,53.0,65.0,69.0,49.0,368.0328947368421,61.666666666666664,60.166666666666664,58.0,54.0
2016,12,2,191.2367105263158,328.49822368421053,71.27269736842106,368.0328947368421,58.0,74.0,53.0,54.0,69.0,368.0328947368421,68.0,62.333333333333336,72.0,70.0
2016,12,2,191.2367105263158,328.49822368421053,71.27269736842106,368.0328947368421,72.0,58.0,74.0,70.0,54.0,368.0328947368421,69.33333333333333,66.66666666666667,78.0,80.0
2016,12,2,191.2367105263158,328.49822368421053,71.27269736842106,368.0328947368421,78.0,72.0,58.0,80.0,70.0,368.0328947368421,72.33333333333333,67.0,67.0,63.0
2016,12,2,191.2367105263158,328.49822368421053,71.27269736842106,368.0328947368421,67.0,78.0,72.0,63.0,80.0,368.0328947368421,68.0,68.0,59.0,47.0
2016,12,2,191.2367105263158,328.49822368421053,71.27269736842106,368.0328947368421,59.0,67.0,78.0,47.0,63.0,368.0328947368421,61.333333333333336,65.33333333333333,58.0,52.0
2017,1,2,164.3004109589041,251.3717808219178,60.22671232876713,316.472602739726,58.0,59.0,67.0,52.0,47.0,368.0328947368421,56.666666666666664,64.5,53.0,53.0
2017,1,2,164.3004109589041,251.3717808219178,60.22671232876713,316.472602739726,53.0,58.0,59.0,53.0,52.0,316.472602739726,58.666666666666664,63.333333333333336,65.0,55.0
2017,1,2,164.3004109589041,251.3717808219178,60.22671232876713,316.472602739726,65.0,53.0,58.0,55.0,53.0,316.472602739726,57.333333333333336,59.333333333333336,54.0,49.0
2017,1,2,164.3004109589041,251.3717808219178,60.22671232876713,316.472602739726,54.0,65.0,53.0,49.0,55.0,316.472602739726,63.333333333333336,60.0,71.0,66.0
2017,1,2,164.3004109589041,251.3717808219178,60.22671232876713,316.472602739726,71.0,54.0,65.0,66.0,49.0,316.472602739726,60.666666666666664,59.666666666666664,57.0,53.0
2017,1,2,164.3004109589041,251.3717808219178,60.22671232876713,316.472602739726,57.0,71.0,54.0,53.0,66.0,316.472602739726,65.0,61.166666666666664,67.0,75.0
2017,1,2,164.3004109589041,251.3717808219178,60.22671232876713,316.472602739726,67.0,57.0,71.0,75.0,53.0,316.472602739726,61.0,62.166666666666664,59.0,50.0
2017,1,2,164.3004109589041,251.3717808219178,60.22671232876713,316.472602739726,59.0,67.0,57.0,50.0,75.0,316.472602739726,64.33333333333333,62.5,67.0,63.0
2017,1,2,164.3004109589041,251.3717808219178,60.22671232876713,316.472602739726,67.0,59.0,67.0,63.0,50.0,316.472602739726,69.33333333333333,67.16666666666667,82.0,48.0
2017,1,2,164.3004109589041,251.3717808219178,60.22671232876713,316.472602739726,82.0,67.0,59.0,48.0,63.0,316.472602739726,69.0,65.0,58.0,51.0
2017,2,2,148.03345864661654,255.66992481203008,63.56639097744361,312.25563909774434,58.0,82.0,67.0,51.0,48.0,316.472602739726,66.0,65.16666666666667,58.0,53.0
2017,2,2,148.03345864661654,255.66992481203008,63.56639097744361,312.25563909774434,58.0,58.0,82.0,53.0,51.0,312.25563909774434,60.666666666666664,65.0,66.0,56.0
2017,2,2,148.03345864661654,255.66992481203008,63.56639097744361,312.25563909774434,66.0,58.0,58.0,56.0,53.0,312.25563909774434,61.0,65.0,59.0,54.0
2017,2,2,148.03345864661654,255.66992481203008,63.56639097744361,312.25563909774434,59.0,66.0,58.0,54.0,56.0,312.25563909774434,65.33333333333333,65.66666666666667,71.0,67.0
2017,2,2,148.03345864661654,255.66992481203008,63.56639097744361,312.25563909774434,71.0,59.0,66.0,67.0,54.0,312.25563909774434,62.666666666666664,61.666666666666664,58.0,54.0
2017,2,2,148.03345864661654,255.66992481203008,63.56639097744361,312.25563909774434,58.0,71.0,59.0,54.0,67.0,312.25563909774434,63.666666666666664,62.333333333333336,62.0,60.0
2017,2,2,148.03345864661654,255.66992481203008,63.56639097744361,312.25563909774434,62.0,58.0,71.0,60.0,54.0,312.25563909774434,60.666666666666664,63.0,62.0,52.0
2017,2,2,148.03345864661654,255.66992481203008,63.56639097744361,312.25563909774434,62.0,62.0,58.0,52.0,60.0,312.25563909774434,63.666666666666664,63.166666666666664,67.0,63.0
2017,2,2,148.03345864661654,255.66992481203008,63.56639097744361,312.25563909774434,67.0,62.0,62.0,63.0,52.0,312.25563909774434,62.333333333333336,63.0,58.0,48.0
2017,2,2,148.03345864661654,255.66992481203008,63.56639097744361,312.25563909774434,58.0,67.0,62.0,48.0,63.0,312.25563909774434,61.666666666666664,61.166666666666664,60.0,52.0
2017,3,2,103.20993150684932,234.0240410958904,52.43369863013699,258.1917808219178,60.0,58.0,67.0,52.0,48.0,312.25563909774434,57.0,60.333333333333336,53.0,53.0
2017,3,2,103.20993150684932,234.0240410958904,52.43369863013699,258.1917808219178,53.0,60.0,58.0,53.0,52.0,258.1917808219178,59.333333333333336,60.833333333333336,65.0,56.0
2017,3,2,103.20993150684932,234.0240410958904,52.43369863013699,258.1917808219178,65.0,53.0,60.0,56.0,53.0,258.1917808219178,58.0,59.833333333333336,56.0,51.0
2017,3,2,103.20993150684932,234.0240410958904,52.43369863013699,258.1917808219178,56.0,65.0,53.0,51.0,56.0,258.1917808219178,64.0,60.5,71.0,67.0
2017,3,2,103.20993150684932,234.0240410958904,52.43369863013699,258.1917808219178,71.0,56.0,65.0,67.0,51.0,258.1917808219178,61.666666666666664,60.5,58.0,53.0
2017,3,2,103.20993150684932,234.0240410958904,52.43369863013699,258.1917808219178,58.0,71.0,56.0,53.0,67.0,258.1917808219178,63.333333333333336,60.666666666666664,61.0,59.0
2017,3,2,103.20993150684932,234.0240410958904,52.43369863013699,258.1917808219178,61.0,58.0,71.0,59.0,53.0,258.1917808219178,59.666666666666664,61.833333333333336,60.0,52.0
2017,3,2,103.20993150684932,234.0240410958904,52.43369863013699,258.1917808219178,60.0,61.0,58.0,52.0,59.0,258.1917808219178,62.666666666666664,62.166666666666664,67.0,64.0
2017,3,2,103.20993150684932,234.0240410958904,52.43369863013699,258.1917808219178,67.0,60.0,61.0,64.0,52.0,258.1917808219178,61.666666666666664,62.5,58.0,49.0
2017,3,2,103.20993150684932,234.0240410958904,52.43369863013699,258.1917808219178,58.0,67.0,60.0,49.0,64.0,258.1917808219178,61.333333333333336,60.5,59.0,51.0
2017,4,2,105.0156834532374,257.19028776978416,64.32561151079136,274.9280575539568,59.0,58.0,67.0,51.0,49.0,258.1917808219178,56.666666666666664,59.666666666666664,53.0,53.0
2017,4,2,105.0156834532374,257.19028776978416,64.32561151079136,274.9280575539568,53.0,59.0,58.0,53.0,51.0,274.9280575539568,59.0,60.333333333333336,65.0,57.0
2017,4,2,105.0156834532374,257.19028776978416,64.32561151079136,274.9280575539568,65.0,53.0,59.0,57.0,53.0,274.9280575539568,57.666666666666664,59.5,55.0,51.0
2017,4,2,105.0156834532374,257.19028776978416,64.32561151079136,274.9280575539568,55.0,65.0,53.0,51.0,57.0,274.9280575539568,63.666666666666664,60.166666666666664,71.0,67.0
2017,4,2,105.0156834532374,257.19028776978416,64.32561151079136,274.9280575539568,71.0,55.0,65.0,67.0,51.0,274.9280575539568,61.0,60.0,57.0,54.0
2017,4,2,105.0156834532374,257.19028776978416,64.32561151079136,274.9280575539568,57.0,71.0,55.0,54.0,67.0,274.9280575539568,64.0,60.833333333333336,64.0,63.0
2017,4,2,105.0156834532374,257.19028776978416,64.32561151079136,274.9280575539568,64.0,57.0,71.0,63.0,54.0,274.9280575539568,61.0,62.333333333333336,62.0,53.0
2017,4,2,105.0156834532374,257.19028776978416,64.32561151079136,274.9280575539568,62.0,64.0,57.0,53.0,63.0,274.9280575539568,64.66666666666667,62.833333333333336,68.0,64.0
2017,4,2,105.0156834532374,257.19028776978416,64.32561151079136,274.9280575539568,68.0,62.0,64.0,64.0,53.0,274.9280575539568,63.333333333333336,63.666666666666664,60.0,51.0
2017,4,2,105.0156834532374,257.19028776978416,64.32561151079136,274.9280575539568,60.0,68.0,62.0,51.0,64.0,274.9280575539568,63.333333333333336,62.166666666666664,62.0,54.0
2017,5,2,107.48083333333334,275.4386111111112,60.82680555555555,260.86805555555554,62.0,60.0,68.0,54.0,51.0,274.9280575539568,58.333333333333336,61.5,53.0,53.0
2017,5,2,107.48083333333334,275.4386111111112,60.82680555555555,260.86805555555554,53.0,62.0,60.0,53.0,54.0,260.86805555555554,60.0,61.666666666666664,65.0,58.0
2017,5,2,107.48083333333334,275.4386111111112,60.82680555555555,260.86805555555554,65.0,53.0,62.0,58.0,53.0,260.86805555555554,58.0,60.666666666666664,56.0,51.0
2017,5,2,107.48083333333334,275.4386111111112,60.82680555555555,260.86805555555554,56.0,65.0,53.0,51.0,58.0,260.86805555555554,64.0,61.166666666666664,71.0,67.0
2017,5,2,107.48083333333334,275.4386111111112,60.82680555555555,260.86805555555554,71.0,56.0,65.0,67.0,51.0,260.86805555555554,61.333333333333336,60.666666666666664,57.0,53.0
2017,5,2,107.48083333333334,275.4386111111112,60.82680555555555,260.86805555555554,57.0,71.0,56.0,53.0,67.0,260.86805555555554,63.666666666666664,60.833333333333336,63.0,62.0
2017,5,2,107.48083333333334,275.4386111111112,60.82680555555555,260.86805555555554,63.0,57.0,71.0,62.0,53.0,260.86805555555554,60.333333333333336,62.166666666666664,61.0,55.0
2017,5,2,107.48083333333334,275.4386111111112,60.82680555555555,260.86805555555554,61.0,63.0,57.0,55.0,62.0,260.86805555555554,64.0,62.666666666666664,68.0,66.0
2017,5,2,107.48083333333334,275.4386111111112,60.82680555555555,260.86805555555554,68.0,61.0,63.0,66.0,55.0,260.86805555555554,61.666666666666664,62.666666666666664,56.0,50.0
2017,5,2,107.48083333333334,275.4386111111112,60.82680555555555,260.86805555555554,56.0,68.0,61.0,50.0,66.0,260.86805555555554,61.0,60.666666666666664,59.0,54.0
2017,6,2,78.2475,218.4061,56.5995,206.03,59.0,56.0,68.0,54.0,50.0,260.86805555555554,56.0,60.0,53.0,53.0
2017,6,2,78.2475,218.4061,56.5995,206.03,53.0,59.0,56.0,53.0,54.0,206.03,59.0,60.333333333333336,65.0,58.0
2017,6,2,78.2475,218.4061,56.5995,206.03,65.0,53.0,59.0,58.0,53.0,206.03,58.666666666666664,59.833333333333336,58.0,54.0
2017,6,2,78.2475,218.4061,56.5995,206.03,58.0,65.0,53.0,54.0,58.0,206.03,64.66666666666667,60.333333333333336,71.0,67.0
2017,6,2,78.2475,218.4061,56.5995,206.03,71.0,58.0,65.0,67.0,54.0,206.03,62.0,60.5,57.0,55.0
2017,6,2,78.2475,218.4061,56.5995,206.03,57.0,71.0,58.0,55.0,67.0,206.03,64.0,61.333333333333336,64.0,63.0
2017,6,2,78.2475,218.4061,56.5995,206.03,64.0,57.0,71.0,63.0,55.0,206.03,60.666666666666664,62.666666666666664,61.0,55.0
2017,6,2,78.2475,218.4061,56.5995,206.03,61.0,64.0,57.0,55.0,63.0,206.03,64.66666666666667,63.333333333333336,69.0,66.0
2017,6,2,78.2475,218.4061,56.5995,206.03,69.0,61.0,64.0,66.0,55.0,206.03,62.0,63.0,56.0,53.0
2017,6,2,78.2475,218.4061,56.5995,206.03,56.0,69.0,61.0,53.0,66.0,206.03,61.333333333333336,61.0,59.0,55.0
2017,7,2,59.676875,190.735625,36.335625,143.90625,59.0,56.0,69.0,55.0,53.0,206.03,56.0,60.333333333333336,53.0,53.0
2017,7,2,59.676875,190.735625,36.335625,143.90625,53.0,59.0,56.0,53.0,55.0,143.90625,59.333333333333336,60.666666666666664,66.0,57.0
2017,7,2,59.676875,190.735625,36.335625,143.90625,66.0,53.0,59.0,57.0,53.0,143.90625,58.333333333333336,59.833333333333336,56.0,55.0
2017,7,2,59.676875,190.735625,36.335625,143.90625,56.0,66.0,53.0,55.0,57.0,143.90625,64.33333333333333,60.166666666666664,71.0,67.0
2017,7,2,59.676875,190.735625,36.335625,143.90625,71.0,56.0,66.0,67.0,55.0,143.90625,61.0,60.166666666666664,56.0,56.0
2017,7,2,59.676875,190.735625,36.335625,143.90625,56.0,71.0,56.0,56.0,67.0,143.90625,63.666666666666664,61.0,64.0,62.0
2017,7,2,59.676875,190.735625,36.335625,143.90625,64.0,56.0,71.0,62.0,56.0,143.90625,60.666666666666664,62.5,62.0,54.0
2017,7,2,59.676875,190.735625,36.335625,143.90625,62.0,64.0,56.0,54.0,62.0,143.90625,66.0,63.5,72.0,67.0
2017,7,2,59.676875,190.735625,36.335625,143.90625,72.0,62.0,64.0,67.0,54.0,143.90625,64.66666666666667,64.16666666666667,60.0,49.0
2017,7,2,59.676875,190.735625,36.335625,143.90625,60.0,72.0,62.0,49.0,67.0,143.90625,64.0,62.333333333333336,60.0,53.0
2017,8,2,56.632,179.46483333333333,41.837,155.3,60.0,60.0,72.0,53.0,49.0,143.90625,57.666666666666664,61.833333333333336,53.0,53.0
2017,8,2,56.632,179.46483333333333,41.837,155.3,53.0,60.0,60.0,53.0,53.0,155.3,59.666666666666664,62.166666666666664,66.0,56.0
2017,8,2,56.632,179.46483333333333,41.837,155.3,66.0,53.0,60.0,56.0,53.0,155.3,58.333333333333336,61.166666666666664,56.0,57.0
2017,8,2,56.632,179.46483333333333,41.837,155.3,56.0,66.0,53.0,57.0,56.0,155.3,64.33333333333333,61.0,71.0,66.0
2017,8,2,56.632,179.46483333333333,41.837,155.3,71.0,56.0,66.0,66.0,57.0,155.3,61.333333333333336,60.5,57.0,54.0
2017,8,2,56.632,179.46483333333333,41.837,155.3,57.0,71.0,56.0,54.0,66.0,155.3,63.333333333333336,60.833333333333336,62.0,60.0
2017,8,2,56.632,179.46483333333333,41.837,155.3,62.0,57.0,71.0,60.0,54.0,155.3,60.333333333333336,62.333333333333336,62.0,54.0
2017,8,2,56.632,179.46483333333333,41.837,155.3,62.0,62.0,57.0,54.0,60.0,155.3,64.0,62.666666666666664,68.0,66.0
2017,8,2,56.632,179.46483333333333,41.837,155.3,68.0,62.0,62.0,66.0,54.0,155.3,63.0,63.166666666666664,59.0,48.0
2017,8,2,56.632,179.46483333333333,41.837,155.3,59.0,68.0,62.0,48.0,66.0,155.3,63.0,61.666666666666664,62.0,69.0
2017,9,2,64.79055555555556,140.3492777777778,31.20711111111111,164.42222222222222,62.0,59.0,68.0,69.0,48.0,155.3,58.666666666666664,61.333333333333336,55.0,53.0
2017,9,2,64.79055555555556,140.3492777777778,31.20711111111111,164.42222222222222,55.0,62.0,59.0,53.0,69.0,164.42222222222222,61.0,62.0,66.0,60.0
2017,9,2,64.79055555555556,140.3492777777778,31.20711111111111,164.42222222222222,66.0,55.0,62.0,60.0,53.0,164.42222222222222,59.666666666666664,61.333333333333336,58.0,55.0
2017,9,2,64.79055555555556,140.3492777777778,31.20711111111111,164.42222222222222,58.0,66.0,55.0,55.0,60.0,164.42222222222222,65.66666666666667,62.166666666666664,73.0,68.0
2017,9,2,64.79055555555556,140.3492777777778,31.20711111111111,164.42222222222222,73.0,58.0,66.0,68.0,55.0,164.42222222222222,62.666666666666664,61.833333333333336,57.0,53.0
2017,9,2,64.79055555555556,140.3492777777778,31.20711111111111,164.42222222222222,57.0,73.0,58.0,53.0,68.0,164.42222222222222,64.0,61.833333333333336,62.0,58.0
2017,9,2,64.79055555555556,140.3492777777778,31.20711111111111,164.42222222222222,62.0,57.0,73.0,58.0,53.0,164.42222222222222,60.333333333333336,63.0,62.0,52.0
2017,9,2,64.79055555555556,140.3492777777778,31.20711111111111,164.42222222222222,62.0,62.0,57.0,52.0,58.0,164.42222222222222,64.33333333333333,63.5,69.0,65.0
2017,9,2,64.79055555555556,140.3492777777778,31.20711111111111,164.42222222222222,69.0,62.0,62.0,65.0,52.0,164.42222222222222,62.333333333333336,63.166666666666664,56.0,48.0
2017,9,2,64.79055555555556,140.3492777777778,31.20711111111111,164.42222222222222,56.0,69.0,62.0,48.0,65.0,164.42222222222222,65.66666666666667,63.0,72.0,58.0
2017,10,2,120.7968409090909,211.3838863636364,43.51040909090909,250.67954545454543,72.0,56.0,69.0,58.0,48.0,164.42222222222222,60.333333333333336,62.333333333333336,53.0,53.0
2017,10,2,120.7968409090909,211.3838863636364,43.51040909090909,250.67954545454543,53.0,72.0,56.0,53.0,58.0,250.67954545454543,63.666666666666664,63.0,66.0,58.0
2017,10,2,120.7968409090909,211.3838863636364,43.51040909090909,250.67954545454543,66.0,53.0,72.0,58.0,53.0,250.67954545454543,57.666666666666664,61.666666666666664,54.0,50.0
2017,10,2,120.7968409090909,211.3838863636364,43.51040909090909,250.67954545454543,54.0,66.0,53.0,50.0,58.0,250.67954545454543,64.0,62.166666666666664,72.0,68.0
2017,10,2,120.7968409090909,211.3838863636364,43.51040909090909,250.67954545454543,72.0,54.0,66.0,68.0,50.0,250.67954545454543,61.0,62.333333333333336,57.0,54.0
2017,10,2,120.7968409090909,211.3838863636364,43.51040909090909,250.67954545454543,57.0,72.0,54.0,54.0,68.0,250.67954545454543,63.666666666666664,60.666666666666664,62.0,58.0
2017,10,2,120.7968409090909,211.3838863636364,43.51040909090909,250.67954545454543,62.0,57.0,72.0,58.0,54.0,250.67954545454543,59.333333333333336,61.666666666666664,59.0,52.0
2017,10,2,120.7968409090909,211.3838863636364,43.51040909090909,250.67954545454543,59.0,62.0,57.0,52.0,58.0,250.67954545454543,63.0,62.0,68.0,65.0
2017,10,2,120.7968409090909,211.3838863636364,43.51040909090909,250.67954545454543,68.0,59.0,62.0,65.0,52.0,250.67954545454543,61.0,62.333333333333336,56.0,52.0
2017,10,2,120.7968409090909,211.3838863636364,43.51040909090909,250.67954545454543,56.0,68.0,59.0,52.0,65.0,250.67954545454543,66.33333333333333,62.833333333333336,75.0,78.0
2017,11,2,242.08839924670437,287.58532956685497,63.44101694915254,393.78719397363466,75.0,56.0,68.0,78.0,52.0,250.67954545454543,61.333333333333336,62.166666666666664,53.0,52.0
2017,11,2,242.08839924670437,287.58532956685497,63.44101694915254,393.78719397363466,53.0,75.0,56.0,52.0,78.0,393.78719397363466,64.66666666666667,62.833333333333336,66.0,56.0
2017,11,2,242.08839924670437,287.58532956685497,63.44101694915254,393.78719397363466,66.0,53.0,75.0,56.0,52.0,393.78719397363466,57.333333333333336,61.833333333333336,53.0,47.0
2017,11,2,242.08839924670437,287.58532956685497,63.44101694915254,393.78719397363466,53.0,66.0,53.0,47.0,56.0,393.78719397363466,64.0,62.666666666666664,73.0,68.0
2017,11,2,242.08839924670437,287.58532956685497,63.44101694915254,393.78719397363466,73.0,53.0,66.0,68.0,47.0,393.78719397363466,61.0,62.833333333333336,57.0,54.0
2017,11,2,242.08839924670437,287.58532956685497,63.44101694915254,393.78719397363466,57.0,73.0,53.0,54.0,68.0,393.78719397363466,69.33333333333333,63.333333333333336,78.0,73.0
2017,11,2,242.08839924670437,287.58532956685497,63.44101694915254,393.78719397363466,78.0,57.0,73.0,73.0,54.0,393.78719397363466,68.33333333333333,66.16666666666667,70.0,69.0
2017,11,2,242.08839924670437,287.58532956685497,63.44101694915254,393.78719397363466,70.0,78.0,57.0,69.0,73.0,393.78719397363466,71.66666666666667,66.33333333333333,67.0,64.0
2017,11,2,242.08839924670437,287.58532956685497,63.44101694915254,393.78719397363466,67.0,70.0,78.0,64.0,69.0,393.78719397363466,68.66666666666667,69.0,69.0,48.0
2017,11,2,242.08839924670437,287.58532956685497,63.44101694915254,393.78719397363466,69.0,67.0,70.0,48.0,64.0,393.78719397363466,64.66666666666667,66.5,58.0,51.0
2017,12,2,182.6330402930403,255.18516483516484,55.83589743589744,315.6886446886447,58.0,69.0,67.0,51.0,48.0,393.78719397363466,60.0,65.83333333333333,53.0,52.0
2017,12,2,182.6330402930403,255.18516483516484,55.83589743589744,315.6886446886447,53.0,58.0,69.0,52.0,51.0,315.6886446886447,58.666666666666664,63.666666666666664,65.0,55.0
2017,12,2,182.6330402930403,255.18516483516484,55.83589743589744,315.6886446886447,65.0,53.0,58.0,55.0,52.0,315.6886446886447,57.0,60.833333333333336,53.0,48.0
2017,12,2,182.6330402930403,255.18516483516484,55.83589743589744,315.6886446886447,53.0,65.0,53.0,48.0,55.0,315.6886446886447,63.666666666666664,61.833333333333336,73.0,68.0
2017,12,2,182.6330402930403,255.18516483516484,55.83589743589744,315.6886446886447,73.0,53.0,65.0,68.0,48.0,315.6886446886447,61.333333333333336,60.0,58.0,55.0
2017,12,2,182.6330402930403,255.18516483516484,55.83589743589744,315.6886446886447,58.0,73.0,53.0,55.0,68.0,315.6886446886447,64.0,60.5,61.0,58.0
2017,12,2,182.6330402930403,255.18516483516484,55.83589743589744,315.6886446886447,61.0,58.0,73.0,58.0,55.0,315.6886446886447,59.666666666666664,61.666666666666664,60.0,52.0
2017,12,2,182.6330402930403,255.18516483516484,55.83589743589744,315.6886446886447,60.0,61.0,58.0,52.0,58.0,315.6886446886447,62.666666666666664,62.0,67.0,63.0
2017,12,2,182.6330402930403,255.18516483516484,55.83589743589744,315.6886446886447,67.0,60.0,61.0,63.0,52.0,315.6886446886447,62.333333333333336,63.166666666666664,60.0,48.0
2017,12,2,182.6330402930403,255.18516483516484,55.83589743589744,315.6886446886447,60.0,67.0,60.0,48.0,63.0,315.6886446886447,61.666666666666664,60.666666666666664,58.0,51.0
2018,1,2,184.6864684684685,264.4925405405405,52.51354954954955,328.8900900900901,58.0,60.0,67.0,51.0,48.0,315.6886446886447,57.0,59.833333333333336,53.0,52.0
2018,1,2,184.6864684684685,264.4925405405405,52.51354954954955,328.8900900900901,53.0,58.0,60.0,52.0,51.0,328.8900900900901,59.0,60.666666666666664,66.0,56.0
2018,1,2,184.6864684684685,264.4925405405405,52.51354954954955,328.8900900900901,66.0,53.0,58.0,56.0,52.0,328.8900900900901,57.666666666666664,59.666666666666664,54.0,48.0
2018,1,2,184.6864684684685,264.4925405405405,52.51354954954955,328.8900900900901,54.0,66.0,53.0,48.0,56.0,328.8900900900901,64.33333333333333,60.666666666666664,73.0,69.0
2018,1,2,184.6864684684685,264.4925405405405,52.51354954954955,328.8900900900901,73.0,54.0,66.0,69.0,48.0,328.8900900900901,61.666666666666664,60.333333333333336,58.0,54.0
2018,1,2,184.6864684684685,264.4925405405405,52.51354954954955,328.8900900900901,58.0,73.0,54.0,54.0,69.0,328.8900900900901,64.0,60.833333333333336,61.0,58.0
2018,1,2,184.6864684684685,264.4925405405405,52.51354954954955,328.8900900900901,61.0,58.0,73.0,58.0,54.0,328.8900900900901,59.666666666666664,62.0,60.0,53.0
2018,1,2,184.6864684684685,264.4925405405405,52.51354954954955,328.8900900900901,60.0,61.0,58.0,53.0,58.0,328.8900900900901,62.333333333333336,62.0,66.0,63.0
2018,1,2,184.6864684684685,264.4925405405405,52.51354954954955,328.8900900900901,66.0,60.0,61.0,63.0,53.0,328.8900900900901,60.333333333333336,62.166666666666664,55.0,47.0
2018,1,2,184.6864684684685,264.4925405405405,52.51354954954955,328.8900900900901,55.0,66.0,60.0,47.0,63.0,328.8900900900901,60.0,59.833333333333336,59.0,51.0
2018,2,2,133.88322052401747,252.1809388646288,58.0789847161572,285.4814410480349,59.0,55.0,66.0,51.0,47.0,328.8900900900901,55.666666666666664,59.0,53.0,53.0
2018,2,2,133.88322052401747,252.1809388646288,58.0789847161572,285.4814410480349,53.0,59.0,55.0,53.0,51.0,285.4814410480349,59.333333333333336,59.833333333333336,66.0,58.0
2018,2,2,133.88322052401747,252.1809388646288,58.0789847161572,285.4814410480349,66.0,53.0,59.0,58.0,53.0,285.4814410480349,58.0,59.0,55.0,50.0
2018,2,2,133.88322052401747,252.1809388646288,58.0789847161572,285.4814410480349,55.0,66.0,53.0,50.0,58.0,285.4814410480349,64.66666666666667,60.166666666666664,73.0,69.0
2018,2,2,133.88322052401747,252.1809388646288,58.0789847161572,285.4814410480349,73.0,55.0,66.0,69.0,50.0,285.4814410480349,62.0,60.666666666666664,58.0,56.0
2018,2,2,133.88322052401747,252.1809388646288,58.0789847161572,285.4814410480349,58.0,73.0,55.0,56.0,69.0,285.4814410480349,64.0,61.0,61.0,58.0
2018,2,2,133.88322052401747,252.1809388646288,58.0789847161572,285.4814410480349,61.0,58.0,73.0,58.0,56.0,285.4814410480349,60.0,62.333333333333336,61.0,55.0
2018,2,2,133.88322052401747,252.1809388646288,58.0789847161572,285.4814410480349,61.0,61.0,58.0,55.0,58.0,285.4814410480349,63.0,62.5,67.0,64.0
2018,2,2,133.88322052401747,252.1809388646288,58.0789847161572,285.4814410480349,67.0,61.0,61.0,64.0,55.0,285.4814410480349,61.666666666666664,62.833333333333336,57.0,48.0
2018,2,2,133.88322052401747,252.1809388646288,58.0789847161572,285.4814410480349,57.0,67.0,61.0,48.0,64.0,285.4814410480349,61.333333333333336,60.666666666666664,60.0,52.0
2018,3,2,97.29559171597631,218.81666666666663,47.03531558185404,234.267258382643,60.0,57.0,67.0,52.0,48.0,285.4814410480349,56.666666666666664,59.833333333333336,53.0,53.0
2018,3,2,97.29559171597631,218.81666666666663,47.03531558185404,234.267258382643,53.0,60.0,57.0,53.0,52.0,234.267258382643,59.333333333333336,60.5,65.0,57.0
2018,3,2,97.29559171597631,218.81666666666663,47.03531558185404,234.267258382643,65.0,53.0,60.0,57.0,53.0,234.267258382643,57.333333333333336,59.333333333333336,54.0,50.0
2018,3,2,97.29559171597631,218.81666666666663,47.03531558185404,234.267258382643,54.0,65.0,53.0,50.0,57.0,234.267258382643,64.0,60.333333333333336,73.0,69.0
2018,3,2,97.29559171597631,218.81666666666663,47.03531558185404,234.267258382643,73.0,54.0,65.0,69.0,50.0,234.267258382643,61.666666666666664,60.5,58.0,55.0
2018,3,2,97.29559171597631,218.81666666666663,47.03531558185404,234.267258382643,58.0,73.0,54.0,55.0,69.0,234.267258382643,64.0,60.666666666666664,61.0,59.0
2018,3,2,97.29559171597631,218.81666666666663,47.03531558185404,234.267258382643,61.0,58.0,73.0,59.0,55.0,234.267258382643,59.333333333333336,61.666666666666664,59.0,54.0
2018,3,2,97.29559171597631,218.81666666666663,47.03531558185404,234.267258382643,59.0,61.0,58.0,54.0,59.0,234.267258382643,62.333333333333336,62.0,67.0,64.0
2018,3,2,97.29559171597631,218.81666666666663,47.03531558185404,234.267258382643,67.0,59.0,61.0,64.0,54.0,234.267258382643,60.666666666666664,62.333333333333336,56.0,49.0
2018,3,2,97.29559171597631,218.81666666666663,47.03531558185404,234.267258382643,56.0,67.0,59.0,49.0,64.0,234.267258382643,60.666666666666664,60.0,59.0,51.0
2018,4,2,90.05418821096173,242.11750775594624,49.38952430196484,244.27714581178904,59.0,56.0,67.0,51.0,49.0,234.267258382643,56.666666666666664,59.5,55.0,58.0
2018,4,2,90.05418821096173,242.11750775594624,49.38952430196484,244.27714581178904,55.0,59.0,56.0,58.0,51.0,244.27714581178904,60.0,60.333333333333336,66.0,58.0
2018,4,2,90.05418821096173,242.11750775594624,49.38952430196484,244.27714581178904,66.0,55.0,59.0,58.0,58.0,244.27714581178904,58.666666666666664,59.666666666666664,55.0,52.0
2018,4,2,90.05418821096173,242.11750775594624,49.38952430196484,244.27714581178904,55.0,66.0,55.0,52.0,58.0,244.27714581178904,64.66666666666667,60.666666666666664,73.0,70.0
2018,4,2,90.05418821096173,242.11750775594624,49.38952430196484,244.27714581178904,73.0,55.0,66.0,70.0,52.0,244.27714581178904,61.666666666666664,60.833333333333336,57.0,55.0
2018,4,2,90.05418821096173,242.11750775594624,49.38952430196484,244.27714581178904,57.0,73.0,55.0,55.0,70.0,244.27714581178904,63.666666666666664,61.166666666666664,61.0,59.0
2018,4,2,90.05418821096173,242.11750775594624,49.38952430196484,244.27714581178904,61.0,57.0,73.0,59.0,55.0,244.27714581178904,60.0,62.333333333333336,62.0,55.0
2018,4,2,90.05418821096173,242.11750775594624,49.38952430196484,244.27714581178904,62.0,61.0,57.0,55.0,59.0,244.27714581178904,63.666666666666664,62.666666666666664,68.0,65.0
2018,4,2,90.05418821096173,242.11750775594624,49.38952430196484,244.27714581178904,68.0,62.0,61.0,65.0,55.0,244.27714581178904,62.333333333333336,63.0,57.0,49.0
2018,4,2,90.05418821096173,242.11750775594624,49.38952430196484,244.27714581178904,57.0,68.0,62.0,49.0,65.0,244.27714581178904,61.666666666666664,60.833333333333336,60.0,53.0
2018,5,2,87.41874245472836,233.59400402414488,49.12184104627767,233.24346076458752,60.0,57.0,68.0,53.0,49.0,244.27714581178904,57.333333333333336,60.5,55.0,57.0
2018,5,2,87.41874245472836,233.59400402414488,49.12184104627767,233.24346076458752,55.0,60.0,57.0,57.0,53.0,233.24346076458752,60.333333333333336,61.333333333333336,66.0,58.0
2018,5,2,87.41874245472836,233.59400402414488,49.12184104627767,233.24346076458752,66.0,55.0,60.0,58.0,57.0,233.24346076458752,59.333333333333336,60.5,57.0,52.0
2018,5,2,87.41874245472836,233.59400402414488,49.12184104627767,233.24346076458752,57.0,66.0,55.0,52.0,58.0,233.24346076458752,65.0,61.166666666666664,72.0,70.0
2018,5,2,87.41874245472836,233.59400402414488,49.12184104627767,233.24346076458752,72.0,57.0,66.0,70.0,52.0,233.24346076458752,62.0,61.166666666666664,57.0,55.0
2018,5,2,87.41874245472836,233.59400402414488,49.12184104627767,233.24346076458752,57.0,72.0,57.0,55.0,70.0,233.24346076458752,63.0,61.166666666666664,60.0,59.0
2018,5,2,87.41874245472836,233.59400402414488,49.12184104627767,233.24346076458752,60.0,57.0,72.0,59.0,55.0,233.24346076458752,59.0,62.0,60.0,55.0
2018,5,2,87.41874245472836,233.59400402414488,49.12184104627767,233.24346076458752,60.0,60.0,57.0,55.0,59.0,233.24346076458752,62.666666666666664,62.333333333333336,68.0,65.0
2018,5,2,87.41874245472836,233.59400402414488,49.12184104627767,233.24346076458752,68.0,60.0,60.0,65.0,55.0,233.24346076458752,61.333333333333336,62.166666666666664,56.0,49.0
2018,5,2,87.41874245472836,233.59400402414488,49.12184104627767,233.24346076458752,56.0,68.0,60.0,49.0,65.0,233.24346076458752,61.333333333333336,60.166666666666664,60.0,55.0
2018,6,2,80.92509513742071,240.5857505285412,31.81124735729387,226.67758985200845,60.0,56.0,68.0,55.0,49.0,233.24346076458752,56.333333333333336,59.5,53.0,53.0
2018,6,2,80.92509513742071,240.5857505285412,31.81124735729387,226.67758985200845,53.0,60.0,56.0,53.0,55.0,226.67758985200845,59.666666666666664,60.5,66.0,58.0
2018,6,2,80.92509513742071,240.5857505285412,31.81124735729387,226.67758985200845,66.0,53.0,60.0,58.0,53.0,226.67758985200845,58.333333333333336,59.833333333333336,56.0,50.0
2018,6,2,80.92509513742071,240.5857505285412,31.81124735729387,226.67758985200845,56.0,66.0,53.0,50.0,58.0,226.67758985200845,64.66666666666667,60.5,72.0,70.0
2018,6,2,80.92509513742071,240.5857505285412,31.81124735729387,226.67758985200845,72.0,56.0,66.0,70.0,50.0,226.67758985200845,61.666666666666664,60.666666666666664,57.0,54.0
2018,6,2,80.92509513742071,240.5857505285412,31.81124735729387,226.67758985200845,57.0,72.0,56.0,54.0,70.0,226.67758985200845,63.333333333333336,60.833333333333336,61.0,60.0
2018,6,2,80.92509513742071,240.5857505285412,31.81124735729387,226.67758985200845,61.0,57.0,72.0,60.0,54.0,226.67758985200845,59.333333333333336,62.0,60.0,55.0
2018,6,2,80.92509513742071,240.5857505285412,31.81124735729387,226.67758985200845,60.0,61.0,57.0,55.0,60.0,226.67758985200845,62.666666666666664,62.166666666666664,67.0,64.0
2018,6,2,80.92509513742071,240.5857505285412,31.81124735729387,226.67758985200845,67.0,60.0,61.0,64.0,55.0,226.67758985200845,61.0,62.166666666666664,56.0,50.0
2018,6,2,80.92509513742071,240.5857505285412,31.81124735729387,226.67758985200845,56.0,67.0,60.0,50.0,64.0,226.67758985200845,61.666666666666664,60.5,62.0,55.0
2018,7,2,43.244878731343285,113.6286473880597,30.947192164179103,116.94589552238806,62.0,56.0,67.0,55.0,50.0,226.67758985200845,58.333333333333336,60.5,57.0,56.0
2018,7,2,43.244878731343285,113.6286473880597,30.947192164179103,116.94589552238806,57.0,62.0,56.0,56.0,55.0,116.94589552238806,62.0,61.5,67.0,59.0
2018,7,2,43.244878731343285,113.6286473880597,30.947192164179103,116.94589552238806,67.0,57.0,62.0,59.0,56.0,116.94589552238806,60.0,60.833333333333336,56.0,51.0
2018,7,2,43.244878731343285,113.6286473880597,30.947192164179103,116.94589552238806,56.0,67.0,57.0,51.0,59.0,116.94589552238806,65.33333333333333,61.833333333333336,73.0,70.0
2018,7,2,43.244878731343285,113.6286473880597,30.947192164179103,116.94589552238806,73.0,56.0,67.0,70.0,51.0,116.94589552238806,61.666666666666664,61.833333333333336,56.0,56.0
2018,7,2,43.244878731343285,113.6286473880597,30.947192164179103,116.94589552238806,56.0,73.0,56.0,56.0,70.0,116.94589552238806,63.666666666666664,61.833333333333336,62.0,60.0
2018,7,2,43.244878731343285,113.6286473880597,30.947192164179103,116.94589552238806,62.0,56.0,73.0,60.0,56.0,116.94589552238806,59.666666666666664,62.5,61.0,55.0
2018,7,2,43.244878731343285,113.6286473880597,30.947192164179103,116.94589552238806,61.0,62.0,56.0,55.0,60.0,116.94589552238806,63.333333333333336,62.5,67.0,65.0
2018,7,2,43.244878731343285,113.6286473880597,30.947192164179103,116.94589552238806,67.0,61.0,62.0,65.0,55.0,116.94589552238806,63.333333333333336,63.5,62.0,53.0
2018,7,2,43.244878731343285,113.6286473880597,30.947192164179103,116.94589552238806,62.0,67.0,61.0,53.0,65.0,116.94589552238806,63.0,61.333333333333336,60.0,53.0
2018,8,2,42.60391964285714,125.37967857142856,26.889767857142857,126.38035714285714,60.0,62.0,67.0,53.0,53.0,116.94589552238806,58.333333333333336,60.833333333333336,53.0,53.0
2018,8,2,42.60391964285714,125.37967857142856,26.889767857142857,126.38035714285714,53.0,60.0,62.0,53.0,53.0,126.38035714285714,60.0,61.666666666666664,67.0,58.0
2018,8,2,42.60391964285714,125.37967857142856,26.889767857142857,126.38035714285714,67.0,53.0,60.0,58.0,53.0,126.38035714285714,59.0,61.0,57.0,53.0
2018,8,2,42.60391964285714,125.37967857142856,26.889767857142857,126.38035714285714,57.0,67.0,53.0,53.0,58.0,126.38035714285714,65.66666666666667,62.0,73.0,70.0
2018,8,2,42.60391964285714,125.37967857142856,26.889767857142857,126.38035714285714,73.0,57.0,67.0,70.0,53.0,126.38035714285714,62.333333333333336,61.166666666666664,57.0,55.0
2018,8,2,42.60391964285714,125.37967857142856,26.889767857142857,126.38035714285714,57.0,73.0,57.0,55.0,70.0,126.38035714285714,63.666666666666664,61.333333333333336,61.0,59.0
2018,8,2,42.60391964285714,125.37967857142856,26.889767857142857,126.38035714285714,61.0,57.0,73.0,59.0,55.0,126.38035714285714,59.666666666666664,62.666666666666664,61.0,55.0
2018,8,2,42.60391964285714,125.37967857142856,26.889767857142857,126.38035714285714,61.0,61.0,57.0,55.0,59.0,126.38035714285714,62.0,62.166666666666664,64.0,62.0
2018,8,2,42.60391964285714,125.37967857142856,26.889767857142857,126.38035714285714,64.0,61.0,61.0,62.0,55.0,126.38035714285714,60.333333333333336,62.0,56.0,54.0
2018,8,2,42.60391964285714,125.37967857142856,26.889767857142857,126.38035714285714,56.0,64.0,61.0,54.0,62.0,126.38035714285714,60.0,59.833333333333336,60.0,52.0
2018,9,2,46.744845454545455,123.77304545454544,30.3971,126.40818181818182,60.0,56.0,64.0,52.0,54.0,126.38035714285714,58.0,60.0,58.0,58.0
2018,9,2,46.744845454545455,123.77304545454544,30.3971,126.40818181818182,58.0,60.0,56.0,58.0,52.0,126.40818181818182,61.333333333333336,60.833333333333336,66.0,58.0
2018,9,2,46.744845454545455,123.77304545454544,30.3971,126.40818181818182,66.0,58.0,60.0,58.0,58.0,126.40818181818182,60.333333333333336,60.166666666666664,57.0,55.0
2018,9,2,46.744845454545455,123.77304545454544,30.3971,126.40818181818182,57.0,66.0,58.0,55.0,58.0,126.40818181818182,65.33333333333333,61.666666666666664,73.0,70.0
2018,9,2,46.744845454545455,123.77304545454544,30.3971,126.40818181818182,73.0,57.0,66.0,70.0,55.0,126.40818181818182,62.333333333333336,61.833333333333336,57.0,54.0
2018,9,2,46.744845454545455,123.77304545454544,30.3971,126.40818181818182,57.0,73.0,57.0,54.0,70.0,126.40818181818182,64.0,62.166666666666664,62.0,58.0
2018,9,2,46.744845454545455,123.77304545454544,30.3971,126.40818181818182,62.0,57.0,73.0,58.0,54.0,126.40818181818182,60.333333333333336,62.833333333333336,62.0,54.0
2018,9,2,46.744845454545455,123.77304545454544,30.3971,126.40818181818182,62.0,62.0,57.0,54.0,58.0,126.40818181818182,63.0,62.666666666666664,65.0,62.0
2018,9,2,46.744845454545455,123.77304545454544,30.3971,126.40818181818182,65.0,62.0,62.0,62.0,54.0,126.40818181818182,61.0,62.5,56.0,48.0
2018,9,2,46.744845454545455,123.77304545454544,30.3971,126.40818181818182,56.0,65.0,62.0,48.0,62.0,126.40818181818182,60.333333333333336,60.333333333333336,60.0,52.0
2018,10,2,133.81640909090908,285.5863272727273,54.83389090909091,289.4654545454545,60.0,56.0,65.0,52.0,48.0,126.40818181818182,59.333333333333336,61.166666666666664,62.0,62.0
2018,10,2,133.81640909090908,285.5863272727273,54.83389090909091,289.4654545454545,62.0,60.0,56.0,62.0,52.0,289.4654545454545,62.666666666666664,61.833333333333336,66.0,58.0
2018,10,2,133.81640909090908,285.5863272727273,54.83389090909091,289.4654545454545,66.0,62.0,60.0,58.0,62.0,289.4654545454545,61.666666666666664,61.0,57.0,53.0
2018,10,2,133.81640909090908,285.5863272727273,54.83389090909091,289.4654545454545,57.0,66.0,62.0,53.0,58.0,289.4654545454545,65.66666666666667,62.5,74.0,70.0
2018,10,2,133.81640909090908,285.5863272727273,54.83389090909091,289.4654545454545,74.0,57.0,66.0,70.0,53.0,289.4654545454545,62.666666666666664,62.666666666666664,57.0,55.0
2018,10,2,133.81640909090908,285.5863272727273,54.83389090909091,289.4654545454545,57.0,74.0,57.0,55.0,70.0,289.4654545454545,64.0,62.833333333333336,61.0,59.0
2018,10,2,133.81640909090908,285.5863272727273,54.83389090909091,289.4654545454545,61.0,57.0,74.0,59.0,55.0,289.4654545454545,59.333333333333336,62.5,60.0,54.0
2018,10,2,133.81640909090908,285.5863272727273,54.83389090909091,289.4654545454545,60.0,61.0,57.0,54.0,59.0,289.4654545454545,61.666666666666664,62.166666666666664,64.0,62.0
2018,10,2,133.81640909090908,285.5863272727273,54.83389090909091,289.4654545454545,64.0,60.0,61.0,62.0,54.0,289.4654545454545,62.0,63.0,62.0,56.0
2018,10,2,133.81640909090908,285.5863272727273,54.83389090909091,289.4654545454545,62.0,64.0,60.0,56.0,62.0,289.4654545454545,61.333333333333336,60.333333333333336,58.0,51.0
2018,11,2,198.56594032549728,326.692938517179,60.26759493670887,364.1853526220615,58.0,62.0,64.0,51.0,56.0,289.4654545454545,60.666666666666664,61.166666666666664,62.0,62.0
2018,11,2,198.56594032549728,326.692938517179,60.26759493670887,364.1853526220615,62.0,58.0,62.0,62.0,51.0,364.1853526220615,62.0,62.0,66.0,58.0
2018,11,2,198.56594032549728,326.692938517179,60.26759493670887,364.1853526220615,66.0,62.0,58.0,58.0,62.0,364.1853526220615,61.333333333333336,61.333333333333336,56.0,52.0
2018,11,2,198.56594032549728,326.692938517179,60.26759493670887,364.1853526220615,56.0,66.0,62.0,52.0,58.0,364.1853526220615,65.33333333333333,63.0,74.0,70.0
2018,11,2,198.56594032549728,326.692938517179,60.26759493670887,364.1853526220615,74.0,56.0,66.0,70.0,52.0,364.1853526220615,62.333333333333336,62.166666666666664,57.0,54.0
2018,11,2,198.56594032549728,326.692938517179,60.26759493670887,364.1853526220615,57.0,74.0,56.0,54.0,70.0,364.1853526220615,63.666666666666664,62.5,60.0,58.0
2018,11,2,198.56594032549728,326.692938517179,60.26759493670887,364.1853526220615,60.0,57.0,74.0,58.0,54.0,364.1853526220615,60.666666666666664,63.0,65.0,56.0
2018,11,2,198.56594032549728,326.692938517179,60.26759493670887,364.1853526220615,65.0,60.0,57.0,56.0,58.0,364.1853526220615,63.333333333333336,62.833333333333336,65.0,63.0
2018,11,2,198.56594032549728,326.692938517179,60.26759493670887,364.1853526220615,65.0,65.0,60.0,63.0,56.0,364.1853526220615,61.666666666666664,62.666666666666664,55.0,49.0
2018,11,2,198.56594032549728,326.692938517179,60.26759493670887,364.1853526220615,55.0,65.0,65.0,49.0,63.0,364.1853526220615,59.333333333333336,60.0,58.0,53.0
2018,12,2,226.75422089041092,360.16957191780824,64.48559075342466,396.1027397260274,58.0,55.0,65.0,53.0,49.0,364.1853526220615,58.333333333333336,60.833333333333336,62.0,62.0
2018,12,2,226.75422089041092,360.16957191780824,64.48559075342466,396.1027397260274,62.0,58.0,55.0,62.0,53.0,396.1027397260274,62.0,61.833333333333336,66.0,58.0
2018,12,2,226.75422089041092,360.16957191780824,64.48559075342466,396.1027397260274,66.0,62.0,58.0,58.0,62.0,396.1027397260274,61.0,60.166666666666664,55.0,52.0
2018,12,2,226.75422089041092,360.16957191780824,64.48559075342466,396.1027397260274,55.0,66.0,62.0,52.0,58.0,396.1027397260274,65.0,61.666666666666664,74.0,70.0
2018,12,2,226.75422089041092,360.16957191780824,64.48559075342466,396.1027397260274,74.0,55.0,66.0,70.0,52.0,396.1027397260274,62.333333333333336,62.166666666666664,58.0,56.0
2018,12,2,226.75422089041092,360.16957191780824,64.48559075342466,396.1027397260274,58.0,74.0,55.0,56.0,70.0,396.1027397260274,64.33333333333333,62.666666666666664,61.0,58.0
2018,12,2,226.75422089041092,360.16957191780824,64.48559075342466,396.1027397260274,61.0,58.0,74.0,58.0,56.0,396.1027397260274,60.333333333333336,62.666666666666664,62.0,54.0
2018,12,2,226.75422089041092,360.16957191780824,64.48559075342466,396.1027397260274,62.0,61.0,58.0,54.0,58.0,396.1027397260274,63.333333333333336,62.833333333333336,67.0,68.0
2018,12,2,226.75422089041092,360.16957191780824,64.48559075342466,396.1027397260274,67.0,62.0,61.0,68.0,54.0,396.1027397260274,61.333333333333336,62.833333333333336,55.0,48.0
2018,12,2,226.75422089041092,360.16957191780824,64.48559075342466,396.1027397260274,55.0,67.0,62.0,48.0,68.0,396.1027397260274,60.0,60.166666666666664,58.0,52.0
2015,1,3,40.25,91.13,23.285714285714285,98.0,68.0,56.0,79.0,59.0,50.0,98.0,61.333333333333336,66.66666666666667,60.0,51.0
2015,1,3,40.25,91.13,23.285714285714285,98.0,60.0,68.0,56.0,51.0,59.0,98.0,63.666666666666664,64.16666666666667,63.0,58.0
2015,1,3,40.25,91.13,23.285714285714285,98.0,63.0,60.0,68.0,58.0,51.0,98.0,61.0,64.33333333333333,60.0,54.0
2015,1,3,40.25,91.13,23.285714285714285,98.0,60.0,63.0,60.0,54.0,58.0,98.0,67.0,64.16666666666667,78.0,74.0
2015,1,3,40.25,91.13,23.285714285714285,98.0,78.0,60.0,63.0,74.0,54.0,98.0,69.0,66.33333333333333,69.0,65.0
2015,2,3,40.25,91.13,27.13192307692308,98.0,69.0,78.0,60.0,65.0,74.0,98.0,75.0,68.0,78.0,68.0
2015,2,3,40.25,91.13,27.13192307692308,98.0,78.0,69.0,78.0,68.0,65.0,98.0,68.66666666666667,67.83333333333333,59.0,52.0
2015,2,3,40.25,91.13,27.13192307692308,98.0,59.0,78.0,69.0,52.0,68.0,98.0,72.0,70.5,79.0,74.0
2015,2,3,40.25,91.13,27.13192307692308,98.0,79.0,59.0,78.0,74.0,52.0,98.0,64.66666666666667,69.83333333333333,56.0,50.0
2015,2,3,40.25,91.13,27.13192307692308,98.0,56.0,79.0,59.0,50.0,74.0,98.0,67.33333333333333,68.0,67.0,60.0
2015,2,3,40.25,91.13,27.13192307692308,98.0,67.0,56.0,79.0,60.0,50.0,98.0,61.0,66.5,60.0,51.0
2015,2,3,40.25,91.13,27.13192307692308,98.0,60.0,67.0,56.0,51.0,60.0,98.0,63.666666666666664,64.16666666666667,64.0,58.0
2015,2,3,40.25,91.13,27.13192307692308,98.0,64.0,60.0,67.0,58.0,51.0,98.0,61.666666666666664,64.5,61.0,55.0
2015,2,3,40.25,91.13,27.13192307692308,98.0,61.0,64.0,60.0,55.0,58.0,98.0,67.66666666666667,64.33333333333333,78.0,75.0
2015,2,3,40.25,91.13,27.13192307692308,98.0,78.0,61.0,64.0,75.0,55.0,98.0,69.33333333333333,66.5,69.0,66.0
2015,3,3,40.46870967741936,91.13,21.32741935483871,98.70967741935485,69.0,78.0,61.0,66.0,75.0,98.0,74.66666666666667,68.16666666666667,77.0,68.0
2015,3,3,40.46870967741936,91.13,21.32741935483871,98.70967741935485,77.0,69.0,78.0,68.0,66.0,98.70967741935485,68.33333333333333,68.0,59.0,52.0
2015,3,3,40.46870967741936,91.13,21.32741935483871,98.70967741935485,59.0,77.0,69.0,52.0,68.0,98.70967741935485,72.0,70.66666666666667,80.0,74.0
2015,3,3,40.46870967741936,91.13,21.32741935483871,98.70967741935485,80.0,59.0,77.0,74.0,52.0,98.70967741935485,65.0,69.83333333333333,56.0,50.0
2015,3,3,40.46870967741936,91.13,21.32741935483871,98.70967741935485,56.0,80.0,59.0,50.0,74.0,98.70967741935485,67.33333333333333,67.83333333333333,66.0,61.0
2015,3,3,40.46870967741936,91.13,21.32741935483871,98.70967741935485,66.0,56.0,80.0,61.0,50.0,98.70967741935485,60.666666666666664,66.33333333333333,60.0,52.0
2015,3,3,40.46870967741936,91.13,21.32741935483871,98.70967741935485,60.0,66.0,56.0,52.0,61.0,98.70967741935485,64.0,64.5,66.0,59.0
2015,3,3,40.46870967741936,91.13,21.32741935483871,98.70967741935485,66.0,60.0,66.0,59.0,52.0,98.70967741935485,61.666666666666664,64.5,59.0,54.0
2015,3,3,40.46870967741936,91.13,21.32741935483871,98.70967741935485,59.0,66.0,60.0,54.0,59.0,98.70967741935485,67.66666666666667,64.16666666666667,78.0,73.0
2015,3,3,40.46870967741936,91.13,21.32741935483871,98.70967741935485,78.0,59.0,66.0,73.0,54.0,98.70967741935485,68.66666666666667,66.33333333333333,69.0,66.0
2015,4,3,54.45233333333333,91.12999999999998,17.081666666666667,135.1,69.0,78.0,59.0,66.0,73.0,98.70967741935485,74.66666666666667,68.16666666666667,77.0,69.0
2015,4,3,54.45233333333333,91.12999999999998,17.081666666666667,135.1,77.0,69.0,78.0,69.0,66.0,135.1,68.66666666666667,68.16666666666667,60.0,53.0
2015,4,3,54.45233333333333,91.12999999999998,17.081666666666667,135.1,60.0,77.0,69.0,53.0,69.0,135.1,72.33333333333333,70.5,80.0,75.0
2015,4,3,54.45233333333333,91.12999999999998,17.081666666666667,135.1,80.0,60.0,77.0,75.0,53.0,135.1,65.66666666666667,70.16666666666667,57.0,53.0
2015,4,3,54.45233333333333,91.12999999999998,17.081666666666667,135.1,57.0,80.0,60.0,53.0,75.0,135.1,68.33333333333333,68.5,68.0,62.0
2015,4,3,54.45233333333333,91.12999999999998,17.081666666666667,135.1,68.0,57.0,80.0,62.0,53.0,135.1,61.666666666666664,67.0,60.0,53.0
2015,4,3,54.45233333333333,91.12999999999998,17.081666666666667,135.1,60.0,68.0,57.0,53.0,62.0,135.1,63.666666666666664,64.66666666666667,63.0,58.0
2015,4,3,54.45233333333333,91.12999999999998,17.081666666666667,135.1,63.0,60.0,68.0,58.0,53.0,135.1,60.666666666666664,64.5,59.0,55.0
2015,4,3,54.45233333333333,91.12999999999998,17.081666666666667,135.1,59.0,63.0,60.0,55.0,58.0,135.1,67.0,64.33333333333333,79.0,73.0
2015,4,3,54.45233333333333,91.12999999999998,17.081666666666667,135.1,79.0,59.0,63.0,73.0,55.0,135.1,69.0,66.33333333333333,69.0,66.0
2015,5,3,51.552580645161285,91.13,15.88516129032258,133.38709677419354,69.0,79.0,59.0,66.0,73.0,135.1,75.0,67.83333333333333,77.0,69.0
2015,5,3,51.552580645161285,91.13,15.88516129032258,133.38709677419354,77.0,69.0,79.0,69.0,66.0,133.38709677419354,68.66666666666667,67.83333333333333,60.0,54.0
2015,5,3,51.552580645161285,91.13,15.88516129032258,133.38709677419354,60.0,77.0,69.0,54.0,69.0,133.38709677419354,72.0,70.5,79.0,75.0
2015,5,3,51.552580645161285,91.13,15.88516129032258,133.38709677419354,79.0,60.0,77.0,75.0,54.0,133.38709677419354,65.33333333333333,70.16666666666667,57.0,52.0
2015,5,3,51.552580645161285,91.13,15.88516129032258,133.38709677419354,57.0,79.0,60.0,52.0,75.0,133.38709677419354,68.0,68.33333333333333,68.0,64.0
2015,5,3,51.552580645161285,91.13,15.88516129032258,133.38709677419354,68.0,57.0,79.0,64.0,52.0,133.38709677419354,61.666666666666664,66.83333333333333,60.0,54.0
2015,5,3,51.552580645161285,91.13,15.88516129032258,133.38709677419354,60.0,68.0,57.0,54.0,64.0,133.38709677419354,63.666666666666664,64.5,63.0,58.0
2015,5,3,51.552580645161285,91.13,15.88516129032258,133.38709677419354,63.0,60.0,68.0,58.0,54.0,133.38709677419354,61.0,64.5,60.0,56.0
2015,5,3,51.552580645161285,91.13,15.88516129032258,133.38709677419354,60.0,63.0,60.0,56.0,58.0,133.38709677419354,67.0,64.33333333333333,78.0,75.0
2015,5,3,51.552580645161285,91.13,15.88516129032258,133.38709677419354,78.0,60.0,63.0,75.0,56.0,133.38709677419354,69.33333333333333,66.5,70.0,67.0
2015,6,3,74.767,91.12999999999998,10.375333333333334,155.53333333333333,70.0,78.0,60.0,67.0,75.0,133.38709677419354,75.33333333333333,68.16666666666667,78.0,71.0
2015,6,3,74.767,91.12999999999998,10.375333333333334,155.53333333333333,78.0,70.0,78.0,71.0,67.0,155.53333333333333,69.33333333333333,68.16666666666667,60.0,54.0
2015,6,3,74.767,91.12999999999998,10.375333333333334,155.53333333333333,60.0,78.0,70.0,54.0,71.0,155.53333333333333,72.66666666666667,71.0,80.0,76.0
2015,6,3,74.767,91.12999999999998,10.375333333333334,155.53333333333333,80.0,60.0,78.0,76.0,54.0,155.53333333333333,66.0,70.66666666666667,58.0,54.0
2015,6,3,74.767,91.12999999999998,10.375333333333334,155.53333333333333,58.0,80.0,60.0,54.0,76.0,155.53333333333333,69.66666666666667,69.5,71.0,68.0
2015,6,3,74.767,91.12999999999998,10.375333333333334,155.53333333333333,71.0,58.0,80.0,68.0,54.0,155.53333333333333,63.666666666666664,68.16666666666667,62.0,59.0
2015,6,3,74.767,91.12999999999998,10.375333333333334,155.53333333333333,62.0,71.0,58.0,59.0,68.0,155.53333333333333,67.0,66.5,68.0,65.0
2015,6,3,74.767,91.12999999999998,10.375333333333334,155.53333333333333,68.0,62.0,71.0,65.0,59.0,155.53333333333333,64.33333333333333,67.0,63.0,60.0
2015,6,3,74.767,91.12999999999998,10.375333333333334,155.53333333333333,63.0,68.0,62.0,60.0,65.0,155.53333333333333,70.33333333333333,67.0,80.0,76.0
2015,6,3,74.767,91.12999999999998,10.375333333333334,155.53333333333333,80.0,63.0,68.0,76.0,60.0,155.53333333333333,71.33333333333333,69.16666666666667,71.0,68.0
2015,7,3,26.766129032258064,91.13,6.687096774193549,78.48387096774194,71.0,80.0,63.0,68.0,76.0,155.53333333333333,76.66666666666667,70.5,79.0,74.0
2015,7,3,26.766129032258064,91.13,6.687096774193549,78.48387096774194,79.0,71.0,80.0,74.0,68.0,78.48387096774194,70.0,70.16666666666667,60.0,53.0
2015,7,3,26.766129032258064,91.13,6.687096774193549,78.48387096774194,60.0,79.0,71.0,53.0,74.0,78.48387096774194,73.0,72.16666666666667,80.0,76.0
2015,7,3,26.766129032258064,91.13,6.687096774193549,78.48387096774194,80.0,60.0,79.0,76.0,53.0,78.48387096774194,65.66666666666667,71.16666666666667,57.0,53.0
2015,7,3,26.766129032258064,91.13,6.687096774193549,78.48387096774194,57.0,80.0,60.0,53.0,76.0,78.48387096774194,69.66666666666667,69.83333333333333,72.0,68.0
2015,7,3,26.766129032258064,91.13,6.687096774193549,78.48387096774194,72.0,57.0,80.0,68.0,53.0,78.48387096774194,63.666666666666664,68.33333333333333,62.0,59.0
2015,7,3,26.766129032258064,91.13,6.687096774193549,78.48387096774194,62.0,72.0,57.0,59.0,68.0,78.48387096774194,67.33333333333333,66.5,68.0,64.0
2015,7,3,26.766129032258064,91.13,6.687096774193549,78.48387096774194,68.0,62.0,72.0,64.0,59.0,78.48387096774194,65.0,67.33333333333333,65.0,60.0
2015,7,3,26.766129032258064,91.13,6.687096774193549,78.48387096774194,65.0,68.0,62.0,60.0,64.0,78.48387096774194,70.66666666666667,67.16666666666667,79.0,75.0
2015,7,3,26.766129032258064,91.13,6.687096774193549,78.48387096774194,79.0,65.0,68.0,75.0,60.0,78.48387096774194,72.0,69.66666666666667,72.0,68.0
2015,8,3,50.83,91.13,13.139677419354838,132.93548387096774,72.0,79.0,65.0,68.0,75.0,78.48387096774194,76.33333333333333,70.66666666666667,78.0,70.0
2015,8,3,50.83,91.13,13.139677419354838,132.93548387096774,78.0,72.0,79.0,70.0,68.0,132.93548387096774,70.0,70.33333333333333,60.0,54.0
2015,8,3,50.83,91.13,13.139677419354838,132.93548387096774,60.0,78.0,72.0,54.0,70.0,132.93548387096774,72.66666666666667,72.33333333333333,80.0,75.0
2015,8,3,50.83,91.13,13.139677419354838,132.93548387096774,80.0,60.0,78.0,75.0,54.0,132.93548387096774,65.33333333333333,70.83333333333333,56.0,52.0
2015,8,3,50.83,91.13,13.139677419354838,132.93548387096774,56.0,80.0,60.0,52.0,75.0,132.93548387096774,68.66666666666667,69.33333333333333,70.0,64.0
2015,8,3,50.83,91.13,13.139677419354838,132.93548387096774,70.0,56.0,80.0,64.0,52.0,132.93548387096774,62.0,67.33333333333333,60.0,54.0
2015,8,3,50.83,91.13,13.139677419354838,132.93548387096774,60.0,70.0,56.0,54.0,64.0,132.93548387096774,65.0,65.16666666666667,65.0,57.0
2015,8,3,50.83,91.13,13.139677419354838,132.93548387096774,65.0,60.0,70.0,57.0,54.0,132.93548387096774,62.0,65.33333333333333,61.0,53.0
2015,8,3,50.83,91.13,13.139677419354838,132.93548387096774,61.0,65.0,60.0,53.0,57.0,132.93548387096774,68.66666666666667,65.33333333333333,80.0,76.0
2015,8,3,50.83,91.13,13.139677419354838,132.93548387096774,80.0,61.0,65.0,76.0,53.0,132.93548387096774,71.0,68.0,72.0,66.0
2015,9,3,70.96418604651163,76.80441860465116,19.86767441860465,159.34883720930233,72.0,80.0,61.0,66.0,76.0,132.93548387096774,76.66666666666667,69.33333333333333,78.0,70.0
2015,9,3,70.96418604651163,76.80441860465116,19.86767441860465,159.34883720930233,78.0,72.0,80.0,70.0,66.0,159.34883720930233,70.0,69.33333333333333,60.0,53.0
2015,9,3,70.96418604651163,76.80441860465116,19.86767441860465,159.34883720930233,60.0,78.0,72.0,53.0,70.0,159.34883720930233,72.66666666666667,71.83333333333333,80.0,76.0
2015,9,3,70.96418604651163,76.80441860465116,19.86767441860465,159.34883720930233,80.0,60.0,78.0,76.0,53.0,159.34883720930233,65.33333333333333,71.0,56.0,50.0
2015,9,3,70.96418604651163,76.80441860465116,19.86767441860465,159.34883720930233,56.0,80.0,60.0,50.0,76.0,159.34883720930233,68.0,69.0,68.0,63.0
2015,9,3,70.96418604651163,76.80441860465116,19.86767441860465,159.34883720930233,68.0,56.0,80.0,63.0,50.0,159.34883720930233,61.333333333333336,67.0,60.0,52.0
2015,9,3,70.96418604651163,76.80441860465116,19.86767441860465,159.34883720930233,60.0,68.0,56.0,52.0,63.0,159.34883720930233,63.333333333333336,64.33333333333333,62.0,55.0
2015,9,3,70.96418604651163,76.80441860465116,19.86767441860465,159.34883720930233,62.0,60.0,68.0,55.0,52.0,159.34883720930233,59.666666666666664,63.833333333333336,57.0,50.0
2015,9,3,70.96418604651163,76.80441860465116,19.86767441860465,159.34883720930233,57.0,62.0,60.0,50.0,55.0,159.34883720930233,66.33333333333333,63.833333333333336,80.0,75.0
2015,9,3,70.96418604651163,76.80441860465116,19.86767441860465,159.34883720930233,80.0,57.0,62.0,75.0,50.0,159.34883720930233,69.33333333333333,66.33333333333333,71.0,66.0
2015,10,3,121.10870967741936,94.2374193548387,5.871774193548387,210.79032258064515,71.0,80.0,57.0,66.0,75.0,159.34883720930233,76.0,67.83333333333333,77.0,68.0
2015,10,3,121.10870967741936,94.2374193548387,5.871774193548387,210.79032258064515,77.0,71.0,80.0,68.0,66.0,210.79032258064515,69.33333333333333,67.83333333333333,60.0,54.0
2015,10,3,121.10870967741936,94.2374193548387,5.871774193548387,210.79032258064515,60.0,77.0,71.0,54.0,68.0,210.79032258064515,72.33333333333333,70.83333333333333,80.0,75.0
2015,10,3,121.10870967741936,94.2374193548387,5.871774193548387,210.79032258064515,80.0,60.0,77.0,75.0,54.0,210.79032258064515,65.33333333333333,70.66666666666667,56.0,50.0
2015,10,3,121.10870967741936,94.2374193548387,5.871774193548387,210.79032258064515,56.0,80.0,60.0,50.0,75.0,210.79032258064515,67.66666666666667,68.5,67.0,62.0
2015,10,3,121.10870967741936,94.2374193548387,5.871774193548387,210.79032258064515,67.0,56.0,80.0,62.0,50.0,210.79032258064515,60.666666666666664,66.5,59.0,50.0
2015,10,3,121.10870967741936,94.2374193548387,5.871774193548387,210.79032258064515,59.0,67.0,56.0,50.0,62.0,210.79032258064515,63.0,64.16666666666667,63.0,54.0
2015,10,3,121.10870967741936,94.2374193548387,5.871774193548387,210.79032258064515,63.0,59.0,67.0,54.0,50.0,210.79032258064515,61.0,64.33333333333333,61.0,51.0
2015,10,3,121.10870967741936,94.2374193548387,5.871774193548387,210.79032258064515,61.0,63.0,59.0,51.0,54.0,210.79032258064515,67.66666666666667,64.16666666666667,79.0,76.0
2015,10,3,121.10870967741936,94.2374193548387,5.871774193548387,210.79032258064515,79.0,61.0,63.0,76.0,51.0,210.79032258064515,70.0,66.5,70.0,65.0
2015,11,3,60.3515,97.08783333333332,10.059166666666666,136.0,70.0,79.0,61.0,65.0,76.0,210.79032258064515,75.66666666666667,68.33333333333333,78.0,68.0
2015,11,3,60.3515,97.08783333333332,10.059166666666666,136.0,78.0,70.0,79.0,68.0,65.0,136.0,69.66666666666667,68.66666666666667,61.0,54.0
2015,11,3,60.3515,97.08783333333332,10.059166666666666,136.0,61.0,78.0,70.0,54.0,68.0,136.0,72.66666666666667,71.33333333333333,79.0,74.0
2015,11,3,60.3515,97.08783333333332,10.059166666666666,136.0,79.0,61.0,78.0,74.0,54.0,136.0,65.33333333333333,70.5,56.0,51.0
2015,11,3,60.3515,97.08783333333332,10.059166666666666,136.0,56.0,79.0,61.0,51.0,74.0,136.0,67.33333333333333,68.5,67.0,60.0
2015,11,3,60.3515,97.08783333333332,10.059166666666666,136.0,67.0,56.0,79.0,60.0,51.0,136.0,61.0,66.83333333333333,60.0,50.0
2015,11,3,60.3515,97.08783333333332,10.059166666666666,136.0,60.0,67.0,56.0,50.0,60.0,136.0,64.0,64.66666666666667,65.0,54.0
2015,11,3,60.3515,97.08783333333332,10.059166666666666,136.0,65.0,60.0,67.0,54.0,50.0,136.0,62.0,64.66666666666667,61.0,52.0
2015,11,3,60.3515,97.08783333333332,10.059166666666666,136.0,61.0,65.0,60.0,52.0,54.0,136.0,68.33333333333333,64.66666666666667,79.0,75.0
2015,11,3,60.3515,97.08783333333332,10.059166666666666,136.0,79.0,61.0,65.0,75.0,52.0,136.0,70.0,67.0,70.0,66.0
2015,12,3,56.44193548387097,93.16193548387096,14.833387096774192,123.37096774193547,70.0,79.0,61.0,66.0,75.0,136.0,75.0,68.5,76.0,68.0
2015,12,3,56.44193548387097,93.16193548387096,14.833387096774192,123.37096774193547,76.0,70.0,79.0,68.0,66.0,123.37096774193547,68.66666666666667,68.5,60.0,54.0
2015,12,3,56.44193548387097,93.16193548387096,14.833387096774192,123.37096774193547,60.0,76.0,70.0,54.0,68.0,123.37096774193547,72.0,71.0,80.0,75.0
2015,12,3,56.44193548387097,93.16193548387096,14.833387096774192,123.37096774193547,80.0,60.0,76.0,75.0,54.0,123.37096774193547,65.33333333333333,70.16666666666667,56.0,50.0
2015,12,3,56.44193548387097,93.16193548387096,14.833387096774192,123.37096774193547,56.0,80.0,60.0,50.0,75.0,123.37096774193547,67.66666666666667,68.16666666666667,67.0,60.0
2015,12,3,56.44193548387097,93.16193548387096,14.833387096774192,123.37096774193547,67.0,56.0,80.0,60.0,50.0,123.37096774193547,60.333333333333336,66.16666666666667,58.0,50.0
2015,12,3,56.44193548387097,93.16193548387096,14.833387096774192,123.37096774193547,58.0,67.0,56.0,50.0,60.0,123.37096774193547,63.333333333333336,64.33333333333333,65.0,55.0
2015,12,3,56.44193548387097,93.16193548387096,14.833387096774192,123.37096774193547,65.0,58.0,67.0,55.0,50.0,123.37096774193547,60.333333333333336,64.0,58.0,50.0
2015,12,3,56.44193548387097,93.16193548387096,14.833387096774192,123.37096774193547,58.0,65.0,58.0,50.0,55.0,123.37096774193547,67.66666666666667,64.0,80.0,75.0
2015,12,3,56.44193548387097,93.16193548387096,14.833387096774192,123.37096774193547,80.0,58.0,65.0,75.0,50.0,123.37096774193547,69.33333333333333,66.33333333333333,70.0,66.0
2016,1,3,80.02428571428571,97.08482142857144,13.210178571428573,175.71428571428572,70.0,80.0,58.0,66.0,75.0,123.37096774193547,75.66666666666667,68.0,77.0,68.0
2016,1,3,80.02428571428571,97.08482142857144,13.210178571428573,175.71428571428572,77.0,70.0,80.0,68.0,66.0,175.71428571428572,68.66666666666667,68.16666666666667,59.0,53.0
2016,1,3,80.02428571428571,97.08482142857144,13.210178571428573,175.71428571428572,59.0,77.0,70.0,53.0,68.0,175.71428571428572,71.66666666666667,70.5,79.0,74.0
2016,1,3,80.02428571428571,97.08482142857144,13.210178571428573,175.71428571428572,79.0,59.0,77.0,74.0,53.0,175.71428571428572,64.66666666666667,70.16666666666667,56.0,50.0
2016,1,3,80.02428571428571,97.08482142857144,13.210178571428573,175.71428571428572,56.0,79.0,59.0,50.0,74.0,175.71428571428572,67.33333333333333,68.0,67.0,60.0
2016,1,3,80.02428571428571,97.08482142857144,13.210178571428573,175.71428571428572,67.0,56.0,79.0,60.0,50.0,175.71428571428572,62.666666666666664,67.16666666666667,65.0,61.0
2016,1,3,80.02428571428571,97.08482142857144,13.210178571428573,175.71428571428572,65.0,67.0,56.0,61.0,60.0,175.71428571428572,65.33333333333333,65.0,64.0,58.0
2016,1,3,80.02428571428571,97.08482142857144,13.210178571428573,175.71428571428572,64.0,65.0,67.0,58.0,61.0,175.71428571428572,62.333333333333336,64.83333333333333,58.0,54.0
2016,1,3,80.02428571428571,97.08482142857144,13.210178571428573,175.71428571428572,58.0,64.0,65.0,54.0,58.0,175.71428571428572,67.0,64.83333333333333,79.0,75.0
2016,1,3,80.02428571428571,97.08482142857144,13.210178571428573,175.71428571428572,79.0,58.0,64.0,75.0,54.0,175.71428571428572,69.0,67.16666666666667,70.0,67.0
2016,2,3,92.32727272727271,95.68,11.07018181818182,150.4909090909091,70.0,79.0,58.0,67.0,75.0,175.71428571428572,75.33333333333333,68.83333333333333,77.0,69.0
2016,2,3,92.32727272727271,95.68,11.07018181818182,150.4909090909091,77.0,70.0,79.0,69.0,67.0,150.4909090909091,70.33333333333333,68.66666666666667,64.0,65.0
2016,2,3,92.32727272727271,95.68,11.07018181818182,150.4909090909091,64.0,77.0,70.0,65.0,69.0,150.4909090909091,73.33333333333333,71.16666666666667,79.0,74.0
2016,2,3,92.32727272727271,95.68,11.07018181818182,150.4909090909091,79.0,64.0,77.0,74.0,65.0,150.4909090909091,67.66666666666667,71.5,60.0,50.0
2016,2,3,92.32727272727271,95.68,11.07018181818182,150.4909090909091,60.0,79.0,64.0,50.0,74.0,150.4909090909091,69.0,69.66666666666667,68.0,61.0
2016,2,3,92.32727272727271,95.68,11.07018181818182,150.4909090909091,68.0,60.0,79.0,61.0,50.0,150.4909090909091,62.333333333333336,67.83333333333333,59.0,50.0
2016,2,3,92.32727272727271,95.68,11.07018181818182,150.4909090909091,59.0,68.0,60.0,50.0,61.0,150.4909090909091,63.666666666666664,65.66666666666667,64.0,60.0
2016,2,3,92.32727272727271,95.68,11.07018181818182,150.4909090909091,64.0,59.0,68.0,60.0,50.0,150.4909090909091,62.666666666666664,65.83333333333333,65.0,60.0
2016,2,3,92.32727272727271,95.68,11.07018181818182,150.4909090909091,65.0,64.0,59.0,60.0,60.0,150.4909090909091,69.33333333333333,65.83333333333333,79.0,75.0
2016,2,3,92.32727272727271,95.68,11.07018181818182,150.4909090909091,79.0,65.0,64.0,75.0,60.0,150.4909090909091,71.66666666666667,67.66666666666667,71.0,66.0
2016,3,3,56.36672413793104,94.0203448275862,11.237413793103448,120.67241379310344,71.0,79.0,65.0,66.0,75.0,150.4909090909091,75.66666666666667,69.16666666666667,77.0,67.0
2016,3,3,56.36672413793104,94.0203448275862,11.237413793103448,120.67241379310344,77.0,71.0,79.0,67.0,66.0,120.67241379310344,69.33333333333333,69.33333333333333,60.0,54.0
2016,3,3,56.36672413793104,94.0203448275862,11.237413793103448,120.67241379310344,60.0,77.0,71.0,54.0,67.0,120.67241379310344,72.0,71.83333333333333,79.0,74.0
2016,3,3,56.36672413793104,94.0203448275862,11.237413793103448,120.67241379310344,79.0,60.0,77.0,74.0,54.0,120.67241379310344,65.0,70.33333333333333,56.0,50.0
2016,3,3,56.36672413793104,94.0203448275862,11.237413793103448,120.67241379310344,56.0,79.0,60.0,50.0,74.0,120.67241379310344,67.66666666666667,68.5,68.0,60.0
2016,3,3,56.36672413793104,94.0203448275862,11.237413793103448,120.67241379310344,68.0,56.0,79.0,60.0,50.0,120.67241379310344,60.666666666666664,66.33333333333333,58.0,50.0
2016,3,3,56.36672413793104,94.0203448275862,11.237413793103448,120.67241379310344,58.0,68.0,56.0,50.0,60.0,120.67241379310344,63.0,64.0,63.0,58.0
2016,3,3,56.36672413793104,94.0203448275862,11.237413793103448,120.67241379310344,63.0,58.0,68.0,58.0,50.0,120.67241379310344,60.333333333333336,64.0,60.0,55.0
2016,3,3,56.36672413793104,94.0203448275862,11.237413793103448,120.67241379310344,60.0,63.0,58.0,55.0,58.0,120.67241379310344,67.33333333333333,64.0,79.0,75.0
2016,3,3,56.36672413793104,94.0203448275862,11.237413793103448,120.67241379310344,79.0,60.0,63.0,75.0,55.0,120.67241379310344,69.66666666666667,66.33333333333333,70.0,66.0
2016,4,3,51.10203703703704,93.60666666666668,31.36388888888889,115.20370370370372,70.0,79.0,60.0,66.0,75.0,120.67241379310344,75.33333333333333,67.83333333333333,77.0,68.0
2016,4,3,51.10203703703704,93.60666666666668,31.36388888888889,115.20370370370372,77.0,70.0,79.0,68.0,66.0,115.20370370370372,68.66666666666667,68.0,59.0,52.0
2016,4,3,51.10203703703704,93.60666666666668,31.36388888888889,115.20370370370372,59.0,77.0,70.0,52.0,68.0,115.20370370370372,71.66666666666667,70.66666666666667,79.0,74.0
2016,4,3,51.10203703703704,93.60666666666668,31.36388888888889,115.20370370370372,79.0,59.0,77.0,74.0,52.0,115.20370370370372,64.66666666666667,70.0,56.0,51.0
2016,4,3,51.10203703703704,93.60666666666668,31.36388888888889,115.20370370370372,56.0,79.0,59.0,51.0,74.0,115.20370370370372,68.0,68.33333333333333,69.0,62.0
2016,4,3,51.10203703703704,93.60666666666668,31.36388888888889,115.20370370370372,69.0,56.0,79.0,62.0,51.0,115.20370370370372,61.0,66.33333333333333,58.0,51.0
2016,4,3,51.10203703703704,93.60666666666668,31.36388888888889,115.20370370370372,58.0,69.0,56.0,51.0,62.0,115.20370370370372,63.333333333333336,64.0,63.0,58.0
2016,4,3,51.10203703703704,93.60666666666668,31.36388888888889,115.20370370370372,63.0,58.0,69.0,58.0,51.0,115.20370370370372,60.0,64.0,59.0,56.0
2016,4,3,51.10203703703704,93.60666666666668,31.36388888888889,115.20370370370372,59.0,63.0,58.0,56.0,58.0,115.20370370370372,67.0,64.0,79.0,75.0
2016,4,3,51.10203703703704,93.60666666666668,31.36388888888889,115.20370370370372,79.0,59.0,63.0,75.0,56.0,115.20370370370372,69.0,66.16666666666667,69.0,66.0
2016,5,3,40.6472131147541,82.30786885245901,30.10377049180328,101.63934426229508,69.0,79.0,59.0,66.0,75.0,115.20370370370372,75.0,67.5,77.0,70.0
2016,5,3,40.6472131147541,82.30786885245901,30.10377049180328,101.63934426229508,77.0,69.0,79.0,70.0,66.0,101.63934426229508,69.0,68.0,61.0,54.0
2016,5,3,40.6472131147541,82.30786885245901,30.10377049180328,101.63934426229508,61.0,77.0,69.0,54.0,70.0,101.63934426229508,72.33333333333333,70.66666666666667,79.0,76.0
2016,5,3,40.6472131147541,82.30786885245901,30.10377049180328,101.63934426229508,79.0,61.0,77.0,76.0,54.0,101.63934426229508,66.66666666666667,70.83333333333333,60.0,54.0
2016,5,3,40.6472131147541,82.30786885245901,30.10377049180328,101.63934426229508,60.0,79.0,61.0,54.0,76.0,101.63934426229508,70.0,69.5,71.0,66.0
2016,5,3,40.6472131147541,82.30786885245901,30.10377049180328,101.63934426229508,71.0,60.0,79.0,66.0,54.0,101.63934426229508,63.666666666666664,68.0,60.0,57.0
2016,5,3,40.6472131147541,82.30786885245901,30.10377049180328,101.63934426229508,60.0,71.0,60.0,57.0,66.0,101.63934426229508,65.33333333333333,66.0,65.0,63.0
2016,5,3,40.6472131147541,82.30786885245901,30.10377049180328,101.63934426229508,65.0,60.0,71.0,63.0,57.0,101.63934426229508,62.333333333333336,66.16666666666667,62.0,62.0
2016,5,3,40.6472131147541,82.30786885245901,30.10377049180328,101.63934426229508,62.0,65.0,60.0,62.0,63.0,101.63934426229508,68.66666666666667,66.16666666666667,79.0,75.0
2016,5,3,40.6472131147541,82.30786885245901,30.10377049180328,101.63934426229508,79.0,62.0,65.0,75.0,62.0,101.63934426229508,70.66666666666667,68.0,71.0,68.0
2016,6,3,61.764333333333326,91.12999999999998,12.870666666666668,139.03333333333333,71.0,79.0,62.0,68.0,75.0,101.63934426229508,76.0,69.16666666666667,78.0,72.0
2016,6,3,61.764333333333326,91.12999999999998,12.870666666666668,139.03333333333333,78.0,71.0,79.0,72.0,68.0,139.03333333333333,69.66666666666667,69.16666666666667,60.0,53.0
2016,6,3,61.764333333333326,91.12999999999998,12.870666666666668,139.03333333333333,60.0,78.0,71.0,53.0,72.0,139.03333333333333,72.0,71.33333333333333,78.0,80.0
2016,6,3,61.764333333333326,91.12999999999998,12.870666666666668,139.03333333333333,78.0,60.0,78.0,80.0,53.0,139.03333333333333,65.0,70.5,57.0,52.0
2016,6,3,61.764333333333326,91.12999999999998,12.870666666666668,139.03333333333333,57.0,78.0,60.0,52.0,80.0,139.03333333333333,68.66666666666667,69.16666666666667,71.0,66.0
2016,6,3,61.764333333333326,91.12999999999998,12.870666666666668,139.03333333333333,71.0,57.0,78.0,66.0,52.0,139.03333333333333,63.666666666666664,67.83333333333333,63.0,61.0
2016,6,3,61.764333333333326,91.12999999999998,12.870666666666668,139.03333333333333,63.0,71.0,57.0,61.0,66.0,139.03333333333333,66.66666666666667,65.83333333333333,66.0,62.0
2016,6,3,61.764333333333326,91.12999999999998,12.870666666666668,139.03333333333333,66.0,63.0,71.0,62.0,61.0,139.03333333333333,64.66666666666667,66.66666666666667,65.0,61.0
2016,6,3,61.764333333333326,91.12999999999998,12.870666666666668,139.03333333333333,65.0,66.0,63.0,61.0,62.0,139.03333333333333,70.33333333333333,67.0,80.0,75.0
2016,6,3,61.764333333333326,91.12999999999998,12.870666666666668,139.03333333333333,80.0,65.0,66.0,75.0,61.0,139.03333333333333,72.33333333333333,69.5,72.0,68.0
2016,7,3,47.34322580645161,91.13,10.560967741935483,156.2258064516129,72.0,80.0,65.0,68.0,75.0,139.03333333333333,77.0,70.83333333333333,79.0,73.0
2016,7,3,47.34322580645161,91.13,10.560967741935483,156.2258064516129,79.0,72.0,80.0,73.0,68.0,156.2258064516129,70.33333333333333,70.33333333333333,60.0,53.0
2016,7,3,47.34322580645161,91.13,10.560967741935483,156.2258064516129,60.0,79.0,72.0,53.0,73.0,156.2258064516129,73.0,72.66666666666667,80.0,76.0
2016,7,3,47.34322580645161,91.13,10.560967741935483,156.2258064516129,80.0,60.0,79.0,76.0,53.0,156.2258064516129,65.33333333333333,71.16666666666667,56.0,52.0
2016,7,3,47.34322580645161,91.13,10.560967741935483,156.2258064516129,56.0,80.0,60.0,52.0,76.0,156.2258064516129,69.0,69.66666666666667,71.0,67.0
2016,7,3,47.34322580645161,91.13,10.560967741935483,156.2258064516129,71.0,56.0,80.0,67.0,52.0,156.2258064516129,63.666666666666664,68.33333333333333,64.0,61.0
2016,7,3,47.34322580645161,91.13,10.560967741935483,156.2258064516129,64.0,71.0,56.0,61.0,67.0,156.2258064516129,68.0,66.66666666666667,69.0,63.0
2016,7,3,47.34322580645161,91.13,10.560967741935483,156.2258064516129,69.0,64.0,71.0,63.0,61.0,156.2258064516129,66.0,67.5,65.0,62.0
2016,7,3,47.34322580645161,91.13,10.560967741935483,156.2258064516129,65.0,69.0,64.0,62.0,63.0,156.2258064516129,71.66666666666667,67.66666666666667,81.0,76.0
2016,7,3,47.34322580645161,91.13,10.560967741935483,156.2258064516129,81.0,65.0,69.0,76.0,62.0,156.2258064516129,72.66666666666667,70.33333333333333,72.0,68.0
2016,8,3,9.878125,80.7325,9.533125,113.0,72.0,81.0,65.0,68.0,76.0,156.2258064516129,77.33333333333333,71.66666666666667,79.0,71.0
2016,8,3,9.878125,80.7325,9.533125,113.0,79.0,72.0,81.0,71.0,68.0,113.0,70.66666666666667,71.16666666666667,61.0,52.0
2016,8,3,9.878125,80.7325,9.533125,113.0,61.0,79.0,72.0,52.0,71.0,113.0,73.33333333333333,73.0,80.0,75.0
2016,8,3,9.878125,80.7325,9.533125,113.0,80.0,61.0,79.0,75.0,52.0,113.0,66.0,71.66666666666667,57.0,54.0
2016,8,3,9.878125,80.7325,9.533125,113.0,57.0,80.0,61.0,54.0,75.0,113.0,69.66666666666667,70.16666666666667,72.0,67.0
2016,8,3,9.878125,80.7325,9.533125,113.0,72.0,57.0,80.0,67.0,54.0,113.0,64.0,68.66666666666667,63.0,62.0
2016,8,3,9.878125,80.7325,9.533125,113.0,63.0,72.0,57.0,62.0,67.0,113.0,69.33333333333333,67.66666666666667,73.0,72.0
2016,8,3,9.878125,80.7325,9.533125,113.0,73.0,63.0,72.0,72.0,62.0,113.0,67.33333333333333,68.5,66.0,60.0
2016,8,3,9.878125,80.7325,9.533125,113.0,66.0,73.0,63.0,60.0,72.0,113.0,73.33333333333333,68.66666666666667,81.0,76.0
2016,8,3,9.878125,80.7325,9.533125,113.0,81.0,66.0,73.0,76.0,60.0,113.0,73.33333333333333,71.33333333333333,73.0,69.0
2016,9,3,22.031379310344825,55.6851724137931,52.311379310344826,78.10344827586206,73.0,81.0,66.0,69.0,76.0,113.0,77.33333333333333,72.33333333333333,78.0,71.0
2016,9,3,22.031379310344825,55.6851724137931,52.311379310344826,78.10344827586206,78.0,73.0,81.0,71.0,69.0,78.10344827586206,70.33333333333333,71.83333333333333,60.0,53.0
2016,9,3,22.031379310344825,55.6851724137931,52.311379310344826,78.10344827586206,60.0,78.0,73.0,53.0,71.0,78.10344827586206,72.66666666666667,73.0,80.0,74.0
2016,9,3,22.031379310344825,55.6851724137931,52.311379310344826,78.10344827586206,80.0,60.0,78.0,74.0,53.0,78.10344827586206,65.66666666666667,71.5,57.0,53.0
2016,9,3,22.031379310344825,55.6851724137931,52.311379310344826,78.10344827586206,57.0,80.0,60.0,53.0,74.0,78.10344827586206,69.33333333333333,69.83333333333333,71.0,63.0
2016,9,3,22.031379310344825,55.6851724137931,52.311379310344826,78.10344827586206,71.0,57.0,80.0,63.0,53.0,78.10344827586206,64.66666666666667,68.66666666666667,66.0,66.0
2016,9,3,22.031379310344825,55.6851724137931,52.311379310344826,78.10344827586206,66.0,71.0,57.0,66.0,63.0,78.10344827586206,68.66666666666667,67.16666666666667,69.0,64.0
2016,9,3,22.031379310344825,55.6851724137931,52.311379310344826,78.10344827586206,69.0,66.0,71.0,64.0,66.0,78.10344827586206,70.0,69.66666666666667,75.0,65.0
2016,9,3,22.031379310344825,55.6851724137931,52.311379310344826,78.10344827586206,75.0,69.0,66.0,65.0,64.0,78.10344827586206,73.0,68.83333333333333,75.0,71.0
2016,9,3,22.031379310344825,55.6851724137931,52.311379310344826,78.10344827586206,75.0,75.0,69.0,71.0,65.0,78.10344827586206,75.33333333333333,72.0,76.0,71.0
2016,10,3,43.54600000000001,82.26866666666666,55.712,93.76666666666668,76.0,75.0,75.0,71.0,71.0,78.10344827586206,75.66666666666667,72.83333333333333,76.0,67.0
2016,10,3,43.54600000000001,82.26866666666666,55.712,93.76666666666668,76.0,76.0,75.0,67.0,71.0,93.76666666666668,70.66666666666667,71.83333333333333,60.0,53.0
2016,10,3,43.54600000000001,82.26866666666666,55.712,93.76666666666668,60.0,76.0,76.0,53.0,67.0,93.76666666666668,70.33333333333333,72.83333333333333,75.0,66.0
2016,10,3,43.54600000000001,82.26866666666666,55.712,93.76666666666668,75.0,60.0,76.0,66.0,53.0,93.76666666666668,64.0,69.83333333333333,57.0,50.0
2016,10,3,43.54600000000001,82.26866666666666,55.712,93.76666666666668,57.0,75.0,60.0,50.0,66.0,93.76666666666668,66.66666666666667,68.66666666666667,68.0,61.0
2016,10,3,43.54600000000001,82.26866666666666,55.712,93.76666666666668,68.0,57.0,75.0,61.0,50.0,93.76666666666668,62.333333333333336,66.33333333333333,62.0,52.0
2016,10,3,43.54600000000001,82.26866666666666,55.712,93.76666666666668,62.0,68.0,57.0,52.0,61.0,93.76666666666668,68.0,66.0,74.0,72.0
2016,10,3,43.54600000000001,82.26866666666666,55.712,93.76666666666668,74.0,62.0,68.0,72.0,52.0,93.76666666666668,65.33333333333333,66.0,60.0,50.0
2016,10,3,43.54600000000001,82.26866666666666,55.712,93.76666666666668,60.0,74.0,62.0,50.0,72.0,93.76666666666668,69.66666666666667,66.0,75.0,72.0
2016,10,3,43.54600000000001,82.26866666666666,55.712,93.76666666666668,75.0,60.0,74.0,72.0,50.0,93.76666666666668,70.0,69.0,75.0,75.0
2016,11,3,61.15870967741936,99.30290322580645,38.19451612903226,124.29032258064515,75.0,75.0,60.0,75.0,72.0,93.76666666666668,74.33333333333333,69.83333333333333,73.0,65.0
2016,11,3,61.15870967741936,99.30290322580645,38.19451612903226,124.29032258064515,73.0,75.0,75.0,65.0,75.0,124.29032258064515,69.66666666666667,69.66666666666667,61.0,57.0
2016,11,3,61.15870967741936,99.30290322580645,38.19451612903226,124.29032258064515,61.0,73.0,75.0,57.0,65.0,124.29032258064515,68.33333333333333,69.16666666666667,71.0,63.0
2016,11,3,61.15870967741936,99.30290322580645,38.19451612903226,124.29032258064515,71.0,61.0,73.0,63.0,57.0,124.29032258064515,61.666666666666664,68.0,53.0,49.0
2016,11,3,61.15870967741936,99.30290322580645,38.19451612903226,124.29032258064515,53.0,71.0,61.0,49.0,63.0,124.29032258064515,63.0,66.33333333333333,65.0,58.0
2016,11,3,61.15870967741936,99.30290322580645,38.19451612903226,124.29032258064515,65.0,53.0,71.0,58.0,49.0,124.29032258064515,59.0,63.666666666666664,59.0,52.0
2016,11,3,61.15870967741936,99.30290322580645,38.19451612903226,124.29032258064515,59.0,65.0,53.0,52.0,58.0,124.29032258064515,64.33333333333333,63.0,69.0,68.0
2016,11,3,61.15870967741936,99.30290322580645,38.19451612903226,124.29032258064515,69.0,59.0,65.0,68.0,52.0,124.29032258064515,62.0,62.5,58.0,50.0
2016,11,3,61.15870967741936,99.30290322580645,38.19451612903226,124.29032258064515,58.0,69.0,59.0,50.0,68.0,124.29032258064515,66.33333333333333,62.666666666666664,72.0,72.0
2016,11,3,61.15870967741936,99.30290322580645,38.19451612903226,124.29032258064515,72.0,58.0,69.0,72.0,50.0,124.29032258064515,66.33333333333333,65.33333333333333,69.0,65.0
2016,12,3,59.08709677419355,97.8583870967742,57.12322580645161,112.4516129032258,69.0,72.0,58.0,65.0,72.0,124.29032258064515,71.33333333333333,66.66666666666667,73.0,65.0
2016,12,3,59.08709677419355,97.8583870967742,57.12322580645161,112.4516129032258,73.0,69.0,72.0,65.0,65.0,112.4516129032258,67.66666666666667,67.0,61.0,54.0
2016,12,3,59.08709677419355,97.8583870967742,57.12322580645161,112.4516129032258,61.0,73.0,69.0,54.0,65.0,112.4516129032258,68.33333333333333,67.33333333333333,71.0,64.0
2016,12,3,59.08709677419355,97.8583870967742,57.12322580645161,112.4516129032258,71.0,61.0,73.0,64.0,54.0,112.4516129032258,62.0,66.66666666666667,54.0,50.0
2016,12,3,59.08709677419355,97.8583870967742,57.12322580645161,112.4516129032258,54.0,71.0,61.0,50.0,64.0,112.4516129032258,63.0,65.33333333333333,64.0,57.0
2016,12,3,59.08709677419355,97.8583870967742,57.12322580645161,112.4516129032258,64.0,54.0,71.0,57.0,50.0,112.4516129032258,59.666666666666664,64.0,61.0,59.0
2016,12,3,59.08709677419355,97.8583870967742,57.12322580645161,112.4516129032258,61.0,64.0,54.0,59.0,57.0,112.4516129032258,65.0,63.5,70.0,67.0
2016,12,3,59.08709677419355,97.8583870967742,57.12322580645161,112.4516129032258,70.0,61.0,64.0,67.0,59.0,112.4516129032258,63.333333333333336,63.166666666666664,59.0,57.0
2016,12,3,59.08709677419355,97.8583870967742,57.12322580645161,112.4516129032258,59.0,70.0,61.0,57.0,67.0,112.4516129032258,67.33333333333333,63.5,73.0,72.0
2016,12,3,59.08709677419355,97.8583870967742,57.12322580645161,112.4516129032258,73.0,59.0,70.0,72.0,57.0,112.4516129032258,67.33333333333333,66.16666666666667,70.0,68.0
2017,1,3,73.02677419354839,129.51225806451615,47.542258064516126,149.4193548387097,70.0,73.0,59.0,68.0,72.0,112.4516129032258,72.33333333333333,67.83333333333333,74.0,65.0
2017,1,3,73.02677419354839,129.51225806451615,47.542258064516126,149.4193548387097,74.0,70.0,73.0,65.0,68.0,149.4193548387097,68.0,67.66666666666667,60.0,54.0
2017,1,3,73.02677419354839,129.51225806451615,47.542258064516126,149.4193548387097,60.0,74.0,70.0,54.0,65.0,149.4193548387097,68.33333333333333,67.83333333333333,71.0,63.0
2017,1,3,73.02677419354839,129.51225806451615,47.542258064516126,149.4193548387097,71.0,60.0,74.0,63.0,54.0,149.4193548387097,61.666666666666664,67.0,54.0,48.0
2017,1,3,73.02677419354839,129.51225806451615,47.542258064516126,149.4193548387097,54.0,71.0,60.0,48.0,63.0,149.4193548387097,63.0,65.5,64.0,57.0
2017,1,3,73.02677419354839,129.51225806451615,47.542258064516126,149.4193548387097,64.0,54.0,71.0,57.0,48.0,149.4193548387097,61.333333333333336,64.83333333333333,66.0,54.0
2017,1,3,73.02677419354839,129.51225806451615,47.542258064516126,149.4193548387097,66.0,64.0,54.0,54.0,57.0,149.4193548387097,69.0,65.33333333333333,77.0,74.0
2017,1,3,73.02677419354839,129.51225806451615,47.542258064516126,149.4193548387097,77.0,66.0,64.0,74.0,54.0,149.4193548387097,67.0,65.0,58.0,51.0
2017,1,3,73.02677419354839,129.51225806451615,47.542258064516126,149.4193548387097,58.0,77.0,66.0,51.0,74.0,149.4193548387097,69.0,65.16666666666667,72.0,72.0
2017,1,3,73.02677419354839,129.51225806451615,47.542258064516126,149.4193548387097,72.0,58.0,77.0,72.0,51.0,149.4193548387097,66.33333333333333,67.66666666666667,69.0,64.0
2017,2,3,64.55659090909091,149.70113636363638,42.41045454545454,148.0681818181818,69.0,72.0,58.0,64.0,72.0,149.4193548387097,71.33333333333333,69.16666666666667,73.0,66.0
2017,2,3,64.55659090909091,149.70113636363638,42.41045454545454,148.0681818181818,73.0,69.0,72.0,66.0,64.0,148.0681818181818,67.33333333333333,68.16666666666667,60.0,54.0
2017,2,3,64.55659090909091,149.70113636363638,42.41045454545454,148.0681818181818,60.0,73.0,69.0,54.0,66.0,148.0681818181818,68.0,67.16666666666667,71.0,64.0
2017,2,3,64.55659090909091,149.70113636363638,42.41045454545454,148.0681818181818,71.0,60.0,73.0,64.0,54.0,148.0681818181818,62.0,66.66666666666667,55.0,49.0
2017,2,3,64.55659090909091,149.70113636363638,42.41045454545454,148.0681818181818,55.0,71.0,60.0,49.0,64.0,148.0681818181818,64.0,65.66666666666667,66.0,59.0
2017,2,3,64.55659090909091,149.70113636363638,42.41045454545454,148.0681818181818,66.0,55.0,71.0,59.0,49.0,148.0681818181818,65.0,66.5,74.0,71.0
2017,2,3,64.55659090909091,149.70113636363638,42.41045454545454,148.0681818181818,74.0,66.0,55.0,71.0,59.0,148.0681818181818,72.0,67.0,76.0,75.0
2017,2,3,64.55659090909091,149.70113636363638,42.41045454545454,148.0681818181818,76.0,74.0,66.0,75.0,71.0,148.0681818181818,70.33333333333333,67.16666666666667,61.0,52.0
2017,2,3,64.55659090909091,149.70113636363638,42.41045454545454,148.0681818181818,61.0,76.0,74.0,52.0,75.0,148.0681818181818,70.0,67.5,73.0,72.0
2017,2,3,64.55659090909091,149.70113636363638,42.41045454545454,148.0681818181818,73.0,61.0,76.0,72.0,52.0,148.0681818181818,67.66666666666667,69.83333333333333,69.0,65.0
2017,3,3,49.55467741935484,132.32693548387098,35.98967741935484,134.9193548387097,69.0,73.0,61.0,65.0,72.0,148.0681818181818,72.0,71.16666666666667,74.0,66.0
2017,3,3,49.55467741935484,132.32693548387098,35.98967741935484,134.9193548387097,74.0,69.0,73.0,66.0,65.0,134.9193548387097,67.66666666666667,68.83333333333333,60.0,53.0
2017,3,3,49.55467741935484,132.32693548387098,35.98967741935484,134.9193548387097,60.0,74.0,69.0,53.0,66.0,134.9193548387097,68.33333333333333,68.0,71.0,64.0
2017,3,3,49.55467741935484,132.32693548387098,35.98967741935484,134.9193548387097,71.0,60.0,74.0,64.0,53.0,134.9193548387097,62.333333333333336,67.16666666666667,56.0,49.0
2017,3,3,49.55467741935484,132.32693548387098,35.98967741935484,134.9193548387097,56.0,71.0,60.0,49.0,64.0,134.9193548387097,64.33333333333333,66.0,66.0,59.0
2017,3,3,49.55467741935484,132.32693548387098,35.98967741935484,134.9193548387097,66.0,56.0,71.0,59.0,49.0,134.9193548387097,61.666666666666664,65.0,63.0,52.0
2017,3,3,49.55467741935484,132.32693548387098,35.98967741935484,134.9193548387097,63.0,66.0,56.0,52.0,59.0,134.9193548387097,67.66666666666667,65.0,74.0,76.0
2017,3,3,49.55467741935484,132.32693548387098,35.98967741935484,134.9193548387097,74.0,63.0,66.0,76.0,52.0,134.9193548387097,65.33333333333333,64.83333333333333,59.0,53.0
2017,3,3,49.55467741935484,132.32693548387098,35.98967741935484,134.9193548387097,59.0,74.0,63.0,53.0,76.0,134.9193548387097,68.66666666666667,65.16666666666667,73.0,73.0
2017,3,3,49.55467741935484,132.32693548387098,35.98967741935484,134.9193548387097,73.0,59.0,74.0,73.0,53.0,134.9193548387097,67.0,67.33333333333333,69.0,65.0
2017,4,3,58.205666666666666,169.10783333333333,37.88433333333333,148.43333333333334,69.0,73.0,59.0,65.0,73.0,134.9193548387097,71.66666666666667,68.5,73.0,65.0
2017,4,3,58.205666666666666,169.10783333333333,37.88433333333333,148.43333333333334,73.0,69.0,73.0,65.0,65.0,148.43333333333334,67.33333333333333,68.0,60.0,55.0
2017,4,3,58.205666666666666,169.10783333333333,37.88433333333333,148.43333333333334,60.0,73.0,69.0,55.0,65.0,148.43333333333334,68.33333333333333,67.66666666666667,72.0,66.0
2017,4,3,58.205666666666666,169.10783333333333,37.88433333333333,148.43333333333334,72.0,60.0,73.0,66.0,55.0,148.43333333333334,62.666666666666664,67.16666666666667,56.0,51.0
2017,4,3,58.205666666666666,169.10783333333333,37.88433333333333,148.43333333333334,56.0,72.0,60.0,51.0,66.0,148.43333333333334,64.33333333333333,65.83333333333333,65.0,59.0
2017,4,3,58.205666666666666,169.10783333333333,37.88433333333333,148.43333333333334,65.0,56.0,72.0,59.0,51.0,148.43333333333334,66.33333333333333,67.33333333333333,78.0,75.0
2017,4,3,58.205666666666666,169.10783333333333,37.88433333333333,148.43333333333334,78.0,65.0,56.0,75.0,59.0,148.43333333333334,72.66666666666667,67.66666666666667,75.0,80.0
2017,4,3,58.205666666666666,169.10783333333333,37.88433333333333,148.43333333333334,75.0,78.0,65.0,80.0,75.0,148.43333333333334,73.33333333333333,68.83333333333333,67.0,61.0
2017,4,3,58.205666666666666,169.10783333333333,37.88433333333333,148.43333333333334,67.0,75.0,78.0,61.0,80.0,148.43333333333334,72.0,69.16666666666667,74.0,73.0
2017,4,3,58.205666666666666,169.10783333333333,37.88433333333333,148.43333333333334,74.0,67.0,75.0,73.0,61.0,148.43333333333334,70.66666666666667,71.66666666666667,71.0,65.0
2017,5,3,35.26229508196721,102.0855737704918,41.97426229508197,112.72131147540983,71.0,74.0,67.0,65.0,73.0,148.43333333333334,72.66666666666667,73.0,73.0,65.0
2017,5,3,35.26229508196721,102.0855737704918,41.97426229508197,112.72131147540983,73.0,71.0,74.0,65.0,65.0,112.72131147540983,68.0,70.0,60.0,55.0
2017,5,3,35.26229508196721,102.0855737704918,41.97426229508197,112.72131147540983,60.0,73.0,71.0,55.0,65.0,112.72131147540983,68.66666666666667,69.66666666666667,73.0,67.0
2017,5,3,35.26229508196721,102.0855737704918,41.97426229508197,112.72131147540983,73.0,60.0,73.0,67.0,55.0,112.72131147540983,63.333333333333336,68.0,57.0,52.0
2017,5,3,35.26229508196721,102.0855737704918,41.97426229508197,112.72131147540983,57.0,73.0,60.0,52.0,67.0,112.72131147540983,65.33333333333333,66.66666666666667,66.0,59.0
2017,5,3,35.26229508196721,102.0855737704918,41.97426229508197,112.72131147540983,66.0,57.0,73.0,59.0,52.0,112.72131147540983,61.333333333333336,65.0,61.0,56.0
2017,5,3,35.26229508196721,102.0855737704918,41.97426229508197,112.72131147540983,61.0,66.0,57.0,56.0,59.0,112.72131147540983,67.33333333333333,65.33333333333333,75.0,80.0
2017,5,3,35.26229508196721,102.0855737704918,41.97426229508197,112.72131147540983,75.0,61.0,66.0,80.0,56.0,112.72131147540983,70.0,67.66666666666667,74.0,77.0
2017,5,3,35.26229508196721,102.0855737704918,41.97426229508197,112.72131147540983,74.0,75.0,61.0,77.0,80.0,112.72131147540983,74.33333333333333,67.83333333333333,74.0,73.0
2017,5,3,35.26229508196721,102.0855737704918,41.97426229508197,112.72131147540983,74.0,74.0,75.0,73.0,77.0,112.72131147540983,73.33333333333333,70.33333333333333,72.0,70.0
2017,6,3,11.592051282051282,34.0774358974359,15.778333333333334,73.8974358974359,72.0,74.0,74.0,70.0,73.0,112.72131147540983,73.66666666666667,71.83333333333333,75.0,70.0
2017,6,3,11.592051282051282,34.0774358974359,15.778333333333334,73.8974358974359,75.0,72.0,74.0,70.0,70.0,73.8974358974359,69.33333333333333,71.83333333333333,61.0,58.0
2017,6,3,11.592051282051282,34.0774358974359,15.778333333333334,73.8974358974359,61.0,75.0,72.0,58.0,70.0,73.8974358974359,69.33333333333333,71.33333333333333,72.0,66.0
2017,6,3,11.592051282051282,34.0774358974359,15.778333333333334,73.8974358974359,72.0,61.0,75.0,66.0,58.0,73.8974358974359,63.333333333333336,68.5,57.0,52.0
2017,6,3,11.592051282051282,34.0774358974359,15.778333333333334,73.8974358974359,57.0,72.0,61.0,52.0,66.0,73.8974358974359,65.0,67.16666666666667,66.0,62.0
2017,6,3,11.592051282051282,34.0774358974359,15.778333333333334,73.8974358974359,66.0,57.0,72.0,62.0,52.0,73.8974358974359,62.0,65.66666666666667,63.0,59.0
2017,6,3,11.592051282051282,34.0774358974359,15.778333333333334,73.8974358974359,63.0,66.0,57.0,59.0,62.0,73.8974358974359,67.66666666666667,65.5,74.0,74.0
2017,6,3,11.592051282051282,34.0774358974359,15.778333333333334,73.8974358974359,74.0,63.0,66.0,74.0,59.0,73.8974358974359,66.33333333333333,65.66666666666667,62.0,62.0
2017,6,3,11.592051282051282,34.0774358974359,15.778333333333334,73.8974358974359,62.0,74.0,63.0,62.0,74.0,73.8974358974359,69.66666666666667,65.83333333333333,73.0,73.0
2017,6,3,11.592051282051282,34.0774358974359,15.778333333333334,73.8974358974359,73.0,62.0,74.0,73.0,62.0,73.8974358974359,68.66666666666667,68.16666666666667,71.0,67.0
2017,7,3,13.907204301075268,45.373763440860216,13.439247311827955,61.053763440860216,71.0,73.0,62.0,67.0,73.0,73.8974358974359,73.0,69.66666666666667,75.0,68.0
2017,7,3,13.907204301075268,45.373763440860216,13.439247311827955,61.053763440860216,75.0,71.0,73.0,68.0,67.0,61.053763440860216,69.0,69.33333333333333,61.0,55.0
2017,7,3,13.907204301075268,45.373763440860216,13.439247311827955,61.053763440860216,61.0,75.0,71.0,55.0,68.0,61.053763440860216,69.33333333333333,69.0,72.0,65.0
2017,7,3,13.907204301075268,45.373763440860216,13.439247311827955,61.053763440860216,72.0,61.0,75.0,65.0,55.0,61.053763440860216,62.666666666666664,67.83333333333333,55.0,50.0
2017,7,3,13.907204301075268,45.373763440860216,13.439247311827955,61.053763440860216,55.0,72.0,61.0,50.0,65.0,61.053763440860216,64.66666666666667,66.83333333333333,67.0,65.0
2017,7,3,13.907204301075268,45.373763440860216,13.439247311827955,61.053763440860216,67.0,55.0,72.0,65.0,50.0,61.053763440860216,62.0,65.66666666666667,64.0,60.0
2017,7,3,13.907204301075268,45.373763440860216,13.439247311827955,61.053763440860216,64.0,67.0,55.0,60.0,65.0,61.053763440860216,68.66666666666667,65.66666666666667,75.0,76.0
2017,7,3,13.907204301075268,45.373763440860216,13.439247311827955,61.053763440860216,75.0,64.0,67.0,76.0,60.0,61.053763440860216,67.0,65.83333333333333,62.0,59.0
2017,7,3,13.907204301075268,45.373763440860216,13.439247311827955,61.053763440860216,62.0,75.0,64.0,59.0,76.0,61.053763440860216,70.0,66.0,73.0,73.0
2017,7,3,13.907204301075268,45.373763440860216,13.439247311827955,61.053763440860216,73.0,62.0,75.0,73.0,59.0,61.053763440860216,69.0,68.83333333333333,72.0,68.0
2017,8,3,15.92967741935484,44.18913978494624,14.307096774193548,64.78494623655914,72.0,73.0,62.0,68.0,73.0,61.053763440860216,73.33333333333333,70.16666666666667,75.0,67.0
2017,8,3,15.92967741935484,44.18913978494624,14.307096774193548,64.78494623655914,75.0,72.0,73.0,67.0,68.0,64.78494623655914,69.0,69.5,60.0,54.0
2017,8,3,15.92967741935484,44.18913978494624,14.307096774193548,64.78494623655914,60.0,75.0,72.0,54.0,67.0,64.78494623655914,69.0,69.0,72.0,65.0
2017,8,3,15.92967741935484,44.18913978494624,14.307096774193548,64.78494623655914,72.0,60.0,75.0,65.0,54.0,64.78494623655914,64.33333333333333,68.83333333333333,61.0,53.0
2017,8,3,15.92967741935484,44.18913978494624,14.307096774193548,64.78494623655914,61.0,72.0,60.0,53.0,65.0,64.78494623655914,66.33333333333333,67.66666666666667,66.0,59.0
2017,8,3,15.92967741935484,44.18913978494624,14.307096774193548,64.78494623655914,66.0,61.0,72.0,59.0,53.0,64.78494623655914,63.0,66.0,62.0,55.0
2017,8,3,15.92967741935484,44.18913978494624,14.307096774193548,64.78494623655914,62.0,66.0,61.0,55.0,59.0,64.78494623655914,70.0,67.16666666666667,82.0,73.0
2017,8,3,15.92967741935484,44.18913978494624,14.307096774193548,64.78494623655914,82.0,62.0,66.0,73.0,55.0,64.78494623655914,67.33333333333333,66.83333333333333,58.0,54.0
2017,8,3,15.92967741935484,44.18913978494624,14.307096774193548,64.78494623655914,58.0,82.0,62.0,54.0,73.0,64.78494623655914,71.0,67.0,73.0,73.0
2017,8,3,15.92967741935484,44.18913978494624,14.307096774193548,64.78494623655914,73.0,58.0,82.0,73.0,54.0,64.78494623655914,67.33333333333333,68.66666666666667,71.0,66.0
2017,9,3,25.1635,56.8713,17.256700000000002,75.57,71.0,73.0,58.0,66.0,73.0,64.78494623655914,72.66666666666667,70.0,74.0,67.0
2017,9,3,25.1635,56.8713,17.256700000000002,75.57,74.0,71.0,73.0,67.0,66.0,75.57,70.0,70.5,65.0,58.0
2017,9,3,25.1635,56.8713,17.256700000000002,75.57,65.0,74.0,71.0,58.0,67.0,75.57,70.33333333333333,68.83333333333333,72.0,65.0
2017,9,3,25.1635,56.8713,17.256700000000002,75.57,72.0,65.0,74.0,65.0,58.0,75.57,65.0,68.83333333333333,58.0,50.0
2017,9,3,25.1635,56.8713,17.256700000000002,75.57,58.0,72.0,65.0,50.0,65.0,75.57,66.0,68.0,68.0,60.0
2017,9,3,25.1635,56.8713,17.256700000000002,75.57,68.0,58.0,72.0,60.0,50.0,75.57,62.333333333333336,66.33333333333333,61.0,54.0
2017,9,3,25.1635,56.8713,17.256700000000002,75.57,61.0,68.0,58.0,54.0,60.0,75.57,71.0,68.0,84.0,75.0
2017,9,3,25.1635,56.8713,17.256700000000002,75.57,84.0,61.0,68.0,75.0,54.0,75.57,67.66666666666667,66.83333333333333,58.0,51.0
2017,9,3,25.1635,56.8713,17.256700000000002,75.57,58.0,84.0,61.0,51.0,75.0,75.57,71.33333333333333,66.83333333333333,72.0,72.0
2017,9,3,25.1635,56.8713,17.256700000000002,75.57,72.0,58.0,84.0,72.0,51.0,75.57,66.66666666666667,68.83333333333333,70.0,65.0
2017,10,3,38.8806329113924,79.08784810126582,22.465632911392404,102.81645569620254,70.0,72.0,58.0,65.0,72.0,75.57,72.0,69.83333333333333,74.0,66.0
2017,10,3,38.8806329113924,79.08784810126582,22.465632911392404,102.81645569620254,74.0,70.0,72.0,66.0,65.0,102.81645569620254,68.66666666666667,70.0,62.0,56.0
2017,10,3,38.8806329113924,79.08784810126582,22.465632911392404,102.81645569620254,62.0,74.0,70.0,56.0,66.0,102.81645569620254,69.33333333333333,68.0,72.0,67.0
2017,10,3,38.8806329113924,79.08784810126582,22.465632911392404,102.81645569620254,72.0,62.0,74.0,67.0,56.0,102.81645569620254,63.0,67.5,55.0,50.0
2017,10,3,38.8806329113924,79.08784810126582,22.465632911392404,102.81645569620254,55.0,72.0,62.0,50.0,67.0,102.81645569620254,66.33333333333333,67.5,72.0,67.0
2017,10,3,38.8806329113924,79.08784810126582,22.465632911392404,102.81645569620254,72.0,55.0,72.0,67.0,50.0,102.81645569620254,62.333333333333336,65.83333333333333,60.0,54.0
2017,10,3,38.8806329113924,79.08784810126582,22.465632911392404,102.81645569620254,60.0,72.0,55.0,54.0,67.0,102.81645569620254,72.0,67.5,84.0,77.0
2017,10,3,38.8806329113924,79.08784810126582,22.465632911392404,102.81645569620254,84.0,60.0,72.0,77.0,54.0,102.81645569620254,66.66666666666667,66.5,56.0,50.0
2017,10,3,38.8806329113924,79.08784810126582,22.465632911392404,102.81645569620254,56.0,84.0,60.0,50.0,77.0,102.81645569620254,70.33333333333333,66.33333333333333,71.0,64.0
2017,10,3,38.8806329113924,79.08784810126582,22.465632911392404,102.81645569620254,71.0,56.0,84.0,64.0,50.0,102.81645569620254,66.0,69.0,71.0,65.0
2017,11,3,56.62422857142857,102.80651428571429,39.730914285714285,120.99428571428572,71.0,71.0,56.0,65.0,64.0,102.81645569620254,72.0,69.33333333333333,74.0,65.0
2017,11,3,56.62422857142857,102.80651428571429,39.730914285714285,120.99428571428572,74.0,71.0,71.0,65.0,65.0,120.99428571428572,68.66666666666667,69.5,61.0,56.0
2017,11,3,56.62422857142857,102.80651428571429,39.730914285714285,120.99428571428572,61.0,74.0,71.0,56.0,65.0,120.99428571428572,68.66666666666667,67.33333333333333,71.0,64.0
2017,11,3,56.62422857142857,102.80651428571429,39.730914285714285,120.99428571428572,71.0,61.0,74.0,64.0,56.0,120.99428571428572,62.333333333333336,67.16666666666667,55.0,49.0
2017,11,3,56.62422857142857,102.80651428571429,39.730914285714285,120.99428571428572,55.0,71.0,61.0,49.0,64.0,120.99428571428572,68.0,68.33333333333333,78.0,80.0
2017,11,3,56.62422857142857,102.80651428571429,39.730914285714285,120.99428571428572,78.0,55.0,71.0,80.0,49.0,120.99428571428572,66.0,67.33333333333333,65.0,63.0
2017,11,3,56.62422857142857,102.80651428571429,39.730914285714285,120.99428571428572,65.0,78.0,55.0,63.0,80.0,120.99428571428572,75.0,68.66666666666667,82.0,72.0
2017,11,3,56.62422857142857,102.80651428571429,39.730914285714285,120.99428571428572,82.0,65.0,78.0,72.0,63.0,120.99428571428572,68.33333333333333,68.16666666666667,58.0,51.0
2017,11,3,56.62422857142857,102.80651428571429,39.730914285714285,120.99428571428572,58.0,82.0,65.0,51.0,72.0,120.99428571428572,72.66666666666667,69.33333333333333,78.0,80.0
2017,11,3,56.62422857142857,102.80651428571429,39.730914285714285,120.99428571428572,78.0,58.0,82.0,80.0,51.0,120.99428571428572,69.0,72.0,71.0,65.0
2017,12,3,72.19672043010753,127.60790322580644,48.38489247311828,143.31182795698925,71.0,78.0,58.0,65.0,80.0,120.99428571428572,74.66666666666667,71.5,75.0,66.0
2017,12,3,72.19672043010753,127.60790322580644,48.38489247311828,143.31182795698925,75.0,71.0,78.0,66.0,65.0,143.31182795698925,69.33333333333333,71.0,62.0,56.0
2017,12,3,72.19672043010753,127.60790322580644,48.38489247311828,143.31182795698925,62.0,75.0,71.0,56.0,66.0,143.31182795698925,69.33333333333333,69.16666666666667,71.0,64.0
2017,12,3,72.19672043010753,127.60790322580644,48.38489247311828,143.31182795698925,71.0,62.0,75.0,64.0,56.0,143.31182795698925,62.666666666666664,68.66666666666667,55.0,50.0
2017,12,3,72.19672043010753,127.60790322580644,48.38489247311828,143.31182795698925,55.0,71.0,62.0,50.0,64.0,143.31182795698925,67.0,68.16666666666667,75.0,76.0
2017,12,3,72.19672043010753,127.60790322580644,48.38489247311828,143.31182795698925,75.0,55.0,71.0,76.0,50.0,143.31182795698925,63.333333333333336,66.33333333333333,60.0,51.0
2017,12,3,72.19672043010753,127.60790322580644,48.38489247311828,143.31182795698925,60.0,75.0,55.0,51.0,76.0,143.31182795698925,68.66666666666667,65.66666666666667,71.0,65.0
2017,12,3,72.19672043010753,127.60790322580644,48.38489247311828,143.31182795698925,71.0,60.0,75.0,65.0,51.0,143.31182795698925,63.0,65.0,58.0,53.0
2017,12,3,72.19672043010753,127.60790322580644,48.38489247311828,143.31182795698925,58.0,71.0,60.0,53.0,65.0,143.31182795698925,72.33333333333333,67.83333333333333,88.0,85.0
2017,12,3,72.19672043010753,127.60790322580644,48.38489247311828,143.31182795698925,88.0,58.0,71.0,85.0,53.0,143.31182795698925,72.0,70.33333333333333,70.0,66.0
2018,1,3,68.82114130434783,136.2279891304348,53.30516304347826,142.2608695652174,70.0,88.0,58.0,66.0,85.0,143.31182795698925,77.33333333333333,70.16666666666667,74.0,67.0
2018,1,3,68.82114130434783,136.2279891304348,53.30516304347826,142.2608695652174,74.0,70.0,88.0,67.0,66.0,142.2608695652174,72.33333333333333,72.33333333333333,73.0,73.0
2018,1,3,68.82114130434783,136.2279891304348,53.30516304347826,142.2608695652174,73.0,74.0,70.0,73.0,67.0,142.2608695652174,69.33333333333333,70.66666666666667,61.0,56.0
2018,1,3,68.82114130434783,136.2279891304348,53.30516304347826,142.2608695652174,61.0,73.0,74.0,56.0,73.0,142.2608695652174,62.666666666666664,70.0,54.0,49.0
2018,1,3,68.82114130434783,136.2279891304348,53.30516304347826,142.2608695652174,54.0,61.0,73.0,49.0,56.0,142.2608695652174,62.0,67.16666666666667,71.0,65.0
2018,1,3,68.82114130434783,136.2279891304348,53.30516304347826,142.2608695652174,71.0,54.0,61.0,65.0,49.0,142.2608695652174,61.666666666666664,65.5,60.0,52.0
2018,1,3,68.82114130434783,136.2279891304348,53.30516304347826,142.2608695652174,60.0,71.0,54.0,52.0,65.0,142.2608695652174,65.33333333333333,64.0,65.0,56.0
2018,1,3,68.82114130434783,136.2279891304348,53.30516304347826,142.2608695652174,65.0,60.0,71.0,56.0,52.0,142.2608695652174,60.666666666666664,61.333333333333336,57.0,52.0
2018,1,3,68.82114130434783,136.2279891304348,53.30516304347826,142.2608695652174,57.0,65.0,60.0,52.0,56.0,142.2608695652174,66.0,63.833333333333336,76.0,77.0
2018,1,3,68.82114130434783,136.2279891304348,53.30516304347826,142.2608695652174,76.0,57.0,65.0,77.0,52.0,142.2608695652174,67.66666666666667,66.5,70.0,66.0
2018,2,3,50.54757575757576,111.3978787878788,51.817515151515146,112.58181818181818,70.0,76.0,57.0,66.0,77.0,142.2608695652174,73.33333333333333,67.0,74.0,67.0
2018,2,3,50.54757575757576,111.3978787878788,51.817515151515146,112.58181818181818,74.0,70.0,76.0,67.0,66.0,112.58181818181818,71.66666666666667,68.83333333333333,71.0,70.0
2018,2,3,50.54757575757576,111.3978787878788,51.817515151515146,112.58181818181818,71.0,74.0,70.0,70.0,67.0,112.58181818181818,69.33333333333333,68.5,63.0,56.0
2018,2,3,50.54757575757576,111.3978787878788,51.817515151515146,112.58181818181818,63.0,71.0,74.0,56.0,70.0,112.58181818181818,63.0,68.16666666666667,55.0,49.0
2018,2,3,50.54757575757576,111.3978787878788,51.817515151515146,112.58181818181818,55.0,63.0,71.0,49.0,56.0,112.58181818181818,63.0,67.33333333333333,71.0,65.0
2018,2,3,50.54757575757576,111.3978787878788,51.817515151515146,112.58181818181818,71.0,55.0,63.0,65.0,49.0,112.58181818181818,62.0,65.66666666666667,60.0,52.0
2018,2,3,50.54757575757576,111.3978787878788,51.817515151515146,112.58181818181818,60.0,71.0,55.0,52.0,65.0,112.58181818181818,66.66666666666667,64.83333333333333,69.0,60.0
2018,2,3,50.54757575757576,111.3978787878788,51.817515151515146,112.58181818181818,69.0,60.0,71.0,60.0,52.0,112.58181818181818,63.0,63.0,60.0,53.0
2018,2,3,50.54757575757576,111.3978787878788,51.817515151515146,112.58181818181818,60.0,69.0,60.0,53.0,60.0,112.58181818181818,67.0,64.5,72.0,75.0
2018,2,3,50.54757575757576,111.3978787878788,51.817515151515146,112.58181818181818,72.0,60.0,69.0,75.0,53.0,112.58181818181818,67.33333333333333,67.0,70.0,67.0
2018,3,3,53.85016393442623,111.45284153005464,45.50737704918033,112.8360655737705,70.0,72.0,60.0,67.0,75.0,112.58181818181818,72.0,67.5,74.0,67.0
2018,3,3,53.85016393442623,111.45284153005464,45.50737704918033,112.8360655737705,74.0,70.0,72.0,67.0,67.0,112.8360655737705,71.0,69.0,69.0,67.0
2018,3,3,53.85016393442623,111.45284153005464,45.50737704918033,112.8360655737705,69.0,74.0,70.0,67.0,67.0,112.8360655737705,68.33333333333333,67.83333333333333,62.0,56.0
2018,3,3,53.85016393442623,111.45284153005464,45.50737704918033,112.8360655737705,62.0,69.0,74.0,56.0,67.0,112.8360655737705,62.0,67.0,55.0,49.0
2018,3,3,53.85016393442623,111.45284153005464,45.50737704918033,112.8360655737705,55.0,62.0,69.0,49.0,56.0,112.8360655737705,62.333333333333336,66.66666666666667,70.0,65.0
2018,3,3,53.85016393442623,111.45284153005464,45.50737704918033,112.8360655737705,70.0,55.0,62.0,65.0,49.0,112.8360655737705,61.666666666666664,65.0,60.0,53.0
2018,3,3,53.85016393442623,111.45284153005464,45.50737704918033,112.8360655737705,60.0,70.0,55.0,53.0,65.0,112.8360655737705,66.0,64.0,68.0,59.0
2018,3,3,53.85016393442623,111.45284153005464,45.50737704918033,112.8360655737705,68.0,60.0,70.0,59.0,53.0,112.8360655737705,62.333333333333336,62.333333333333336,59.0,53.0
2018,3,3,53.85016393442623,111.45284153005464,45.50737704918033,112.8360655737705,59.0,68.0,60.0,53.0,59.0,112.8360655737705,67.66666666666667,64.66666666666667,76.0,78.0
2018,3,3,53.85016393442623,111.45284153005464,45.50737704918033,112.8360655737705,76.0,59.0,68.0,78.0,53.0,112.8360655737705,68.0,67.0,69.0,66.0
2018,4,3,38.26367816091954,91.43442528735632,37.82109195402299,96.22988505747126,69.0,76.0,59.0,66.0,78.0,112.8360655737705,73.0,67.66666666666667,74.0,67.0
2018,4,3,38.26367816091954,91.43442528735632,37.82109195402299,96.22988505747126,74.0,69.0,76.0,67.0,66.0,96.22988505747126,71.0,69.33333333333333,70.0,66.0
2018,4,3,38.26367816091954,91.43442528735632,37.82109195402299,96.22988505747126,70.0,74.0,69.0,66.0,67.0,96.22988505747126,68.33333333333333,68.16666666666667,61.0,56.0
2018,4,3,38.26367816091954,91.43442528735632,37.82109195402299,96.22988505747126,61.0,70.0,74.0,56.0,66.0,96.22988505747126,62.0,67.5,55.0,51.0
2018,4,3,38.26367816091954,91.43442528735632,37.82109195402299,96.22988505747126,55.0,61.0,70.0,51.0,56.0,96.22988505747126,62.333333333333336,66.66666666666667,71.0,65.0
2018,4,3,38.26367816091954,91.43442528735632,37.82109195402299,96.22988505747126,71.0,55.0,61.0,65.0,51.0,96.22988505747126,62.0,65.16666666666667,60.0,54.0
2018,4,3,38.26367816091954,91.43442528735632,37.82109195402299,96.22988505747126,60.0,71.0,55.0,54.0,65.0,96.22988505747126,65.66666666666667,63.833333333333336,66.0,60.0
2018,4,3,38.26367816091954,91.43442528735632,37.82109195402299,96.22988505747126,66.0,60.0,71.0,60.0,54.0,96.22988505747126,61.666666666666664,62.0,59.0,55.0
2018,4,3,38.26367816091954,91.43442528735632,37.82109195402299,96.22988505747126,59.0,66.0,60.0,55.0,60.0,96.22988505747126,71.0,66.5,88.0,88.0
2018,4,3,38.26367816091954,91.43442528735632,37.82109195402299,96.22988505747126,88.0,59.0,66.0,88.0,55.0,96.22988505747126,72.0,68.83333333333333,69.0,67.0
2018,5,3,35.86290322580645,91.51569892473115,31.174623655913976,98.80645161290325,69.0,88.0,59.0,67.0,88.0,96.22988505747126,76.66666666666667,69.16666666666667,73.0,67.0
2018,5,3,35.86290322580645,91.51569892473115,31.174623655913976,98.80645161290325,73.0,69.0,88.0,67.0,67.0,98.80645161290325,71.0,71.0,71.0,69.0
2018,5,3,35.86290322580645,91.51569892473115,31.174623655913976,98.80645161290325,71.0,73.0,69.0,69.0,67.0,98.80645161290325,68.33333333333333,70.16666666666667,61.0,56.0
2018,5,3,35.86290322580645,91.51569892473115,31.174623655913976,98.80645161290325,61.0,71.0,73.0,56.0,69.0,98.80645161290325,62.666666666666664,69.66666666666667,56.0,51.0
2018,5,3,35.86290322580645,91.51569892473115,31.174623655913976,98.80645161290325,56.0,61.0,71.0,51.0,56.0,98.80645161290325,62.333333333333336,66.66666666666667,70.0,65.0
2018,5,3,35.86290322580645,91.51569892473115,31.174623655913976,98.80645161290325,70.0,56.0,61.0,65.0,51.0,98.80645161290325,61.666666666666664,65.0,59.0,54.0
2018,5,3,35.86290322580645,91.51569892473115,31.174623655913976,98.80645161290325,59.0,70.0,56.0,54.0,65.0,98.80645161290325,65.66666666666667,64.16666666666667,68.0,62.0
2018,5,3,35.86290322580645,91.51569892473115,31.174623655913976,98.80645161290325,68.0,59.0,70.0,62.0,54.0,98.80645161290325,62.0,62.166666666666664,59.0,55.0
2018,5,3,35.86290322580645,91.51569892473115,31.174623655913976,98.80645161290325,59.0,68.0,59.0,55.0,62.0,98.80645161290325,67.66666666666667,64.66666666666667,76.0,76.0
2018,5,3,35.86290322580645,91.51569892473115,31.174623655913976,98.80645161290325,76.0,59.0,68.0,76.0,55.0,98.80645161290325,68.0,66.83333333333333,69.0,67.0
2018,6,3,23.630444444444443,61.272333333333336,24.12555555555556,66.0,69.0,76.0,59.0,67.0,76.0,98.80645161290325,73.33333333333333,67.66666666666667,75.0,71.0
2018,6,3,23.630444444444443,61.272333333333336,24.12555555555556,66.0,75.0,69.0,76.0,71.0,67.0,66.0,69.33333333333333,68.5,64.0,50.0
2018,6,3,23.630444444444443,61.272333333333336,24.12555555555556,66.0,64.0,75.0,69.0,50.0,71.0,66.0,67.0,67.5,62.0,57.0
2018,6,3,23.630444444444443,61.272333333333336,24.12555555555556,66.0,62.0,64.0,75.0,57.0,50.0,66.0,60.666666666666664,67.0,56.0,51.0
2018,6,3,23.630444444444443,61.272333333333336,24.12555555555556,66.0,56.0,62.0,64.0,51.0,57.0,66.0,63.0,66.16666666666667,71.0,66.0
2018,6,3,23.630444444444443,61.272333333333336,24.12555555555556,66.0,71.0,56.0,62.0,66.0,51.0,66.0,63.0,65.0,62.0,59.0
2018,6,3,23.630444444444443,61.272333333333336,24.12555555555556,66.0,62.0,71.0,56.0,59.0,66.0,66.0,70.0,65.33333333333333,77.0,71.0
2018,6,3,23.630444444444443,61.272333333333336,24.12555555555556,66.0,77.0,62.0,71.0,71.0,59.0,66.0,66.66666666666667,64.83333333333333,61.0,56.0
2018,6,3,23.630444444444443,61.272333333333336,24.12555555555556,66.0,61.0,77.0,62.0,56.0,71.0,66.0,71.33333333333333,67.16666666666667,76.0,77.0
2018,6,3,23.630444444444443,61.272333333333336,24.12555555555556,66.0,76.0,61.0,77.0,77.0,56.0,66.0,69.0,69.5,70.0,68.0
2018,7,3,17.299885714285715,51.823142857142855,23.028114285714285,56.34285714285714,70.0,76.0,61.0,68.0,77.0,66.0,74.0,70.33333333333333,76.0,69.0
2018,7,3,17.299885714285715,51.823142857142855,23.028114285714285,56.34285714285714,76.0,70.0,76.0,69.0,68.0,56.34285714285714,67.33333333333333,69.33333333333333,56.0,46.0
2018,7,3,17.299885714285715,51.823142857142855,23.028114285714285,56.34285714285714,56.0,76.0,70.0,46.0,69.0,56.34285714285714,64.66666666666667,66.83333333333333,62.0,57.0
2018,7,3,17.299885714285715,51.823142857142855,23.028114285714285,56.34285714285714,62.0,56.0,76.0,57.0,46.0,56.34285714285714,57.666666666666664,65.83333333333333,55.0,50.0
2018,7,3,17.299885714285715,51.823142857142855,23.028114285714285,56.34285714285714,55.0,62.0,56.0,50.0,57.0,56.34285714285714,62.666666666666664,65.0,71.0,66.0
2018,7,3,17.299885714285715,51.823142857142855,23.028114285714285,56.34285714285714,71.0,55.0,62.0,66.0,50.0,56.34285714285714,63.333333333333336,64.0,64.0,61.0
2018,7,3,17.299885714285715,51.823142857142855,23.028114285714285,56.34285714285714,64.0,71.0,55.0,61.0,66.0,56.34285714285714,71.33333333333333,64.5,79.0,71.0
2018,7,3,17.299885714285715,51.823142857142855,23.028114285714285,56.34285714285714,79.0,64.0,71.0,71.0,61.0,56.34285714285714,69.0,65.83333333333333,64.0,59.0
2018,7,3,17.299885714285715,51.823142857142855,23.028114285714285,56.34285714285714,64.0,79.0,64.0,59.0,71.0,56.34285714285714,75.0,69.16666666666667,82.0,80.0
2018,7,3,17.299885714285715,51.823142857142855,23.028114285714285,56.34285714285714,82.0,64.0,79.0,80.0,59.0,56.34285714285714,72.66666666666667,72.0,72.0,69.0
2018,8,3,17.801379310344828,56.342183908045975,24.24327586206897,55.60919540229885,72.0,82.0,64.0,69.0,80.0,56.34285714285714,76.33333333333333,72.66666666666667,75.0,69.0
2018,8,3,17.801379310344828,56.342183908045975,24.24327586206897,55.60919540229885,75.0,72.0,82.0,69.0,69.0,55.60919540229885,67.33333333333333,71.16666666666667,55.0,44.0
2018,8,3,17.801379310344828,56.342183908045975,24.24327586206897,55.60919540229885,55.0,75.0,72.0,44.0,69.0,55.60919540229885,64.0,68.33333333333333,62.0,57.0
2018,8,3,17.801379310344828,56.342183908045975,24.24327586206897,55.60919540229885,62.0,55.0,75.0,57.0,44.0,55.60919540229885,57.333333333333336,66.83333333333333,55.0,50.0
2018,8,3,17.801379310344828,56.342183908045975,24.24327586206897,55.60919540229885,55.0,62.0,55.0,50.0,57.0,55.60919540229885,62.666666666666664,65.0,71.0,65.0
2018,8,3,17.801379310344828,56.342183908045975,24.24327586206897,55.60919540229885,71.0,55.0,62.0,65.0,50.0,55.60919540229885,63.333333333333336,63.666666666666664,64.0,59.0
2018,8,3,17.801379310344828,56.342183908045975,24.24327586206897,55.60919540229885,64.0,71.0,55.0,59.0,65.0,55.60919540229885,69.0,63.166666666666664,72.0,62.0
2018,8,3,17.801379310344828,56.342183908045975,24.24327586206897,55.60919540229885,72.0,64.0,71.0,62.0,59.0,55.60919540229885,66.33333333333333,64.5,63.0,58.0
2018,8,3,17.801379310344828,56.342183908045975,24.24327586206897,55.60919540229885,63.0,72.0,64.0,58.0,62.0,55.60919540229885,70.66666666666667,67.0,77.0,80.0
2018,8,3,17.801379310344828,56.342183908045975,24.24327586206897,55.60919540229885,77.0,63.0,72.0,80.0,58.0,55.60919540229885,71.0,70.0,73.0,69.0
2018,9,3,36.40318181818182,80.90238636363637,31.634545454545457,79.75568181818181,73.0,77.0,63.0,69.0,80.0,55.60919540229885,74.66666666666667,70.5,74.0,68.0
2018,9,3,36.40318181818182,80.90238636363637,31.634545454545457,79.75568181818181,74.0,73.0,77.0,68.0,69.0,79.75568181818181,69.33333333333333,70.0,61.0,55.0
2018,9,3,36.40318181818182,80.90238636363637,31.634545454545457,79.75568181818181,61.0,74.0,73.0,55.0,68.0,79.75568181818181,65.33333333333333,68.16666666666667,61.0,55.0
2018,9,3,36.40318181818182,80.90238636363637,31.634545454545457,79.75568181818181,61.0,61.0,74.0,55.0,55.0,79.75568181818181,58.666666666666664,66.66666666666667,54.0,50.0
2018,9,3,36.40318181818182,80.90238636363637,31.634545454545457,79.75568181818181,54.0,61.0,61.0,50.0,55.0,79.75568181818181,60.0,64.66666666666667,65.0,59.0
2018,9,3,36.40318181818182,80.90238636363637,31.634545454545457,79.75568181818181,65.0,54.0,61.0,59.0,50.0,79.75568181818181,58.666666666666664,62.0,57.0,53.0
2018,9,3,36.40318181818182,80.90238636363637,31.634545454545457,79.75568181818181,57.0,65.0,54.0,53.0,59.0,79.75568181818181,64.33333333333333,61.5,71.0,61.0
2018,9,3,36.40318181818182,80.90238636363637,31.634545454545457,79.75568181818181,71.0,57.0,65.0,61.0,53.0,79.75568181818181,62.0,61.0,58.0,51.0
2018,9,3,36.40318181818182,80.90238636363637,31.634545454545457,79.75568181818181,58.0,71.0,57.0,51.0,61.0,79.75568181818181,72.0,65.33333333333333,87.0,92.0
2018,9,3,36.40318181818182,80.90238636363637,31.634545454545457,79.75568181818181,87.0,58.0,71.0,92.0,51.0,79.75568181818181,72.0,68.16666666666667,71.0,67.0
2018,10,3,54.75497297297297,114.10724324324325,42.19491891891892,109.83783783783784,71.0,87.0,58.0,67.0,92.0,79.75568181818181,77.33333333333333,69.66666666666667,74.0,67.0
2018,10,3,54.75497297297297,114.10724324324325,42.19491891891892,109.83783783783784,74.0,71.0,87.0,67.0,67.0,109.83783783783784,74.33333333333333,73.16666666666667,78.0,78.0
2018,10,3,54.75497297297297,114.10724324324325,42.19491891891892,109.83783783783784,78.0,74.0,71.0,78.0,67.0,109.83783783783784,70.33333333333333,71.16666666666667,59.0,53.0
2018,10,3,54.75497297297297,114.10724324324325,42.19491891891892,109.83783783783784,59.0,78.0,74.0,53.0,78.0,109.83783783783784,64.0,70.66666666666667,55.0,49.0
2018,10,3,54.75497297297297,114.10724324324325,42.19491891891892,109.83783783783784,55.0,59.0,78.0,49.0,53.0,109.83783783783784,61.333333333333336,67.83333333333333,70.0,64.0
2018,10,3,54.75497297297297,114.10724324324325,42.19491891891892,109.83783783783784,70.0,55.0,59.0,64.0,49.0,109.83783783783784,62.0,66.16666666666667,61.0,53.0
2018,10,3,54.75497297297297,114.10724324324325,42.19491891891892,109.83783783783784,61.0,70.0,55.0,53.0,64.0,109.83783783783784,65.0,64.5,64.0,55.0
2018,10,3,54.75497297297297,114.10724324324325,42.19491891891892,109.83783783783784,64.0,61.0,70.0,55.0,53.0,109.83783783783784,61.333333333333336,61.333333333333336,59.0,51.0
2018,10,3,54.75497297297297,114.10724324324325,42.19491891891892,109.83783783783784,59.0,64.0,61.0,51.0,55.0,109.83783783783784,68.33333333333333,65.16666666666667,82.0,82.0
2018,10,3,54.75497297297297,114.10724324324325,42.19491891891892,109.83783783783784,82.0,59.0,64.0,82.0,51.0,109.83783783783784,70.33333333333333,67.66666666666667,70.0,67.0
2018,11,3,54.17722222222222,113.41666666666669,45.16933333333333,110.67777777777778,70.0,82.0,59.0,67.0,82.0,109.83783783783784,75.33333333333333,68.33333333333333,74.0,67.0
2018,11,3,54.17722222222222,113.41666666666669,45.16933333333333,110.67777777777778,74.0,70.0,82.0,67.0,67.0,110.67777777777778,76.0,72.16666666666667,84.0,85.0
2018,11,3,54.17722222222222,113.41666666666669,45.16933333333333,110.67777777777778,84.0,74.0,70.0,85.0,67.0,110.67777777777778,72.33333333333333,71.33333333333333,59.0,54.0
2018,11,3,54.17722222222222,113.41666666666669,45.16933333333333,110.67777777777778,59.0,84.0,74.0,54.0,85.0,110.67777777777778,66.0,70.66666666666667,55.0,50.0
2018,11,3,54.17722222222222,113.41666666666669,45.16933333333333,110.67777777777778,55.0,59.0,84.0,50.0,54.0,110.67777777777778,61.666666666666664,68.83333333333333,71.0,64.0
2018,11,3,54.17722222222222,113.41666666666669,45.16933333333333,110.67777777777778,71.0,55.0,59.0,64.0,50.0,110.67777777777778,64.0,68.16666666666667,66.0,60.0
2018,11,3,54.17722222222222,113.41666666666669,45.16933333333333,110.67777777777778,66.0,71.0,55.0,60.0,64.0,110.67777777777778,68.66666666666667,67.33333333333333,69.0,60.0
2018,11,3,54.17722222222222,113.41666666666669,45.16933333333333,110.67777777777778,69.0,66.0,71.0,60.0,60.0,110.67777777777778,64.33333333333333,63.0,58.0,52.0
2018,11,3,54.17722222222222,113.41666666666669,45.16933333333333,110.67777777777778,58.0,69.0,66.0,52.0,60.0,110.67777777777778,69.66666666666667,66.83333333333333,82.0,82.0
2018,11,3,54.17722222222222,113.41666666666669,45.16933333333333,110.67777777777778,82.0,58.0,69.0,82.0,52.0,110.67777777777778,70.0,69.33333333333333,70.0,67.0
2018,12,3,67.54010752688171,119.5917741935484,41.550645161290326,132.8709677419355,70.0,82.0,58.0,67.0,82.0,110.67777777777778,75.33333333333333,69.83333333333333,74.0,67.0
2018,12,3,67.54010752688171,119.5917741935484,41.550645161290326,132.8709677419355,74.0,70.0,82.0,67.0,67.0,132.8709677419355,75.33333333333333,72.5,82.0,76.0
2018,12,3,67.54010752688171,119.5917741935484,41.550645161290326,132.8709677419355,82.0,74.0,70.0,76.0,67.0,132.8709677419355,71.66666666666667,70.83333333333333,59.0,54.0
2018,12,3,67.54010752688171,119.5917741935484,41.550645161290326,132.8709677419355,59.0,82.0,74.0,54.0,76.0,132.8709677419355,65.0,70.16666666666667,54.0,49.0
2018,12,3,67.54010752688171,119.5917741935484,41.550645161290326,132.8709677419355,54.0,59.0,82.0,49.0,54.0,132.8709677419355,61.333333333333336,68.33333333333333,71.0,65.0
2018,12,3,67.54010752688171,119.5917741935484,41.550645161290326,132.8709677419355,71.0,54.0,59.0,65.0,49.0,132.8709677419355,68.33333333333333,70.0,80.0,76.0
2018,12,3,67.54010752688171,119.5917741935484,41.550645161290326,132.8709677419355,80.0,71.0,54.0,76.0,65.0,132.8709677419355,71.0,68.0,62.0,56.0
2018,12,3,67.54010752688171,119.5917741935484,41.550645161290326,132.8709677419355,62.0,80.0,71.0,56.0,76.0,132.8709677419355,66.0,63.666666666666664,56.0,53.0
2018,12,3,67.54010752688171,119.5917741935484,41.550645161290326,132.8709677419355,56.0,62.0,80.0,53.0,56.0,132.8709677419355,67.66666666666667,68.0,85.0,85.0
2018,12,3,67.54010752688171,119.5917741935484,41.550645161290326,132.8709677419355,85.0,56.0,62.0,85.0,53.0,132.8709677419355,70.33333333333333,70.66666666666667,70.0,67.0
2018,4,4,36.52904761904762,66.77166666666666,33.49047619047619,89.14285714285714,62.0,66.0,66.0,58.0,62.0,89.14285714285714,63.333333333333336,65.66666666666667,62.0,58.0
2018,4,4,36.52904761904762,66.77166666666666,33.49047619047619,89.14285714285714,62.0,62.0,66.0,58.0,58.0,89.14285714285714,63.666666666666664,66.0,67.0,60.0
2018,4,4,36.52904761904762,66.77166666666666,33.49047619047619,89.14285714285714,67.0,62.0,62.0,60.0,58.0,89.14285714285714,65.33333333333333,65.0,67.0,64.0
2018,4,4,36.52904761904762,66.77166666666666,33.49047619047619,89.14285714285714,67.0,67.0,62.0,64.0,60.0,89.14285714285714,69.33333333333333,66.33333333333333,74.0,69.0
2018,4,4,36.52904761904762,66.77166666666666,33.49047619047619,89.14285714285714,74.0,67.0,67.0,69.0,64.0,89.14285714285714,69.0,66.33333333333333,66.0,63.0
2018,5,4,41.66806451612904,76.51129032258065,30.65096774193548,95.0,66.0,74.0,67.0,63.0,69.0,89.14285714285714,69.0,67.16666666666667,67.0,68.0
2018,5,4,41.66806451612904,76.51129032258065,30.65096774193548,95.0,67.0,66.0,74.0,68.0,63.0,95.0,68.66666666666667,69.0,73.0,73.0
2018,5,4,41.66806451612904,76.51129032258065,30.65096774193548,95.0,73.0,67.0,66.0,73.0,68.0,95.0,67.0,68.0,61.0,60.0
2018,5,4,41.66806451612904,76.51129032258065,30.65096774193548,95.0,61.0,73.0,67.0,60.0,73.0,95.0,66.66666666666667,67.83333333333333,66.0,61.0
2018,5,4,41.66806451612904,76.51129032258065,30.65096774193548,95.0,66.0,61.0,73.0,61.0,60.0,95.0,63.333333333333336,66.0,63.0,57.0
2018,5,4,41.66806451612904,76.51129032258065,30.65096774193548,95.0,63.0,66.0,61.0,57.0,61.0,95.0,64.33333333333333,65.66666666666667,64.0,61.0
2018,5,4,41.66806451612904,76.51129032258065,30.65096774193548,95.0,64.0,63.0,66.0,61.0,57.0,95.0,65.33333333333333,66.0,69.0,62.0
2018,5,4,41.66806451612904,76.51129032258065,30.65096774193548,95.0,69.0,64.0,63.0,62.0,61.0,95.0,66.66666666666667,65.0,67.0,64.0
2018,5,4,41.66806451612904,76.51129032258065,30.65096774193548,95.0,67.0,69.0,64.0,64.0,62.0,95.0,70.0,67.16666666666667,74.0,69.0
2018,5,4,41.66806451612904,76.51129032258065,30.65096774193548,95.0,74.0,67.0,69.0,69.0,64.0,95.0,69.33333333333333,67.33333333333333,67.0,63.0
2018,6,4,34.49433333333333,67.131,27.648833333333336,85.16666666666667,67.0,74.0,67.0,63.0,69.0,95.0,67.0,66.83333333333333,60.0,62.0
2018,6,4,34.49433333333333,67.131,27.648833333333336,85.16666666666667,60.0,67.0,74.0,62.0,63.0,85.16666666666667,66.66666666666667,68.33333333333333,73.0,73.0
2018,6,4,34.49433333333333,67.131,27.648833333333336,85.16666666666667,73.0,60.0,67.0,73.0,62.0,85.16666666666667,64.0,66.66666666666667,59.0,59.0
2018,6,4,34.49433333333333,67.131,27.648833333333336,85.16666666666667,59.0,73.0,60.0,59.0,73.0,85.16666666666667,65.66666666666667,66.33333333333333,65.0,60.0
2018,6,4,34.49433333333333,67.131,27.648833333333336,85.16666666666667,65.0,59.0,73.0,60.0,59.0,85.16666666666667,62.666666666666664,64.66666666666667,64.0,58.0
2018,6,4,34.49433333333333,67.131,27.648833333333336,85.16666666666667,64.0,65.0,59.0,58.0,60.0,85.16666666666667,63.0,63.5,60.0,55.0
2018,6,4,34.49433333333333,67.131,27.648833333333336,85.16666666666667,60.0,64.0,65.0,55.0,58.0,85.16666666666667,63.333333333333336,64.5,66.0,60.0
2018,6,4,34.49433333333333,67.131,27.648833333333336,85.16666666666667,66.0,60.0,64.0,60.0,55.0,85.16666666666667,64.33333333333333,63.5,67.0,64.0
2018,6,4,34.49433333333333,67.131,27.648833333333336,85.16666666666667,67.0,66.0,60.0,64.0,60.0,85.16666666666667,69.0,66.0,74.0,69.0
2018,6,4,34.49433333333333,67.131,27.648833333333336,85.16666666666667,74.0,67.0,66.0,69.0,64.0,85.16666666666667,68.66666666666667,66.0,65.0,62.0
2018,7,4,22.626774193548385,41.660322580645165,29.963870967741936,51.61290322580645,65.0,74.0,67.0,62.0,69.0,85.16666666666667,67.0,65.66666666666667,62.0,63.0
2018,7,4,22.626774193548385,41.660322580645165,29.963870967741936,51.61290322580645,62.0,65.0,74.0,63.0,62.0,51.61290322580645,67.0,68.0,74.0,74.0
2018,7,4,22.626774193548385,41.660322580645165,29.963870967741936,51.61290322580645,74.0,62.0,65.0,74.0,63.0,51.61290322580645,67.33333333333333,68.0,66.0,67.0
2018,7,4,22.626774193548385,41.660322580645165,29.963870967741936,51.61290322580645,66.0,74.0,62.0,67.0,74.0,51.61290322580645,68.66666666666667,67.83333333333333,66.0,61.0
2018,7,4,22.626774193548385,41.660322580645165,29.963870967741936,51.61290322580645,66.0,66.0,74.0,61.0,67.0,51.61290322580645,66.0,66.5,66.0,62.0
2018,7,4,22.626774193548385,41.660322580645165,29.963870967741936,51.61290322580645,66.0,66.0,66.0,62.0,61.0,51.61290322580645,64.33333333333333,65.83333333333333,61.0,56.0
2018,7,4,22.626774193548385,41.660322580645165,29.963870967741936,51.61290322580645,61.0,66.0,66.0,56.0,62.0,51.61290322580645,64.33333333333333,66.5,66.0,61.0
2018,7,4,22.626774193548385,41.660322580645165,29.963870967741936,51.61290322580645,66.0,61.0,66.0,61.0,56.0,51.61290322580645,64.66666666666667,65.33333333333333,67.0,64.0
2018,7,4,22.626774193548385,41.660322580645165,29.963870967741936,51.61290322580645,67.0,66.0,61.0,64.0,61.0,51.61290322580645,69.33333333333333,66.83333333333333,75.0,69.0
2018,7,4,22.626774193548385,41.660322580645165,29.963870967741936,51.61290322580645,75.0,67.0,66.0,69.0,64.0,51.61290322580645,69.0,66.66666666666667,65.0,61.0
2018,8,4,21.254516129032258,42.064193548387095,30.658709677419356,70.3225806451613,65.0,75.0,67.0,61.0,69.0,51.61290322580645,67.33333333333333,66.0,62.0,63.0
2018,8,4,21.254516129032258,42.064193548387095,30.658709677419356,70.3225806451613,62.0,65.0,75.0,63.0,61.0,70.3225806451613,66.66666666666667,68.0,73.0,73.0
2018,8,4,21.254516129032258,42.064193548387095,30.658709677419356,70.3225806451613,73.0,62.0,65.0,73.0,63.0,70.3225806451613,66.66666666666667,67.83333333333333,65.0,66.0
2018,8,4,21.254516129032258,42.064193548387095,30.658709677419356,70.3225806451613,65.0,73.0,62.0,66.0,73.0,70.3225806451613,68.33333333333333,67.83333333333333,67.0,61.0
2018,8,4,21.254516129032258,42.064193548387095,30.658709677419356,70.3225806451613,67.0,65.0,73.0,61.0,66.0,70.3225806451613,67.33333333333333,67.0,70.0,69.0
2018,8,4,21.254516129032258,42.064193548387095,30.658709677419356,70.3225806451613,70.0,67.0,65.0,69.0,61.0,70.3225806451613,65.66666666666667,66.16666666666667,60.0,54.0
2018,8,4,21.254516129032258,42.064193548387095,30.658709677419356,70.3225806451613,60.0,70.0,67.0,54.0,69.0,70.3225806451613,65.33333333333333,66.83333333333333,66.0,61.0
2018,8,4,21.254516129032258,42.064193548387095,30.658709677419356,70.3225806451613,66.0,60.0,70.0,61.0,54.0,70.3225806451613,64.33333333333333,65.83333333333333,67.0,64.0
2018,8,4,21.254516129032258,42.064193548387095,30.658709677419356,70.3225806451613,67.0,66.0,60.0,64.0,61.0,70.3225806451613,69.66666666666667,67.66666666666667,76.0,70.0
2018,8,4,21.254516129032258,42.064193548387095,30.658709677419356,70.3225806451613,76.0,67.0,66.0,70.0,64.0,70.3225806451613,68.66666666666667,67.0,63.0,60.0
2018,9,4,38.48233333333334,65.798,34.071666666666665,83.06666666666666,63.0,76.0,67.0,60.0,70.0,70.3225806451613,65.66666666666667,65.0,58.0,59.0
2018,9,4,38.48233333333334,65.798,34.071666666666665,83.06666666666666,58.0,63.0,76.0,59.0,60.0,83.06666666666666,64.0,66.83333333333333,71.0,72.0
2018,9,4,38.48233333333334,65.798,34.071666666666665,83.06666666666666,71.0,58.0,63.0,72.0,59.0,83.06666666666666,63.333333333333336,66.0,61.0,62.0
2018,9,4,38.48233333333334,65.798,34.071666666666665,83.06666666666666,61.0,71.0,58.0,62.0,72.0,83.06666666666666,66.33333333333333,66.0,67.0,62.0
2018,9,4,38.48233333333334,65.798,34.071666666666665,83.06666666666666,67.0,61.0,71.0,62.0,62.0,83.06666666666666,65.66666666666667,64.83333333333333,69.0,67.0
2018,9,4,38.48233333333334,65.798,34.071666666666665,83.06666666666666,69.0,67.0,61.0,67.0,62.0,83.06666666666666,69.0,66.16666666666667,71.0,66.0
2018,9,4,38.48233333333334,65.798,34.071666666666665,83.06666666666666,71.0,69.0,67.0,66.0,67.0,83.06666666666666,68.33333333333333,67.33333333333333,65.0,60.0
2018,9,4,38.48233333333334,65.798,34.071666666666665,83.06666666666666,65.0,71.0,69.0,60.0,66.0,83.06666666666666,68.0,66.83333333333333,68.0,64.0
2018,9,4,38.48233333333334,65.798,34.071666666666665,83.06666666666666,68.0,65.0,71.0,64.0,60.0,83.06666666666666,69.33333333333333,69.16666666666667,75.0,70.0
2018,9,4,38.48233333333334,65.798,34.071666666666665,83.06666666666666,75.0,68.0,65.0,70.0,64.0,83.06666666666666,69.33333333333333,68.83333333333333,65.0,61.0
2018,10,4,68.92290322580645,113.86806451612902,49.2,163.06451612903226,65.0,75.0,68.0,61.0,70.0,83.06666666666666,67.33333333333333,67.66666666666667,62.0,63.0
2018,10,4,68.92290322580645,113.86806451612902,49.2,163.06451612903226,62.0,65.0,75.0,63.0,61.0,163.06451612903226,63.333333333333336,66.33333333333333,63.0,60.0
2018,10,4,68.92290322580645,113.86806451612902,49.2,163.06451612903226,63.0,62.0,65.0,60.0,63.0,163.06451612903226,62.333333333333336,65.83333333333333,62.0,62.0
2018,10,4,68.92290322580645,113.86806451612902,49.2,163.06451612903226,62.0,63.0,62.0,62.0,60.0,163.06451612903226,65.33333333333333,66.33333333333333,71.0,70.0
2018,10,4,68.92290322580645,113.86806451612902,49.2,163.06451612903226,71.0,62.0,63.0,70.0,62.0,163.06451612903226,65.66666666666667,64.5,64.0,63.0
2018,10,4,68.92290322580645,113.86806451612902,49.2,163.06451612903226,64.0,71.0,62.0,63.0,70.0,163.06451612903226,72.66666666666667,67.5,83.0,81.0
2018,10,4,68.92290322580645,113.86806451612902,49.2,163.06451612903226,83.0,64.0,71.0,81.0,63.0,163.06451612903226,70.0,67.66666666666667,63.0,59.0
2018,10,4,68.92290322580645,113.86806451612902,49.2,163.06451612903226,63.0,83.0,64.0,59.0,81.0,163.06451612903226,71.0,68.33333333333333,67.0,65.0
2018,10,4,68.92290322580645,113.86806451612902,49.2,163.06451612903226,67.0,63.0,83.0,65.0,59.0,163.06451612903226,68.33333333333333,70.5,75.0,71.0
2018,10,4,68.92290322580645,113.86806451612902,49.2,163.06451612903226,75.0,67.0,63.0,71.0,65.0,163.06451612903226,68.66666666666667,69.33333333333333,64.0,61.0
2018,11,4,152.78454545454545,241.742,64.02472727272728,296.54545454545456,64.0,75.0,67.0,61.0,71.0,163.06451612903226,69.0,70.0,68.0,68.0
2018,11,4,152.78454545454545,241.742,64.02472727272728,296.54545454545456,68.0,64.0,75.0,68.0,61.0,296.54545454545456,67.33333333333333,67.83333333333333,70.0,69.0
2018,11,4,152.78454545454545,241.742,64.02472727272728,296.54545454545456,70.0,68.0,64.0,69.0,68.0,296.54545454545456,66.66666666666667,67.66666666666667,62.0,62.0
2018,11,4,152.78454545454545,241.742,64.02472727272728,296.54545454545456,62.0,70.0,68.0,62.0,69.0,296.54545454545456,69.0,69.0,75.0,77.0
2018,11,4,152.78454545454545,241.742,64.02472727272728,296.54545454545456,75.0,62.0,70.0,77.0,62.0,296.54545454545456,66.33333333333333,66.83333333333333,62.0,58.0
2018,11,4,152.78454545454545,241.742,64.02472727272728,296.54545454545456,62.0,75.0,62.0,58.0,77.0,296.54545454545456,65.33333333333333,66.0,59.0,53.0
2018,11,4,152.78454545454545,241.742,64.02472727272728,296.54545454545456,59.0,62.0,75.0,53.0,58.0,296.54545454545456,61.666666666666664,65.33333333333333,64.0,59.0
2018,11,4,152.78454545454545,241.742,64.02472727272728,296.54545454545456,64.0,59.0,62.0,59.0,53.0,296.54545454545456,63.333333333333336,64.83333333333333,67.0,65.0
2018,11,4,152.78454545454545,241.742,64.02472727272728,296.54545454545456,67.0,64.0,59.0,65.0,59.0,296.54545454545456,68.66666666666667,67.0,75.0,70.0
2018,11,4,152.78454545454545,241.742,64.02472727272728,296.54545454545456,75.0,67.0,64.0,70.0,65.0,296.54545454545456,68.66666666666667,65.16666666666667,64.0,61.0
2018,12,4,183.1791935483871,293.37193548387097,87.51290322580645,338.1935483870968,64.0,75.0,67.0,61.0,70.0,296.54545454545456,68.33333333333333,65.83333333333333,66.0,66.0
2018,12,4,183.1791935483871,293.37193548387097,87.51290322580645,338.1935483870968,66.0,64.0,75.0,66.0,61.0,338.1935483870968,67.0,67.83333333333333,71.0,72.0
2018,12,4,183.1791935483871,293.37193548387097,87.51290322580645,338.1935483870968,71.0,66.0,64.0,72.0,66.0,338.1935483870968,63.333333333333336,66.0,53.0,53.0
2018,12,4,183.1791935483871,293.37193548387097,87.51290322580645,338.1935483870968,53.0,71.0,66.0,53.0,72.0,338.1935483870968,64.0,66.16666666666667,68.0,65.0
2018,12,4,183.1791935483871,293.37193548387097,87.51290322580645,338.1935483870968,68.0,53.0,71.0,65.0,53.0,338.1935483870968,61.333333333333336,64.16666666666667,63.0,57.0
2018,12,4,183.1791935483871,293.37193548387097,87.51290322580645,338.1935483870968,63.0,68.0,53.0,57.0,65.0,338.1935483870968,65.33333333333333,64.33333333333333,65.0,57.0
2018,12,4,183.1791935483871,293.37193548387097,87.51290322580645,338.1935483870968,65.0,63.0,68.0,57.0,57.0,338.1935483870968,65.0,64.5,67.0,59.0
2018,12,4,183.1791935483871,293.37193548387097,87.51290322580645,338.1935483870968,67.0,65.0,63.0,59.0,57.0,338.1935483870968,66.33333333333333,63.833333333333336,67.0,64.0
2018,12,4,183.1791935483871,293.37193548387097,87.51290322580645,338.1935483870968,67.0,67.0,65.0,64.0,59.0,338.1935483870968,69.66666666666667,67.5,75.0,69.0
2018,12,4,183.1791935483871,293.37193548387097,87.51290322580645,338.1935483870968,75.0,67.0,67.0,69.0,64.0,338.1935483870968,70.0,67.5,68.0,64.0
2015,1,5,22.905,71.77,17.075,90.5,62.0,68.0,70.0,54.0,61.0,90.5,63.0,65.83333333333333,59.0,57.0
2015,1,5,22.905,71.77,17.075,90.5,59.0,62.0,68.0,57.0,54.0,90.5,61.333333333333336,64.33333333333333,63.0,55.0
2015,1,5,22.905,71.77,17.075,90.5,63.0,59.0,62.0,55.0,57.0,90.5,64.0,65.33333333333333,70.0,67.0
2015,1,5,22.905,71.77,17.075,90.5,70.0,63.0,59.0,67.0,55.0,90.5,68.66666666666667,65.83333333333333,73.0,68.0
2015,2,5,22.905,71.77,17.075,90.5,73.0,70.0,63.0,68.0,67.0,90.5,71.66666666666667,66.5,72.0,71.0
2015,2,5,22.905,71.77,17.075,90.5,72.0,73.0,70.0,71.0,68.0,90.5,69.66666666666667,66.83333333333333,64.0,55.0
2015,2,5,22.905,71.77,17.075,90.5,64.0,72.0,73.0,55.0,71.0,90.5,68.33333333333333,68.5,69.0,59.0
2015,2,5,22.905,71.77,17.075,90.5,69.0,64.0,72.0,59.0,55.0,90.5,68.66666666666667,70.16666666666667,73.0,61.0
2015,2,5,22.905,71.77,17.075,90.5,73.0,69.0,64.0,61.0,59.0,90.5,68.0,68.83333333333333,62.0,55.0
2015,2,5,22.905,71.77,17.075,90.5,62.0,73.0,69.0,55.0,61.0,90.5,65.0,66.66666666666667,60.0,58.0
2015,2,5,22.905,71.77,17.075,90.5,60.0,62.0,73.0,58.0,55.0,90.5,61.666666666666664,65.16666666666667,63.0,55.0
2015,2,5,22.905,71.77,17.075,90.5,63.0,60.0,62.0,55.0,58.0,90.5,64.66666666666667,66.33333333333333,71.0,67.0
2015,2,5,22.905,71.77,17.075,90.5,71.0,63.0,60.0,67.0,55.0,90.5,69.0,67.0,73.0,68.0
2015,3,5,22.905,71.77,17.075,90.5,73.0,71.0,63.0,68.0,67.0,90.5,72.0,66.83333333333333,72.0,70.0
2015,3,5,22.905,71.77,17.075,90.5,72.0,73.0,71.0,70.0,68.0,90.5,69.66666666666667,67.16666666666667,64.0,56.0
2015,3,5,22.905,71.77,17.075,90.5,64.0,72.0,73.0,56.0,70.0,90.5,68.33333333333333,68.66666666666667,69.0,58.0
2015,3,5,22.905,71.77,17.075,90.5,69.0,64.0,72.0,58.0,56.0,90.5,66.0,69.0,65.0,61.0
2015,3,5,22.905,71.77,17.075,90.5,65.0,69.0,64.0,61.0,58.0,90.5,65.0,67.33333333333333,61.0,55.0
2015,3,5,22.905,71.77,17.075,90.5,61.0,65.0,69.0,55.0,61.0,90.5,61.666666666666664,65.0,59.0,56.0
2015,3,5,22.905,71.77,17.075,90.5,59.0,61.0,65.0,56.0,55.0,90.5,61.0,63.5,63.0,55.0
2015,3,5,22.905,71.77,17.075,90.5,63.0,59.0,61.0,55.0,56.0,90.5,64.0,64.5,70.0,67.0
2015,3,5,22.905,71.77,17.075,90.5,70.0,63.0,59.0,67.0,55.0,90.5,68.33333333333333,65.0,72.0,67.0
2015,4,5,22.905000000000005,71.77,17.075,90.5,72.0,70.0,63.0,67.0,67.0,90.5,71.33333333333333,66.16666666666667,72.0,70.0
2015,4,5,22.905000000000005,71.77,17.075,90.5,72.0,72.0,70.0,70.0,67.0,90.5,69.66666666666667,66.83333333333333,65.0,57.0
2015,4,5,22.905000000000005,71.77,17.075,90.5,65.0,72.0,72.0,57.0,70.0,90.5,68.33333333333333,68.33333333333333,68.0,59.0
2015,4,5,22.905000000000005,71.77,17.075,90.5,68.0,65.0,72.0,59.0,57.0,90.5,66.0,68.66666666666667,65.0,60.0
2015,4,5,22.905000000000005,71.77,17.075,90.5,65.0,68.0,65.0,60.0,59.0,90.5,65.0,67.33333333333333,62.0,55.0
2015,4,5,22.905000000000005,71.77,17.075,90.5,62.0,65.0,68.0,55.0,60.0,90.5,62.0,65.16666666666667,59.0,56.0
2015,4,5,22.905000000000005,71.77,17.075,90.5,59.0,62.0,65.0,56.0,55.0,90.5,61.333333333333336,63.666666666666664,63.0,56.0
2015,4,5,22.905000000000005,71.77,17.075,90.5,63.0,59.0,62.0,56.0,56.0,90.5,64.33333333333333,64.66666666666667,71.0,67.0
2015,4,5,22.905000000000005,71.77,17.075,90.5,71.0,63.0,59.0,67.0,56.0,90.5,68.66666666666667,65.33333333333333,72.0,68.0
2015,5,5,22.905,71.77,17.075,90.5,72.0,71.0,63.0,68.0,67.0,90.5,71.66666666666667,66.5,72.0,70.0
2015,5,5,22.905,71.77,17.075,90.5,72.0,72.0,71.0,70.0,68.0,90.5,69.33333333333333,66.83333333333333,64.0,57.0
2015,5,5,22.905,71.77,17.075,90.5,64.0,72.0,72.0,57.0,70.0,90.5,67.66666666666667,68.16666666666667,67.0,59.0
2015,5,5,22.905,71.77,17.075,90.5,67.0,64.0,72.0,59.0,57.0,90.5,65.33333333333333,68.5,65.0,61.0
2015,5,5,22.905,71.77,17.075,90.5,65.0,67.0,64.0,61.0,59.0,90.5,64.66666666666667,67.0,62.0,55.0
2015,5,5,22.905,71.77,17.075,90.5,62.0,65.0,67.0,55.0,61.0,90.5,62.0,64.83333333333333,59.0,55.0
2015,5,5,22.905,71.77,17.075,90.5,59.0,62.0,65.0,55.0,55.0,90.5,61.333333333333336,63.333333333333336,63.0,56.0
2015,5,5,22.905,71.77,17.075,90.5,63.0,59.0,62.0,56.0,55.0,90.5,64.33333333333333,64.5,71.0,67.0
2015,5,5,22.905,71.77,17.075,90.5,71.0,63.0,59.0,67.0,56.0,90.5,68.66666666666667,65.33333333333333,72.0,68.0
2015,6,5,22.905000000000005,71.77,17.075,90.5,72.0,71.0,63.0,68.0,67.0,90.5,72.0,66.66666666666667,73.0,71.0
2015,6,5,22.905000000000005,71.77,17.075,90.5,73.0,72.0,71.0,71.0,68.0,90.5,70.33333333333333,67.33333333333333,66.0,59.0
2015,6,5,22.905000000000005,71.77,17.075,90.5,66.0,73.0,72.0,59.0,71.0,90.5,69.33333333333333,69.0,69.0,60.0
2015,6,5,22.905000000000005,71.77,17.075,90.5,69.0,66.0,73.0,60.0,59.0,90.5,74.66666666666667,73.33333333333333,89.0,87.0
2015,6,5,22.905000000000005,71.77,17.075,90.5,89.0,69.0,66.0,87.0,60.0,90.5,74.0,72.16666666666667,64.0,59.0
2015,6,5,22.905000000000005,71.77,17.075,90.5,64.0,89.0,69.0,59.0,87.0,90.5,72.0,70.66666666666667,63.0,60.0
2015,6,5,22.905000000000005,71.77,17.075,90.5,63.0,64.0,89.0,60.0,59.0,90.5,64.0,69.33333333333333,65.0,61.0
2015,6,5,22.905000000000005,71.77,17.075,90.5,65.0,63.0,64.0,61.0,60.0,90.5,66.33333333333333,70.16666666666667,71.0,69.0
2015,6,5,22.905000000000005,71.77,17.075,90.5,71.0,65.0,63.0,69.0,61.0,90.5,70.33333333333333,71.16666666666667,75.0,71.0
2015,7,5,22.905,71.77,17.075,90.5,75.0,71.0,65.0,71.0,69.0,90.5,72.66666666666667,68.33333333333333,72.0,70.0
2015,7,5,22.905,71.77,17.075,90.5,72.0,75.0,71.0,70.0,71.0,90.5,71.0,68.66666666666667,66.0,59.0
2015,7,5,22.905,71.77,17.075,90.5,66.0,72.0,75.0,59.0,70.0,90.5,69.33333333333333,69.83333333333333,70.0,60.0
2015,7,5,22.905,71.77,17.075,90.5,70.0,66.0,72.0,60.0,59.0,90.5,73.33333333333333,73.0,84.0,83.0
2015,7,5,22.905,71.77,17.075,90.5,84.0,70.0,66.0,83.0,60.0,90.5,72.66666666666667,71.83333333333333,64.0,58.0
2015,7,5,22.905,71.77,17.075,90.5,64.0,84.0,70.0,58.0,83.0,90.5,69.66666666666667,69.5,61.0,58.0
2015,7,5,22.905,71.77,17.075,90.5,61.0,64.0,84.0,58.0,58.0,90.5,64.66666666666667,69.0,69.0,69.0
2015,7,5,22.905,71.77,17.075,90.5,69.0,61.0,64.0,69.0,58.0,90.5,67.0,69.83333333333333,71.0,69.0
2015,7,5,22.905,71.77,17.075,90.5,71.0,69.0,61.0,69.0,69.0,90.5,71.33333333333333,70.5,74.0,71.0
2015,8,5,22.905,71.77,17.075,90.5,74.0,71.0,69.0,71.0,69.0,90.5,72.0,68.33333333333333,71.0,69.0
2015,8,5,22.905,71.77,17.075,90.5,71.0,74.0,71.0,69.0,71.0,90.5,70.0,68.5,65.0,57.0
2015,8,5,22.905,71.77,17.075,90.5,65.0,71.0,74.0,57.0,69.0,90.5,68.33333333333333,69.83333333333333,69.0,59.0
2015,8,5,22.905,71.77,17.075,90.5,69.0,65.0,71.0,59.0,57.0,90.5,68.0,70.0,70.0,71.0
2015,8,5,22.905,71.77,17.075,90.5,70.0,69.0,65.0,71.0,59.0,90.5,67.0,68.5,62.0,56.0
2015,8,5,22.905,71.77,17.075,90.5,62.0,70.0,69.0,56.0,71.0,90.5,64.33333333333333,66.33333333333333,61.0,59.0
2015,8,5,22.905,71.77,17.075,90.5,61.0,62.0,70.0,59.0,56.0,90.5,65.33333333333333,66.66666666666667,73.0,71.0
2015,8,5,22.905,71.77,17.075,90.5,73.0,61.0,62.0,71.0,59.0,90.5,68.0,67.5,70.0,67.0
2015,8,5,22.905,71.77,17.075,90.5,70.0,73.0,61.0,67.0,71.0,90.5,72.0,68.16666666666667,73.0,68.0
2015,9,5,22.905000000000005,71.77,17.075,90.5,73.0,70.0,73.0,68.0,67.0,90.5,71.33333333333333,68.33333333333333,71.0,70.0
2015,9,5,22.905000000000005,71.77,17.075,90.5,71.0,73.0,70.0,70.0,68.0,90.5,69.66666666666667,68.83333333333333,65.0,59.0
2015,9,5,22.905000000000005,71.77,17.075,90.5,65.0,71.0,73.0,59.0,70.0,90.5,68.33333333333333,70.16666666666667,69.0,60.0
2015,9,5,22.905000000000005,71.77,17.075,90.5,69.0,65.0,71.0,60.0,59.0,90.5,67.66666666666667,69.5,69.0,69.0
2015,9,5,22.905000000000005,71.77,17.075,90.5,69.0,69.0,65.0,69.0,60.0,90.5,66.66666666666667,68.16666666666667,62.0,56.0
2015,9,5,22.905000000000005,71.77,17.075,90.5,62.0,69.0,69.0,56.0,69.0,90.5,63.666666666666664,66.0,60.0,58.0
2015,9,5,22.905000000000005,71.77,17.075,90.5,60.0,62.0,69.0,58.0,56.0,90.5,65.33333333333333,66.5,74.0,78.0
2015,9,5,22.905000000000005,71.77,17.075,90.5,74.0,60.0,62.0,78.0,58.0,90.5,68.0,67.33333333333333,70.0,67.0
2015,9,5,22.905000000000005,71.77,17.075,90.5,70.0,74.0,60.0,67.0,78.0,90.5,72.33333333333333,68.0,73.0,68.0
2015,10,5,22.905,71.77,17.075,90.5,73.0,70.0,74.0,68.0,67.0,90.5,70.66666666666667,68.0,69.0,68.0
2015,10,5,22.905,71.77,17.075,90.5,69.0,73.0,70.0,68.0,68.0,90.5,68.33333333333333,68.16666666666667,63.0,55.0
2015,10,5,22.905,71.77,17.075,90.5,63.0,69.0,73.0,55.0,68.0,90.5,67.0,69.66666666666667,69.0,59.0
2015,10,5,22.905,71.77,17.075,90.5,69.0,63.0,69.0,59.0,55.0,90.5,69.33333333333333,70.0,76.0,75.0
2015,10,5,22.905,71.77,17.075,90.5,76.0,69.0,63.0,75.0,59.0,90.5,69.0,68.66666666666667,62.0,54.0
2015,10,5,22.905,71.77,17.075,90.5,62.0,76.0,69.0,54.0,75.0,90.5,66.0,66.5,60.0,57.0
2015,10,5,22.905,71.77,17.075,90.5,60.0,62.0,76.0,57.0,54.0,90.5,64.0,66.66666666666667,70.0,63.0
2015,10,5,22.905,71.77,17.075,90.5,70.0,60.0,62.0,63.0,57.0,90.5,66.66666666666667,67.83333333333333,70.0,67.0
2015,10,5,22.905,71.77,17.075,90.5,70.0,70.0,60.0,67.0,63.0,90.5,71.0,68.5,73.0,67.0
2015,11,5,22.905000000000005,71.77,17.075,90.5,73.0,70.0,70.0,67.0,67.0,90.5,70.33333333333333,67.16666666666667,68.0,67.0
2015,11,5,22.905000000000005,71.77,17.075,90.5,68.0,73.0,70.0,67.0,67.0,90.5,67.66666666666667,67.16666666666667,62.0,56.0
2015,11,5,22.905000000000005,71.77,17.075,90.5,62.0,68.0,73.0,56.0,67.0,90.5,66.0,68.5,68.0,60.0
2015,11,5,22.905000000000005,71.77,17.075,90.5,68.0,62.0,68.0,60.0,56.0,90.5,68.33333333333333,69.33333333333333,75.0,75.0
2015,11,5,22.905000000000005,71.77,17.075,90.5,75.0,68.0,62.0,75.0,60.0,90.5,68.0,67.83333333333333,61.0,55.0
2015,11,5,22.905000000000005,71.77,17.075,90.5,61.0,75.0,68.0,55.0,75.0,90.5,65.66666666666667,65.83333333333333,61.0,57.0
2015,11,5,22.905000000000005,71.77,17.075,90.5,61.0,61.0,75.0,57.0,55.0,90.5,61.666666666666664,65.0,63.0,56.0
2015,11,5,22.905000000000005,71.77,17.075,90.5,63.0,61.0,61.0,56.0,57.0,90.5,65.33333333333333,66.66666666666667,72.0,68.0
2015,11,5,22.905000000000005,71.77,17.075,90.5,72.0,63.0,61.0,68.0,56.0,90.5,69.33333333333333,67.5,73.0,68.0
2015,12,5,22.905,71.77,17.075,90.5,73.0,72.0,63.0,68.0,68.0,90.5,71.33333333333333,66.5,69.0,68.0
2015,12,5,22.905,71.77,17.075,90.5,69.0,73.0,72.0,68.0,68.0,90.5,68.0,66.66666666666667,62.0,54.0
2015,12,5,22.905,71.77,17.075,90.5,62.0,69.0,73.0,54.0,68.0,90.5,66.33333333333333,67.83333333333333,68.0,59.0
2015,12,5,22.905,71.77,17.075,90.5,68.0,62.0,69.0,59.0,54.0,90.5,68.66666666666667,70.0,76.0,76.0
2015,12,5,22.905,71.77,17.075,90.5,76.0,68.0,62.0,76.0,59.0,90.5,68.0,68.0,60.0,54.0
2015,12,5,22.905,71.77,17.075,90.5,60.0,76.0,68.0,54.0,76.0,90.5,65.0,65.66666666666667,59.0,55.0
2015,12,5,22.905,71.77,17.075,90.5,59.0,60.0,76.0,55.0,54.0,90.5,60.666666666666664,64.66666666666667,63.0,56.0
2015,12,5,22.905,71.77,17.075,90.5,63.0,59.0,60.0,56.0,55.0,90.5,65.66666666666667,66.83333333333333,75.0,68.0
2015,12,5,22.905,71.77,17.075,90.5,75.0,63.0,59.0,68.0,56.0,90.5,70.33333333333333,67.66666666666667,73.0,68.0
2016,1,5,22.905,71.77,17.075,90.5,73.0,75.0,63.0,68.0,68.0,90.5,72.33333333333333,66.5,69.0,68.0
2016,1,5,22.905,71.77,17.075,90.5,69.0,73.0,75.0,68.0,68.0,90.5,68.33333333333333,67.0,63.0,52.0
2016,1,5,22.905,71.77,17.075,90.5,63.0,69.0,73.0,52.0,68.0,90.5,66.66666666666667,68.5,68.0,58.0
2016,1,5,22.905,71.77,17.075,90.5,68.0,63.0,69.0,58.0,52.0,90.5,69.66666666666667,71.0,78.0,79.0
2016,1,5,22.905,71.77,17.075,90.5,78.0,68.0,63.0,79.0,58.0,90.5,69.66666666666667,69.0,63.0,53.0
2016,1,5,22.905,71.77,17.075,90.5,63.0,78.0,68.0,53.0,79.0,90.5,66.66666666666667,66.66666666666667,59.0,54.0
2016,1,5,22.905,71.77,17.075,90.5,59.0,63.0,78.0,54.0,53.0,90.5,62.666666666666664,66.16666666666667,66.0,58.0
2016,1,5,22.905,71.77,17.075,90.5,66.0,59.0,63.0,58.0,54.0,90.5,68.0,68.83333333333333,79.0,69.0
2016,1,5,22.905,71.77,17.075,90.5,79.0,66.0,59.0,69.0,58.0,90.5,72.66666666666667,69.66666666666667,73.0,68.0
2016,2,5,22.905,71.77,17.075,90.5,73.0,79.0,66.0,68.0,69.0,90.5,73.66666666666667,68.16666666666667,69.0,68.0
2016,2,5,22.905,71.77,17.075,90.5,69.0,73.0,79.0,68.0,68.0,90.5,68.33333333333333,68.16666666666667,63.0,55.0
2016,2,5,22.905,71.77,17.075,90.5,63.0,69.0,73.0,55.0,68.0,90.5,68.0,70.33333333333333,72.0,67.0
2016,2,5,22.905,71.77,17.075,90.5,72.0,63.0,69.0,67.0,55.0,90.5,70.0,71.83333333333333,75.0,75.0
2016,2,5,22.905,71.77,17.075,90.5,75.0,72.0,63.0,75.0,67.0,90.5,70.0,69.16666666666667,63.0,53.0
2016,2,5,22.905,71.77,17.075,90.5,63.0,75.0,72.0,53.0,75.0,90.5,66.0,67.0,60.0,55.0
2016,2,5,22.905,71.77,17.075,90.5,60.0,63.0,75.0,55.0,53.0,90.5,62.0,66.0,63.0,56.0
2016,2,5,22.905,71.77,17.075,90.5,63.0,60.0,63.0,56.0,55.0,90.5,64.66666666666667,67.33333333333333,71.0,67.0
2016,2,5,22.905,71.77,17.075,90.5,71.0,63.0,60.0,67.0,56.0,90.5,69.0,67.5,73.0,67.0
2016,3,5,22.905,71.77,17.075,90.5,73.0,71.0,63.0,67.0,67.0,90.5,71.33333333333333,66.66666666666667,70.0,68.0
2016,3,5,22.905,71.77,17.075,90.5,70.0,73.0,71.0,68.0,67.0,90.5,68.33333333333333,66.5,62.0,55.0
2016,3,5,22.905,71.77,17.075,90.5,62.0,70.0,73.0,55.0,68.0,90.5,67.0,68.0,69.0,59.0
2016,3,5,22.905,71.77,17.075,90.5,69.0,62.0,70.0,59.0,55.0,90.5,68.66666666666667,70.0,75.0,75.0
2016,3,5,22.905,71.77,17.075,90.5,75.0,69.0,62.0,75.0,59.0,90.5,69.0,68.66666666666667,63.0,53.0
2016,3,5,22.905,71.77,17.075,90.5,63.0,75.0,69.0,53.0,75.0,90.5,66.33333333333333,66.66666666666667,61.0,57.0
2016,3,5,22.905,71.77,17.075,90.5,61.0,63.0,75.0,57.0,53.0,90.5,62.666666666666664,65.66666666666667,64.0,56.0
2016,3,5,22.905,71.77,17.075,90.5,64.0,61.0,63.0,56.0,57.0,90.5,65.33333333333333,67.16666666666667,71.0,67.0
2016,3,5,22.905,71.77,17.075,90.5,71.0,64.0,61.0,67.0,56.0,90.5,69.0,67.66666666666667,72.0,67.0
2016,4,5,22.905000000000005,71.77,17.075,90.5,72.0,71.0,64.0,67.0,67.0,90.5,70.66666666666667,66.66666666666667,69.0,68.0
2016,4,5,22.905000000000005,71.77,17.075,90.5,69.0,72.0,71.0,68.0,67.0,90.5,67.66666666666667,66.5,62.0,56.0
2016,4,5,22.905000000000005,71.77,17.075,90.5,62.0,69.0,72.0,56.0,68.0,90.5,66.33333333333333,67.66666666666667,68.0,60.0
2016,4,5,22.905000000000005,71.77,17.075,90.5,68.0,62.0,69.0,60.0,56.0,90.5,67.33333333333333,69.0,72.0,72.0
2016,4,5,22.905000000000005,71.77,17.075,90.5,72.0,68.0,62.0,72.0,60.0,90.5,67.0,67.33333333333333,61.0,54.0
2016,4,5,22.905000000000005,71.77,17.075,90.5,61.0,72.0,68.0,54.0,72.0,90.5,64.33333333333333,65.33333333333333,60.0,57.0
2016,4,5,22.905000000000005,71.77,17.075,90.5,60.0,61.0,72.0,57.0,54.0,90.5,61.666666666666664,64.5,64.0,57.0
2016,4,5,22.905000000000005,71.77,17.075,90.5,64.0,60.0,61.0,57.0,57.0,90.5,65.33333333333333,66.16666666666667,72.0,67.0
2016,4,5,22.905000000000005,71.77,17.075,90.5,72.0,64.0,60.0,67.0,57.0,90.5,69.33333333333333,66.83333333333333,72.0,68.0
2016,5,5,22.905,71.77,17.075,90.5,72.0,72.0,64.0,68.0,67.0,90.5,71.66666666666667,66.66666666666667,71.0,69.0
2016,5,5,22.905,71.77,17.075,90.5,71.0,72.0,72.0,69.0,68.0,90.5,68.33333333333333,66.83333333333333,62.0,55.0
2016,5,5,22.905,71.77,17.075,90.5,62.0,71.0,72.0,55.0,69.0,90.5,70.0,69.66666666666667,77.0,79.0
2016,5,5,22.905,71.77,17.075,90.5,77.0,62.0,71.0,79.0,55.0,90.5,70.66666666666667,71.16666666666667,73.0,74.0
2016,5,5,22.905,71.77,17.075,90.5,73.0,77.0,62.0,74.0,79.0,90.5,74.66666666666667,71.5,74.0,84.0
2016,5,5,22.905,71.77,17.075,90.5,74.0,73.0,77.0,84.0,74.0,90.5,68.66666666666667,69.33333333333333,59.0,54.0
2016,5,5,22.905,71.77,17.075,90.5,59.0,74.0,73.0,54.0,84.0,90.5,65.33333333333333,68.0,63.0,57.0
2016,5,5,22.905,71.77,17.075,90.5,63.0,59.0,74.0,57.0,54.0,90.5,64.0,69.33333333333333,70.0,67.0
2016,5,5,22.905,71.77,17.075,90.5,70.0,63.0,59.0,67.0,57.0,90.5,68.33333333333333,68.5,72.0,68.0
2016,6,5,22.905,71.77,17.075,90.5,72.0,70.0,63.0,68.0,67.0,90.5,70.33333333333333,67.83333333333333,69.0,67.0
2016,6,5,22.905,71.77,17.075,90.5,69.0,72.0,70.0,67.0,68.0,90.5,68.0,66.0,63.0,58.0
2016,6,5,22.905,71.77,17.075,90.5,63.0,69.0,72.0,58.0,67.0,90.5,68.0,68.16666666666667,72.0,62.0
2016,6,5,22.905,71.77,17.075,90.5,72.0,63.0,69.0,62.0,58.0,90.5,69.33333333333333,69.83333333333333,73.0,73.0
2016,6,5,22.905,71.77,17.075,90.5,73.0,72.0,63.0,73.0,62.0,90.5,69.66666666666667,68.83333333333333,64.0,59.0
2016,6,5,22.905,71.77,17.075,90.5,64.0,73.0,72.0,59.0,73.0,90.5,66.33333333333333,67.16666666666667,62.0,57.0
2016,6,5,22.905,71.77,17.075,90.5,62.0,64.0,73.0,57.0,59.0,90.5,63.666666666666664,66.5,65.0,58.0
2016,6,5,22.905,71.77,17.075,90.5,65.0,62.0,64.0,58.0,57.0,90.5,65.66666666666667,67.66666666666667,70.0,67.0
2016,6,5,22.905,71.77,17.075,90.5,70.0,65.0,62.0,67.0,58.0,90.5,69.66666666666667,68.0,74.0,69.0
2016,7,5,22.905,71.77,17.075,90.5,74.0,70.0,65.0,69.0,67.0,90.5,71.0,67.33333333333333,69.0,67.0
2016,7,5,22.905,71.77,17.075,90.5,69.0,74.0,70.0,67.0,69.0,90.5,71.33333333333333,68.5,71.0,70.0
2016,7,5,22.905,71.77,17.075,90.5,71.0,69.0,74.0,70.0,67.0,90.5,70.0,69.83333333333333,70.0,60.0
2016,7,5,22.905,71.77,17.075,90.5,70.0,71.0,69.0,60.0,70.0,90.5,70.66666666666667,70.83333333333333,71.0,71.0
2016,7,5,22.905,71.77,17.075,90.5,71.0,70.0,71.0,71.0,60.0,90.5,68.33333333333333,69.83333333333333,64.0,58.0
2016,7,5,22.905,71.77,17.075,90.5,64.0,71.0,70.0,58.0,71.0,90.5,65.33333333333333,67.66666666666667,61.0,57.0
2016,7,5,22.905,71.77,17.075,90.5,61.0,64.0,71.0,57.0,58.0,90.5,63.0,66.83333333333333,64.0,60.0
2016,7,5,22.905,71.77,17.075,90.5,64.0,61.0,64.0,60.0,57.0,90.5,65.0,66.66666666666667,70.0,66.0
2016,7,5,22.905,71.77,17.075,90.5,70.0,64.0,61.0,66.0,60.0,90.5,69.33333333333333,67.33333333333333,74.0,69.0
2016,8,5,22.905,71.77,17.075,90.5,74.0,70.0,64.0,69.0,66.0,90.5,70.66666666666667,66.83333333333333,68.0,66.0
2016,8,5,22.905,71.77,17.075,90.5,68.0,74.0,70.0,66.0,69.0,90.5,72.33333333333333,68.66666666666667,75.0,75.0
2016,8,5,22.905,71.77,17.075,90.5,75.0,68.0,74.0,75.0,66.0,90.5,70.66666666666667,70.0,69.0,60.0
2016,8,5,22.905,71.77,17.075,90.5,69.0,75.0,68.0,60.0,75.0,90.5,72.0,71.33333333333333,72.0,72.0
2016,8,5,22.905,71.77,17.075,90.5,72.0,69.0,75.0,72.0,60.0,90.5,67.66666666666667,70.0,62.0,56.0
2016,8,5,22.905,71.77,17.075,90.5,62.0,72.0,69.0,56.0,72.0,90.5,64.66666666666667,67.66666666666667,60.0,57.0
2016,8,5,22.905,71.77,17.075,90.5,60.0,62.0,72.0,57.0,56.0,90.5,62.0,67.0,64.0,60.0
2016,8,5,22.905,71.77,17.075,90.5,64.0,60.0,62.0,60.0,57.0,90.5,64.66666666666667,66.16666666666667,70.0,67.0
2016,8,5,22.905,71.77,17.075,90.5,70.0,64.0,60.0,67.0,60.0,90.5,69.0,66.83333333333333,73.0,69.0
2017,11,5,22.905,71.77,17.075,90.5,73.0,70.0,64.0,69.0,67.0,90.5,69.0,65.5,64.0,59.0
2017,11,5,22.905,71.77,17.075,90.5,64.0,73.0,70.0,59.0,69.0,90.5,67.33333333333333,66.0,65.0,64.0
2017,11,5,22.905,71.77,17.075,90.5,65.0,64.0,73.0,64.0,59.0,90.5,66.33333333333333,67.66666666666667,70.0,61.0
2017,11,5,22.905,71.77,17.075,90.5,70.0,65.0,64.0,61.0,64.0,90.5,70.0,69.5,75.0,73.0
2017,11,5,22.905,71.77,17.075,90.5,75.0,70.0,65.0,73.0,61.0,90.5,68.33333333333333,67.83333333333333,60.0,53.0
2017,11,5,22.905,71.77,17.075,90.5,60.0,75.0,70.0,53.0,73.0,90.5,63.666666666666664,65.0,56.0,51.0
2017,11,5,22.905,71.77,17.075,90.5,56.0,60.0,75.0,51.0,53.0,90.5,59.333333333333336,64.66666666666667,62.0,55.0
2017,11,5,22.905,71.77,17.075,90.5,62.0,56.0,60.0,55.0,51.0,90.5,62.666666666666664,65.5,70.0,66.0
2017,11,5,22.905,71.77,17.075,90.5,70.0,62.0,56.0,66.0,55.0,90.5,68.0,65.83333333333333,72.0,67.0
2017,12,5,22.905,71.77,17.075,90.5,72.0,70.0,62.0,67.0,66.0,90.5,69.0,64.16666666666667,65.0,60.0
2017,12,5,22.905,71.77,17.075,90.5,65.0,72.0,70.0,60.0,67.0,90.5,67.0,64.83333333333333,64.0,64.0
2017,12,5,22.905,71.77,17.075,90.5,64.0,65.0,72.0,64.0,60.0,90.5,67.66666666666667,67.83333333333333,74.0,77.0
2017,12,5,22.905,71.77,17.075,90.5,74.0,64.0,65.0,77.0,64.0,90.5,70.33333333333333,69.66666666666667,73.0,74.0
2017,12,5,22.905,71.77,17.075,90.5,73.0,74.0,64.0,74.0,77.0,90.5,69.0,68.0,60.0,53.0
2017,12,5,22.905,71.77,17.075,90.5,60.0,73.0,74.0,53.0,74.0,90.5,63.333333333333336,65.5,57.0,52.0
2017,12,5,22.905,71.77,17.075,90.5,57.0,60.0,73.0,52.0,53.0,90.5,60.0,65.16666666666667,63.0,57.0
2017,12,5,22.905,71.77,17.075,90.5,63.0,57.0,60.0,57.0,52.0,90.5,63.333333333333336,66.16666666666667,70.0,67.0
2017,12,5,22.905,71.77,17.075,90.5,70.0,63.0,57.0,67.0,57.0,90.5,68.33333333333333,65.83333333333333,72.0,67.0
2018,1,5,22.905,71.77,17.075,90.5,72.0,70.0,63.0,67.0,67.0,90.5,60.666666666666664,60.333333333333336,40.0,40.0
2018,1,5,22.905,71.77,17.075,90.5,40.0,72.0,70.0,40.0,67.0,90.5,57.666666666666664,60.5,61.0,61.0
2018,1,5,22.905,71.77,17.075,90.5,61.0,40.0,72.0,61.0,40.0,90.5,55.666666666666664,62.0,66.0,62.0
2018,1,5,22.905,71.77,17.075,90.5,66.0,61.0,40.0,62.0,61.0,90.5,63.333333333333336,62.0,63.0,54.0
2018,1,5,22.905,71.77,17.075,90.5,63.0,66.0,61.0,54.0,62.0,90.5,63.333333333333336,60.5,61.0,54.0
2018,1,5,22.905,71.77,17.075,90.5,61.0,63.0,66.0,54.0,54.0,90.5,60.333333333333336,58.0,57.0,52.0
2018,1,5,22.905,71.77,17.075,90.5,57.0,61.0,63.0,52.0,54.0,90.5,60.333333333333336,61.833333333333336,63.0,56.0
2018,1,5,22.905,71.77,17.075,90.5,63.0,57.0,61.0,56.0,52.0,90.5,63.333333333333336,63.333333333333336,70.0,67.0
2018,1,5,22.905,71.77,17.075,90.5,70.0,63.0,57.0,67.0,56.0,90.5,68.33333333333333,64.33333333333333,72.0,67.0
2018,2,5,22.905,71.77,16.784464285714286,90.5,72.0,70.0,63.0,67.0,67.0,90.5,61.333333333333336,60.833333333333336,42.0,43.0
2018,2,5,22.905,71.77,16.784464285714286,90.5,42.0,72.0,70.0,43.0,67.0,90.5,59.0,61.166666666666664,63.0,63.0
2018,2,5,22.905,71.77,16.784464285714286,90.5,63.0,42.0,72.0,63.0,43.0,90.5,56.666666666666664,62.5,65.0,62.0
2018,2,5,22.905,71.77,16.784464285714286,90.5,65.0,63.0,42.0,62.0,63.0,90.5,63.666666666666664,62.5,63.0,56.0
2018,2,5,22.905,71.77,16.784464285714286,90.5,63.0,65.0,63.0,56.0,62.0,90.5,63.0,61.0,61.0,54.0
2018,2,5,22.905,71.77,16.784464285714286,90.5,61.0,63.0,65.0,54.0,56.0,90.5,60.0,58.333333333333336,56.0,50.0
2018,2,5,22.905,71.77,16.784464285714286,90.5,56.0,61.0,63.0,50.0,54.0,90.5,60.333333333333336,62.0,64.0,56.0
2018,2,5,22.905,71.77,16.784464285714286,90.5,64.0,56.0,61.0,56.0,50.0,90.5,64.0,63.5,72.0,69.0
2018,2,5,22.905,71.77,16.784464285714286,90.5,72.0,64.0,56.0,69.0,56.0,90.5,69.33333333333333,64.66666666666667,72.0,67.0
2018,3,5,22.905,71.77,17.075,90.5,72.0,72.0,64.0,67.0,69.0,90.5,65.0,62.666666666666664,51.0,53.0
2018,3,5,22.905,71.77,17.075,90.5,51.0,72.0,72.0,53.0,67.0,90.5,62.666666666666664,63.333333333333336,65.0,64.0
2018,3,5,22.905,71.77,17.075,90.5,65.0,51.0,72.0,64.0,53.0,90.5,60.666666666666664,65.0,66.0,61.0
2018,3,5,22.905,71.77,17.075,90.5,66.0,65.0,51.0,61.0,64.0,90.5,64.66666666666667,64.83333333333333,63.0,57.0
2018,3,5,22.905,71.77,17.075,90.5,63.0,66.0,65.0,57.0,61.0,90.5,63.333333333333336,63.0,61.0,54.0
2018,3,5,22.905,71.77,17.075,90.5,61.0,63.0,66.0,54.0,57.0,90.5,60.666666666666664,60.666666666666664,58.0,51.0
2018,3,5,22.905,71.77,17.075,90.5,58.0,61.0,63.0,51.0,54.0,90.5,61.0,62.833333333333336,64.0,56.0
2018,3,5,22.905,71.77,17.075,90.5,64.0,58.0,61.0,56.0,51.0,90.5,65.0,64.16666666666667,73.0,69.0
2018,3,5,22.905,71.77,17.075,90.5,73.0,64.0,58.0,69.0,56.0,90.5,69.66666666666667,65.16666666666667,72.0,68.0
2018,4,5,23.017826086956525,71.19434782608695,17.20565217391304,90.5,72.0,73.0,64.0,68.0,69.0,90.5,65.0,63.0,50.0,51.0
2018,4,5,23.017826086956525,71.19434782608695,17.20565217391304,90.5,50.0,72.0,73.0,51.0,68.0,90.5,62.333333333333336,63.666666666666664,65.0,65.0
2018,4,5,23.017826086956525,71.19434782608695,17.20565217391304,90.5,65.0,50.0,72.0,65.0,51.0,90.5,61.666666666666664,65.66666666666667,70.0,69.0
2018,4,5,23.017826086956525,71.19434782608695,17.20565217391304,90.5,70.0,65.0,50.0,69.0,65.0,90.5,65.0,65.0,60.0,55.0
2018,4,5,23.017826086956525,71.19434782608695,17.20565217391304,90.5,60.0,70.0,65.0,55.0,69.0,90.5,63.333333333333336,62.833333333333336,60.0,54.0
2018,4,5,23.017826086956525,71.19434782608695,17.20565217391304,90.5,60.0,60.0,70.0,54.0,55.0,90.5,60.0,60.833333333333336,60.0,54.0
2018,4,5,23.017826086956525,71.19434782608695,17.20565217391304,90.5,60.0,60.0,60.0,54.0,54.0,90.5,61.333333333333336,63.166666666666664,64.0,57.0
2018,4,5,23.017826086956525,71.19434782608695,17.20565217391304,90.5,64.0,60.0,60.0,57.0,54.0,90.5,66.0,64.66666666666667,74.0,68.0
2018,4,5,23.017826086956525,71.19434782608695,17.20565217391304,90.5,74.0,64.0,60.0,68.0,57.0,90.5,70.0,65.0,72.0,68.0
2018,5,5,20.673076923076923,69.31230769230768,20.957692307692305,80.32692307692308,72.0,74.0,64.0,68.0,68.0,90.5,63.333333333333336,62.333333333333336,44.0,44.0
2018,5,5,20.673076923076923,69.31230769230768,20.957692307692305,80.32692307692308,44.0,72.0,74.0,44.0,68.0,80.32692307692308,59.333333333333336,62.666666666666664,62.0,62.0
2018,5,5,20.673076923076923,69.31230769230768,20.957692307692305,80.32692307692308,62.0,44.0,72.0,62.0,44.0,80.32692307692308,59.666666666666664,64.83333333333333,73.0,84.0
2018,5,5,20.673076923076923,69.31230769230768,20.957692307692305,80.32692307692308,73.0,62.0,44.0,84.0,62.0,80.32692307692308,63.0,63.166666666666664,54.0,53.0
2018,5,5,20.673076923076923,69.31230769230768,20.957692307692305,80.32692307692308,54.0,73.0,62.0,53.0,84.0,80.32692307692308,62.333333333333336,60.833333333333336,60.0,55.0
2018,5,5,20.673076923076923,69.31230769230768,20.957692307692305,80.32692307692308,60.0,54.0,73.0,55.0,53.0,80.32692307692308,57.666666666666664,58.666666666666664,59.0,52.0
2018,5,5,20.673076923076923,69.31230769230768,20.957692307692305,80.32692307692308,59.0,60.0,54.0,52.0,55.0,80.32692307692308,61.0,62.0,64.0,58.0
2018,5,5,20.673076923076923,69.31230769230768,20.957692307692305,80.32692307692308,64.0,59.0,60.0,58.0,52.0,80.32692307692308,65.33333333333333,63.833333333333336,73.0,68.0
2018,5,5,20.673076923076923,69.31230769230768,20.957692307692305,80.32692307692308,73.0,64.0,59.0,68.0,58.0,80.32692307692308,69.66666666666667,63.666666666666664,72.0,68.0
2018,6,5,18.88566666666667,67.50766666666667,17.538166666666665,82.48333333333333,72.0,73.0,64.0,68.0,68.0,80.32692307692308,65.33333333333333,63.166666666666664,51.0,50.0
2018,6,5,18.88566666666667,67.50766666666667,17.538166666666665,82.48333333333333,51.0,72.0,73.0,50.0,68.0,82.48333333333333,61.666666666666664,63.5,62.0,62.0
2018,6,5,18.88566666666667,67.50766666666667,17.538166666666665,82.48333333333333,62.0,51.0,72.0,62.0,50.0,82.48333333333333,60.666666666666664,65.16666666666667,69.0,61.0
2018,6,5,18.88566666666667,67.50766666666667,17.538166666666665,82.48333333333333,69.0,62.0,51.0,61.0,62.0,82.48333333333333,61.666666666666664,63.5,54.0,53.0
2018,6,5,18.88566666666667,67.50766666666667,17.538166666666665,82.48333333333333,54.0,69.0,62.0,53.0,61.0,82.48333333333333,61.666666666666664,61.666666666666664,62.0,56.0
2018,6,5,18.88566666666667,67.50766666666667,17.538166666666665,82.48333333333333,62.0,54.0,69.0,56.0,53.0,82.48333333333333,58.666666666666664,59.666666666666664,60.0,54.0
2018,6,5,18.88566666666667,67.50766666666667,17.538166666666665,82.48333333333333,60.0,62.0,54.0,54.0,56.0,82.48333333333333,62.333333333333336,62.0,65.0,63.0
2018,6,5,18.88566666666667,67.50766666666667,17.538166666666665,82.48333333333333,65.0,60.0,62.0,63.0,54.0,82.48333333333333,65.0,63.333333333333336,70.0,66.0
2018,6,5,18.88566666666667,67.50766666666667,17.538166666666665,82.48333333333333,70.0,65.0,60.0,66.0,63.0,82.48333333333333,69.33333333333333,64.0,73.0,69.0
2018,7,5,16.58435483870968,62.96064516129032,17.635806451612904,70.54838709677419,73.0,70.0,65.0,69.0,66.0,82.48333333333333,69.33333333333333,65.83333333333333,65.0,65.0
2018,7,5,16.58435483870968,62.96064516129032,17.635806451612904,70.54838709677419,65.0,73.0,70.0,65.0,69.0,70.54838709677419,66.0,65.5,60.0,60.0
2018,7,5,16.58435483870968,62.96064516129032,17.635806451612904,70.54838709677419,60.0,65.0,73.0,60.0,65.0,70.54838709677419,64.66666666666667,67.0,69.0,67.0
2018,7,5,16.58435483870968,62.96064516129032,17.635806451612904,70.54838709677419,69.0,60.0,65.0,67.0,60.0,70.54838709677419,61.0,65.16666666666667,54.0,52.0
2018,7,5,16.58435483870968,62.96064516129032,17.635806451612904,70.54838709677419,54.0,69.0,60.0,52.0,67.0,70.54838709677419,61.666666666666664,63.833333333333336,62.0,56.0
2018,7,5,16.58435483870968,62.96064516129032,17.635806451612904,70.54838709677419,62.0,54.0,69.0,56.0,52.0,70.54838709677419,58.333333333333336,61.5,59.0,56.0
2018,7,5,16.58435483870968,62.96064516129032,17.635806451612904,70.54838709677419,59.0,62.0,54.0,56.0,56.0,70.54838709677419,62.0,61.5,65.0,61.0
2018,7,5,16.58435483870968,62.96064516129032,17.635806451612904,70.54838709677419,65.0,59.0,62.0,61.0,56.0,70.54838709677419,64.66666666666667,63.166666666666664,70.0,66.0
2018,7,5,16.58435483870968,62.96064516129032,17.635806451612904,70.54838709677419,70.0,65.0,59.0,66.0,61.0,70.54838709677419,69.66666666666667,64.0,74.0,69.0
2018,8,5,21.90032258064516,60.69516129032258,24.65419354838709,74.80645161290323,74.0,70.0,65.0,69.0,66.0,70.54838709677419,69.66666666666667,65.83333333333333,65.0,64.0
2018,8,5,21.90032258064516,60.69516129032258,24.65419354838709,74.80645161290323,65.0,74.0,70.0,64.0,69.0,74.80645161290323,65.0,64.83333333333333,56.0,55.0
2018,8,5,21.90032258064516,60.69516129032258,24.65419354838709,74.80645161290323,56.0,65.0,74.0,55.0,64.0,74.80645161290323,63.0,66.33333333333333,68.0,67.0
2018,8,5,21.90032258064516,60.69516129032258,24.65419354838709,74.80645161290323,68.0,56.0,65.0,67.0,55.0,74.80645161290323,59.333333333333336,64.5,54.0,53.0
2018,8,5,21.90032258064516,60.69516129032258,24.65419354838709,74.80645161290323,54.0,68.0,56.0,53.0,67.0,74.80645161290323,61.0,63.0,61.0,55.0
2018,8,5,21.90032258064516,60.69516129032258,24.65419354838709,74.80645161290323,61.0,54.0,68.0,55.0,53.0,74.80645161290323,57.666666666666664,60.333333333333336,58.0,55.0
2018,8,5,21.90032258064516,60.69516129032258,24.65419354838709,74.80645161290323,58.0,61.0,54.0,55.0,55.0,74.80645161290323,61.0,60.166666666666664,64.0,58.0
2018,8,5,21.90032258064516,60.69516129032258,24.65419354838709,74.80645161290323,64.0,58.0,61.0,58.0,55.0,74.80645161290323,64.33333333333333,62.666666666666664,71.0,68.0
2018,8,5,21.90032258064516,60.69516129032258,24.65419354838709,74.80645161290323,71.0,64.0,58.0,68.0,58.0,74.80645161290323,69.33333333333333,63.5,73.0,69.0
2018,9,5,28.953333333333333,72.85266666666666,26.331,87.23333333333333,73.0,71.0,64.0,69.0,68.0,74.80645161290323,67.66666666666667,64.33333333333333,59.0,51.0
2018,9,5,28.953333333333333,72.85266666666666,26.331,87.23333333333333,59.0,73.0,71.0,51.0,69.0,87.23333333333333,63.666666666666664,64.0,59.0,59.0
2018,9,5,28.953333333333333,72.85266666666666,26.331,87.23333333333333,59.0,59.0,73.0,59.0,51.0,87.23333333333333,62.0,65.66666666666667,68.0,66.0
2018,9,5,28.953333333333333,72.85266666666666,26.331,87.23333333333333,68.0,59.0,59.0,66.0,59.0,87.23333333333333,62.333333333333336,65.0,60.0,59.0
2018,9,5,28.953333333333333,72.85266666666666,26.331,87.23333333333333,60.0,68.0,59.0,59.0,66.0,87.23333333333333,63.0,63.333333333333336,61.0,55.0
2018,9,5,28.953333333333333,72.85266666666666,26.331,87.23333333333333,61.0,60.0,68.0,55.0,59.0,87.23333333333333,59.333333333333336,60.666666666666664,57.0,55.0
2018,9,5,28.953333333333333,72.85266666666666,26.331,87.23333333333333,57.0,61.0,60.0,55.0,55.0,87.23333333333333,61.333333333333336,61.833333333333336,66.0,59.0
2018,9,5,28.953333333333333,72.85266666666666,26.331,87.23333333333333,66.0,57.0,61.0,59.0,55.0,87.23333333333333,65.0,64.0,72.0,67.0
2018,9,5,28.953333333333333,72.85266666666666,26.331,87.23333333333333,72.0,66.0,57.0,67.0,59.0,87.23333333333333,70.0,64.66666666666667,72.0,68.0
2018,10,5,45.13016666666667,122.769,27.749166666666667,118.2,72.0,72.0,66.0,68.0,67.0,87.23333333333333,70.66666666666667,66.0,68.0,69.0
2018,10,5,45.13016666666667,122.769,27.749166666666667,118.2,68.0,72.0,72.0,69.0,68.0,118.2,69.33333333333333,67.16666666666667,68.0,69.0
2018,10,5,45.13016666666667,122.769,27.749166666666667,118.2,68.0,68.0,72.0,69.0,69.0,118.2,68.33333333333333,69.16666666666667,69.0,61.0
2018,10,5,45.13016666666667,122.769,27.749166666666667,118.2,69.0,68.0,68.0,61.0,69.0,118.2,66.33333333333333,68.5,62.0,56.0
2018,10,5,45.13016666666667,122.769,27.749166666666667,118.2,62.0,69.0,68.0,56.0,61.0,118.2,63.666666666666664,66.5,60.0,53.0
2018,10,5,45.13016666666667,122.769,27.749166666666667,118.2,60.0,62.0,69.0,53.0,56.0,118.2,59.333333333333336,63.833333333333336,56.0,51.0
2018,10,5,45.13016666666667,122.769,27.749166666666667,118.2,56.0,60.0,62.0,51.0,53.0,118.2,61.666666666666664,64.0,69.0,62.0
2018,10,5,45.13016666666667,122.769,27.749166666666667,118.2,69.0,56.0,60.0,62.0,51.0,118.2,64.0,63.833333333333336,67.0,64.0
2018,10,5,45.13016666666667,122.769,27.749166666666667,118.2,67.0,69.0,56.0,64.0,62.0,118.2,69.66666666666667,64.5,73.0,68.0
2018,11,5,59.3601724137931,153.40206896551723,46.835344827586205,148.74137931034485,73.0,67.0,69.0,68.0,64.0,118.2,64.33333333333333,63.0,53.0,53.0
2018,11,5,59.3601724137931,153.40206896551723,46.835344827586205,148.74137931034485,53.0,73.0,67.0,53.0,68.0,148.74137931034485,63.0,63.5,63.0,63.0
2018,11,5,59.3601724137931,153.40206896551723,46.835344827586205,148.74137931034485,63.0,53.0,73.0,63.0,53.0,148.74137931034485,61.333333333333336,65.5,68.0,60.0
2018,11,5,59.3601724137931,153.40206896551723,46.835344827586205,148.74137931034485,68.0,63.0,53.0,60.0,63.0,148.74137931034485,64.66666666666667,64.5,63.0,54.0
2018,11,5,59.3601724137931,153.40206896551723,46.835344827586205,148.74137931034485,63.0,68.0,63.0,54.0,60.0,148.74137931034485,64.0,63.5,61.0,53.0
2018,11,5,59.3601724137931,153.40206896551723,46.835344827586205,148.74137931034485,61.0,63.0,68.0,53.0,54.0,148.74137931034485,60.0,60.666666666666664,56.0,50.0
2018,11,5,59.3601724137931,153.40206896551723,46.835344827586205,148.74137931034485,56.0,61.0,63.0,50.0,53.0,148.74137931034485,62.666666666666664,63.666666666666664,71.0,63.0
2018,11,5,59.3601724137931,153.40206896551723,46.835344827586205,148.74137931034485,71.0,56.0,61.0,63.0,50.0,148.74137931034485,65.33333333333333,64.66666666666667,69.0,66.0
2018,11,5,59.3601724137931,153.40206896551723,46.835344827586205,148.74137931034485,69.0,71.0,56.0,66.0,63.0,148.74137931034485,70.66666666666667,65.33333333333333,72.0,68.0
2018,12,5,65.2258064516129,166.24032258064514,56.19741935483871,153.0,72.0,69.0,71.0,68.0,66.0,148.74137931034485,69.33333333333333,66.0,67.0,67.0
2018,12,5,65.2258064516129,166.24032258064514,56.19741935483871,153.0,67.0,72.0,69.0,67.0,68.0,153.0,67.66666666666667,66.5,64.0,63.0
2018,12,5,65.2258064516129,166.24032258064514,56.19741935483871,153.0,64.0,67.0,72.0,63.0,67.0,153.0,66.33333333333333,68.5,68.0,63.0
2018,12,5,65.2258064516129,166.24032258064514,56.19741935483871,153.0,68.0,64.0,67.0,63.0,63.0,153.0,65.0,67.16666666666667,63.0,56.0
2018,12,5,65.2258064516129,166.24032258064514,56.19741935483871,153.0,63.0,68.0,64.0,56.0,63.0,153.0,63.666666666666664,65.66666666666667,60.0,54.0
2018,12,5,65.2258064516129,166.24032258064514,56.19741935483871,153.0,60.0,63.0,68.0,54.0,56.0,153.0,59.666666666666664,63.0,56.0,50.0
2018,12,5,65.2258064516129,166.24032258064514,56.19741935483871,153.0,56.0,60.0,63.0,50.0,54.0,153.0,61.333333333333336,63.166666666666664,68.0,62.0
2018,12,5,65.2258064516129,166.24032258064514,56.19741935483871,153.0,68.0,56.0,60.0,62.0,50.0,153.0,64.33333333333333,64.0,69.0,66.0
2018,12,5,65.2258064516129,166.24032258064514,56.19741935483871,153.0,69.0,68.0,56.0,66.0,62.0,153.0,69.66666666666667,64.66666666666667,72.0,68.0
